conversation_id,company,conversation,summary
87ec474d85531392d2b2d10721e09e39,Ask_WellsFargo,"Customer: KTAR.com - Foreclosures still big problem in Valley: http://www.ktar.com/?nid=6&sid=1263891 via @41702
Customer: @41702 Wells Fargo customer care is customer crime! Disposing fragile elderly people like us due to Fake Modification
Support: I'm sorry you feel this way about us, Nadia. Pls send your phone # in a DM (no acct #). I'll connect you w/ a specialist. ^CC",
d3e05396cf9c037c671a5bd0c7afeab2,CarlsJr,"Customer: Do you know if Carl's Jr serves lunch all day? Or after 1030?
Support: We serve lunch all day!
Customer: @665443 Ok, it’s 9:55 AM and I’m heading there, now. Free wi-fi for those that still need to contact loved ones ..",
2e9690b9d2047163fef9f29560eb75eb,JetBlue,"Customer: I really need @VirginAmerica or @JetBlue to have a sale so I can book my airfare to LA. Hint, hint :)
Support: Check our best deals at http://bit.ly/jbdeals
and sign up for fare alerts: http://bit.ly/JBFareAlerts
Customer: @747941 How do you sign up.  It won’t let me link it
Support: Hey Tina! Sign up for what?",
df56fa2959c517d1e5b0f7dd55e7273c,AskPlayStation,Support: Welcome to @AskPlayStation. We're here to provide useful support to maximize your @117014 capabilities & experiences. Follow us!,
85616a77629e2b186287530190875d9f,Ask_Spectrum,"Customer: #Austin area customers... Services seem to be slowly returning. Techs still working to restore service. ^PS
Customer: Way to go, Spectrum. 

Not since AT&amp;T have we unejoyed ultra-worse internet service. 

https://t.co/yl5YiP0xAy
Support: If there is something specific I can assist you with please feel free to send me your phone or account number in ... https://t.co/8fSSUvFRDZ",
8f27d7669a0b25a4b422ccc6257c192b,idea_cares,"Customer: Email id of TRAI Public Grievance Cell 4any #MNP complaint __email__ __email__ __email__ #india http://bit.ly/dEJk7K
Customer: I have recently done mnp to jio but m facing issue with netwrk and internet into my area i wish to port back to my previous operator. 
SR00000EMJ7D is my complaint id.
Customer: Sincere apologies for the delay. We are working on this SR number: SR00000EMJ7D on priority. We will(1/2)
Customer: M not satisfied with the services of yours nd want to get back to my previous netwrk i.e Idea
Seek resolution @120602 @idea_cares @116590
Support: We would love to have you in Idea family. DM us your contact,pinocde details so we will get in touch with you. Rgds,Pradnya https://t.co/LBfZgLCSfr",
4e0e208c5082319d1a5833b02ac98a63,TfL,"Support: Lost property on TfL network reaches record numbers http://tinyurl.com/3k5p72g #lostpropertyoffice
Customer: Lost a Vivienne Westwood shopping bag today at 3pm in black cab. It was a birthday present please help!!!! #lostpropertyoffice
Customer: @TfL @TfL Lost a round black DJ headphone case containing headphones &amp;2 keys usb tonight at 4am in black cab. Please help!!!! #lostpropertyoffice
Support: Please log this with our Lost Property team here https://t.co/cj7tToKBfg
You'll be contacted if handed in. Hope it gets found.",
c2f53c1a1602652671754bcc3afcb737,AmericanAir,"Customer: Do you have a number to call you and check the flight status?
Support: Text ""FLYAA"" (35922) with your flight number to get instant flight info!
Customer: @28752 Status of today’s Flight #5164??
Support: We're showing AA5164 from Charlotte to Birmingham is on time this afternoon. Please sign up for any updates: https://t.co/h88H9iXqqT.",
c507905e09cc95a492aa7bf52ea2d532,Safaricom_Care,"Customer: Please find assistance from the official Safaricom customer care twitter account @Safaricom_Care
Customer: @Safaricom_Care hi,my name is Anthony mungai 0705254974,my Mpesa is not working please help.
Support: Hi Anthony, our apologies for the delayed response. Kindly clarify on the challenge for assistance. ^AO",
01386bd6d8e091c2ab4c7c7de644d37b,,"Customer: Lost your booking number? No worries, just drop me the passenger's name, flight details and email. I'll trace it and email u in no time :)",
288d4df07c370b5764d6688d82796296,AmazonHelp,"Customer: Si quieres cambiar cualquier detalle de tu pedido, puedes hacerlo desde ""Mi cuenta"" y ya entrar en pedidos, pagos, etc.
Customer: Como se puede solicitar que no me haga entregas, tourline simpre que me envian algo con ellos tengo problemas, no llega a tiempo y mienten diciendo que no habia nadie en el domicilio, cuando es mentira.
Support: Hola Pendri, puedes comunicarte con nuestros compañeros de Servicio al Cliente para que ellos puedan levantar una reclamación a tu nombre con respecto a lo sucedido. Para hacerlo sigue el enlace a continuación: https://t.co/OjvUxwnzPe. ^RC",
d1c4e295fa7729efedc029e3713083ea,Ask_WellsFargo,"Customer: Catch #WellsFargo 's CFO, Tim Sloan, on @121927 at 3:15 pm ET as he discusses financial results with @822888 on @456692.
Customer: @121927 @822888 @456692 Srs. Wells Fargo
I have 39 month waitting for an answer for my checking account fraud an way 2 save reported the same day the email notice  of insufficient funds, I immediately contact the security department, to formulate the claim  and no one has deigned to contact me.
Support: Ani, I'm sorry for the experience. Please allow me to look into this for you in more detail. Send us a DM with your full name, phone number, and address. For security reasons, do not share any account or claim numbers in your message. Thanks. ^CS https://t.co/q1oBDuYAdh",
fca04ff14c60e4d1c8ccc580900272fd,AmazonHelp,"Customer: Para nuestro servicio de atención al cliente: http://t.co/K9zglZw4 Y haced clic en ""Contacto"", a la derecha de la pantalla
Customer: Si un pedido tiene entrega garantizada para una fecha y justo cuando llega el día te avisan de que se retrasa como se reclama
Customer: Al final no te dan solución
Support: Hola, lamentamos esto. Puedes contactar a nuestro SAC para que se verifique lo ocurrido: https://t.co/OjvUxwnzPe ^AV
Support: Hola Alfredo, sin compartir información sensible de tu cuenta como números de pedido, puedes indicarnos ¿cómo podemos ayudarte? ^MZ
Customer: Tengo abiertas reclamaciones y no me dais respuesta.
Support: ¿Podrías comentarnos más sobre lo que ha ocurrido sin publicar detalles de tu cuenta? ^DA",
7d5ba8072b393f18b4e3d595da223a54,sprintcare,"Customer: I can not make any calls whats the problem #sprint #4G @115714 please let me out of my contact
Support: what's your zip code?
Customer: 00693
Support: Hello! Please, follow us and DM us so that we can further assist you if any concerns. -IG https://t.co/rMApsV8PQY
Support: Aixa Alvarez - Hello! Please, follow us and DM us so that we can further assist you if any concerns.
 https://t.co/t98FVGqxwu… -IG https://t.co/rMApsV8PQY",
734d18dc4c36c514678bc0daeeca7c3a,Ask_Spectrum,"Customer: Dallas area outage has been resolved. Customers should now see restored service. We apologize for the inconvenience. ^PS
Customer: Outage in 75035
Support: I can look into this further. Please follow/DM your account number as well as the full service address associated with the account. ^SS",
69859492cb58a993fa0c5fe9b8248381,VirginTrains,"Customer: booking virgin train tickets = nightmare, wont let me empty the basket and start again. Have to wait 2 hrs for basket to reset?! WTF
Support: There is a remove button at the bottom of the journey. Click that and your basket will empty. ^SB
Customer: @702362 You need to please sort this out Virgin Trains.  I've just wasted 20 minutes trying to work this out. Had the same problem before too.
Support: @702362 Click in the basket, top right, scroll to the bottom and click X. it will remove them. ^PA
Customer: @702362 Thanks. Incredibly non-intuitive. I'm clearly far from alone in struggling (for ages) to find it.
Support: @702362 I will get this fed back for you. ^PA
Customer: @702361 @702362 Same problem. V fustrating.",
84ce341500b95857db47c98be72ee19c,British_Airways,"Customer: giving me a hard time:( New UK Law on upgrading flights booked by agents, harsher than before CC: @232745 @244996
Customer: the implication would be that the British Government is trying to put agents out of business. Really? @244996 @244997
Support: Hi you would need to speak with our trade supprt team on 0906 706 0010.
Customer: @232745 Is there an alternative number to call aside from 0906 706 0010? We've been calling this number more than 10 times today and we are unable to get through.....",
e888c2c282744c577ca18a3cd123945b,DropboxSupport,"Customer: Get extra space for spreading the @118189 love with a tweet! Check out http://t.co/RMeYwfUL
Customer: Using my @118189 all the time
Customer: Dropbox is one of my favorite tools for studying ^w^
Support: 💙
Support: 📑💙",
e4e13e37c04f02a5b6010bc4b596ac18,ChaseSupport,"Customer: 866-582-7130 is a scam number that purports to be Chase Credit Card Fraud. Do not call. Do not give info to #thief 8665827130. @ChaseSupport
Customer: @ChaseSupport Just got another voice mail requesting I call the same #.  Surprised Chase hasn't taken action in the last 3-1/2 years #Sloppy
Support: We appreciate you bringing this to our attention. We suggest you forward the number to __email__ for review. ^CM",
c6cbffc64b287d060d68ae052a28b063,TwitterSupport,"Customer: Note: The Twitter account @95609 is *not* Julian Assange.
Customer: @95609 ⚠️ Help @TwitterSupport ⤴️⤴️
Support: Hi, thanks for getting in touch. Please send us a message and we'll get started working through this. https://t.co/eXwzpNPj8C",
88d8ca340d7d58603205e69228ca66f1,O2,"Support: There’s a problem affecting some customers’ mobile service. Engineers are working to restore full service asap. http://t.co/x1vjMP3a
Customer: with tu go closing what can we use if no 3g signal at home. Phone 4g enabled but no signal or 3g.CW4 postcode. Jodrell Bank kicks out signal
Support: Hi there, TU go is ending but we'll still be offering Wifi &amp; 4G calling - https://t.co/Y8R3nwSDhB
Customer: that is not much good when I don't get a mobile phone signal at home. Not even 3g let alone 4G.
Support: The general CW4 area looks fine. How long have you been having issues for? DM ✉ us the full postcode: https://t.co/Xe5i4kfJ97",
177708352966b41f6d31ede5158b2f33,NikeSupport,"Customer: if I know my (old) username for Nike+ how can I find which email account it's linked up to?
Support: If you provide us with your Nike+ screen name (case sensitive) we can supply you with the email that 's linked to your account.
Customer: thanks, screen name: stu_vaz
Support: The email address used for this account is __email__. Let us know if you have any further questions.
Customer: Thanks I'm in. But I'm not seeing any recent uploaded workouts? The nike+ connect utility (mac) is saying they're successful
Support: Do you have another Nike+ account? If you have another screen name or email we can check and see if the runs are there.
Customer: the device says stu_vaz is the user so should be ok? Is there a way just to resync with a new account? I'll just start again!
Support: Merging Nike+ accounts isn't an option as of now. Are you missing a majority of your runs?
Customer: Is merging accounts an option now...? I have a vast majority of my runs on a different account than I now use.
Support: This feature is not available in NRC or NikePlus. However, we have passed your feedback to our team.",
29b1901dcfe9864511f0851262235957,AirAsiaSupport,"Customer: pls change gender from male to female. booking QF4KRH. customer name "" FATIMAH."" TQ
Customer: Hi,kindly drop a tweet to our Customer Care team at @115798 with details for further assistance.
Customer: @242871 @115798 hi AirAsia, can i just change the gender of my booking into Ms. instead of Mr. ?
Customer: @242871 @115798 Good morning! Can you help me? i would like to change the title of my uncle's plane ticket to Mr. instead of Ms. please help. Booking # RRU4MH. Thank you.
Customer: @242871 @115798 I would to change my title from mr pan jiamin to ms pan jiamin and the booking number is HH49TI....tqvm
Customer: @242871 @115798 hi, our team at @AirAsiaSupport will be able to assist you on this. Just drop them a tweet. Thank you.
Customer: @242871 @115798 hi, our team at @AirAsiaSupport will be able to amend this for you. Just drop them a tweet. Thank you.
Support: We’ve amend accordingly. Please check your mailbox for the revised itinerary. Thanks-Sha
Customer: @242871 @115798 @AirAsiaSupport Okay thanks",
74cc1254746321fd09693b545a9e1498,AskCiti,"Customer: What is the cost for notary public services for Citi members?
Support: Thank you for the inquiry. There would be a fee of $10.00 for each signature, depending on the type of notary requested. 1/2
Customer: @313045 Really @askciti ? Becasue I just got back from Bryant Park branch where they told me you only notarize you own bank documents.
Customer: @313045 I am long time customer but I really think it's time for change. Citi gets worse every year.
Support: (1/2)I certainly understand the frustration.
Support: (2/2) If you would like to speak to someone by phone to hear ur concerns pls confirm ur acct type (No Acc#'s/PINs). TY*TW https://t.co/gvC4jAOA9c
Customer: No thanks, I wasted enough time going to your branch. Don't need waste more time to listen to standard BS.",
bed22c4157d28b794b63eaa9388610d6,TMobileHelp,"Customer: My phone has been sucking major balls lately! #UnsatisfiedTMobileCustomer &lt;&lt; What's new?
Customer: Sista, you not the only one. #unsatisfiedtmobilecustomer @115911 won't help you. If I were you, I'd go to another company. I am.
Support: I'll meet you in DM. *FeliciaPorter",
f66f3411311a6c877dfdf5b5332a308a,VirginTrains,"Support: Good Morning all. Stephen ^SW, Richard ^RM &amp; Luke ^LF here to today to answer your tweets until 20:00. Hope your day is going well so far!
Customer: problem yesterday but have now found my seat res in the app. what is this about activation of ticket, when do i do this
Support: If  you have an M-ticket you need to activate it just before travel. ^SW
Customer: I can see the ticket on my device but the app crashes every time I try to access.
Support: When are you travelling, Graham? ^MM",
645b3bad9d403e399b1f6bd3283a6598,GoDaddyHelp,"Customer: Status Alert: Hey, all. We're aware of the trouble people are having with our site. We're working on it.
Customer: can't access my webpage for editing please help
Customer: when u will solve this problem
Customer: Domains not working as of 11/5/17 at 11:30 am
Customer: everytime my domain goes down @100127.com, please rectify it ASAP. Im loosing clients
Support: Hi Steven. What is the website you're trying to edit and what happens when you try to access it? Can you provide screenshots?^W https://t.co/rYq25s2Pfj
Support: The tweet you are replying to is from 2012, and this issue has since been resolved. ^G
Support: Which domain are you having trouble with? That status you're commenting on was resolved some time ago. ^CG
Support: I'm sorry to hear. Looks to be up now. Reach out to live support next time it's down to troubleshoot: https://t.co/YvXd61Bs6D ^H",
f6ebea9c4dba67d93d15a0d3d1252482,AskCiti,"Support: Great to hear! #custserv PRT: @172728 ... Love the service of #Citi. ""No need to visit branch"" :-)
Customer: @172728 I just changed my name.  How do I change the name on my account?  There are no citibank branches where I live.
Support: Thanks for the tweet. What type of account do you have? (checking, savings, credit card, mortgage, etc)
Customer: checking
Support: You can contact us at 1-800-274-6660 and we can send out a packet for you to fill out in order to change your name.
Customer: will do, thanks
Support: You can send the request to: Citibank Service Center 
c/o Branch and Client Services 
100 Citibank Drive San Antonio, TX 78245
Customer: @172726 buenas tardes cta de cheque no 9138858448 hace un mes mande una carta pidiendo reactivar mi cuenta. por favor denme respuesta gracias
Support: Hello. We haven't received a reply so we will consider this issue resolved. If u need further assistance, pls let us know.  ^JJ
Support: We'd like to see how we can help. Pls click to DM acct type &amp; country. Also ask that u delete ur posted acct#. Thx. ^RS https://t.co/gvC4jAOA9c
Support: Emy,  let us know if you still need help. Please provide the previously requested info only. Kind Regards, ^SJ https://t.co/gvC4jAOA9c",
8de78a7672f8a463ec4a8e14052e156e,ChipotleTweets,"Customer: I just moved from Cleveland, Oh to Newnan, Ga and there's no chipotle here. Do you think we can do something about this?
Support: Hmm, no plans for Newnan yet, but I hope we get there someday! - Joe
Customer: @204348 Decided to Google to see if there were any plans for Chipotle in Newnan.. *le sigh*
Customer: @204348 Newnan &amp; Peachtree City would be excellent locations because the population has very high income. Im surprise there isn't one in the area.
Customer: @ChipotleTweets Tell me about it. 5 years later and still nothing 😕",
84d2f5b6421b834e17b284f44297f89c,Ask_WellsFargo,"Customer: We apologize to customers who may be experiencing limited access to @116827.com &amp; online banking. We are working to quickly…
Customer: Bill Pay isn't working.  When will it be up?
Customer: account charged for atm withdrawal but no money received... frustrating
Customer: When will online banking be up and running again ? @116827
Customer: your site is still down.  Thanks for having a twitter account so I can complain and share my frustration while feeling heard
Customer: Text banking has not working for me for over 24 hours.  What's going on?  No idea how to fix
Customer: you guys suck
Customer: Your not working fast enough
Customer: i haven't been able to login for like a week. tried computer browser, phone browser, phone app, even my friends phone app. all ""unavailable""
Customer: Is your system still down? I've been trying to logon since Monday and have not been able to. I thought it was because I just reactivated
Support: We apologize for any inconvenience this may have caused. According to my records, this issue has been resolved. If you are still experiencing problems, pls send a DM with your full name, phone number, and address so we can look into it for you (no acct #). Thanks. ^CL https://t.co/q1oBDuYAdh
Support: Please report this immediately to us by calling 1-800-869-3557. Our specialists are available 24 hours a day, 7 days a week. If you need further support, DM us with the exact address of the ATM you mentioned and more details about this (no account numbers). ^LC https://t.co/q1oBDuYAdh
Support: Try clearing cache &amp; cookies, or use another browser. Hope this works. For more info, visit https://t.co/TzAavW4eTO. Thx. ^MH
Support: We’re not seeing widespread impact but some customers may still have intermittent access. We are working to resolve. ^SP
Support: I can look into your text banking concern, Kris. DM us with your full name, phone number, and address (no account number). ^RG https://t.co/q1oBDuYAdh
Support: What happened? Pls tell me and I'll look into your concern (no acct #). Thanks. ^RP https://t.co/q1oBDuYAdh
Support: Visit https://t.co/Y4XdLds1ff for tips to help you log off the app. If that doesn't work, call us at 1-800-956-4442. ^CL
Support: Please try closing the app &amp; restarting the device. For immediate help, pls call 1-800-956-4442 to speak to a banker...
Support: ...If you'd prefer to have us research the issue, send us a DM with your full name, phone number, &amp; address (no acct #). Thx. ^CS https://t.co/q1oBDuYAdh
Support: Hello, have you tried to clear your cache/cookies or using another browser? Let us know if you still need help. Thanks. ^KJ
Customer: @531929 If this is not resolved by tomorrow or late tonight I'm fuckin done doing business with wells Fargo
Customer: Please fix this annoying problem
Customer: Fuck wells Fargo take your sweet fuckin time
Customer: This application is ridiculous fix this problem what good is your damn banking app if you can't fix the problem
Customer: I have no choice but to keep complaining here on your wells Fargo social media on Twitter till you fix damn issue
Customer: People are tired of this shit
Customer: You need to fix problem
Support: I just replied to your DM, Michael. Please review it at your earliest convenience. ^DQ
Customer: Your mobile fuckin app is a piece of fuckin shit
Customer: Fuck wells Fargo
Customer: I can't deal with your bank anymore I'm lookin to leave wells Fargo your customer service skills suck
Customer: And I'll get the service I deserve elsewhere
Customer: Stop wasting my time and other people's time
Customer: And your going to tell me it could take 24 to 48 hours for someone to get back to me fuck that shit to if I have to go to another bank I'll post everything online about your bank
Customer: Thanks for wasting my time
Customer: I'm going to close my account as well
Customer: I'll just take this stupid fuckin application off my device you people or should I say your engineering team are lame",
4bed81e930c38ef3e7b5b525aab7bc77,AirAsiaSupport,"Customer: Dear @115802, this keep happening eventhough I've clear all cache. How I'm supposed to do? http://t.co/BjTMSef5
Customer: Hi, kindly leave all the travel document details in Guest Details page empty to proceed your booking.
Customer: @561405 Hello, can I get my travel document I mn tax I voice
Customer: @561405 I mn tax invoice
Customer: @561405 What is airasia's customer care number
Support: Hi Tankeswar, click https://t.co/njJjKCd6SV for our contact centers. How may we assist you though? -Floi
Customer: India customer care says wroung
Customer: My booking number is PSF55B, FLIGHT- I5784, please mail me my tax invoice, I m waiting....
Customer: Travel date 05 Oct 17, from guwahati to Delhi
Support: Hi Tankeswar, You may click here : https://t.co/fpPdOyRHeI to retrieve the Tax Invoice for your flight. Thanks - Khairul
Customer: Link u provide is asked booking confirmation number where I get this??
Customer: I m asking for travel itinerary from last 10 days but not succeed, is it so difficult??
Customer: Toll free not working, live chat q is too long to wait, what should I hv to do for this
Support: Hi Tankeswar, if you need the itinerary, we've resent it so please check your mailbox/Spam. Thanks. -Floi",
0a66001adbcd88901c7f440eca23fa36,idea_cares,"Customer: Kumar Mangalam Birla: A Man For All Seasons. Read more: http://t.co/J6TVfdK0 #leader (via @87639)
Customer: feel some shame and return my money back looters
Customer: @118471 What happened?
Customer: @118471 since last one moth internet voice call services r down &amp; pathetic idea only gives complaint no's nothing else
Support: Apologies for the trouble. We understand how frustrating this can be. As per your concern 1-147447571074 your data services are working fine from our end, kindly observe the services for few days.
Regards,
Darshan.
Customer: who said my data services are working you insane idea. My incoming outgoing has also stopped. You liers and looters",
05168fbc92c81e44de9f703f7893cfc5,SW_Help,"Customer: I didn't think you could drink alcohol on @3975 - man on carriage just cracked open a can!
Support: The alcohol ban doesn't apply to National Rail services. Only Transport for London.
Customer: @109416 Is this still the case?
Support: @109416 Hi Matt, yes it is. ^NM
Customer: @793781 @109416 Good to hear 💯👌 https://t.co/Tt5GfrWSRP",
d348eb1ab24cea114f7a4926e7977185,VirginTrains,"Support: Why not try a First Class Upgrade today? As low as £10 one-way. Give the big blue seats a whirl; upgrade on board! http://t.co/gDOJy5Tx ^PXL
Customer: How much does a 1st class upgrade from London Euston to Manchester Piccadilly cost",
1121500c5714eb5f7c71c0d08e0529b6,Delta,"Customer: I wish you made it more pleasant to check into a full flight. It's stressful enough. #deltaairlines
Support: Hi Christine, we sincerely appreciate you providing your feedback. I will definitely forward this on for review. Thanks for tweeting,  *TLT",
ae46201afa587a4feff2566cd50d436d,Delta,"Customer: Thanks for the birthday present @delta !  Nothing beats a surprise 1st class upgrade as I board a 6am flight ! http://t.co/kiOKucYT
Support: Welcome aboard! Thanks for flying Delta.  *AJR",
72ad7b59ebad79632e92d2d41fb12f30,VirginTrains,"Customer: still stuck with 90p a bag of plain crisps for meals. Come on VT stop excluding vegans! We can't always carry lunch boxes!
Support: Hi LittleBlueHenSoap, what vegan produce do you think we need the most? and is this in First Class or the Shop? ^AM
Customer: So the original message is from 2012! Here I am on a virgin train 5 years later and STILL  nothing vegan! #vegan #virginsuck
Support: Which service are you on? We do offer Vegan options. ^PA
Customer: 1st class from London Euston to Birmingham.... offered veggie option which is egg
Support: At the weekend they not have all the options as it is a reduced service.^PA
Customer: That's ok.... I'll only be vegan during weekdays then....says no vegan ever
Support: I'm sorry for that, I'll pass on your feedback. ^PA",
dc682dc3f5f8964f474cad70d365af11,UPSHelp,"Customer: do you not accept the Apple 'pre-sign for delivery' form?? Your guy won't leave pkg without a live person... we have jobs!
Support: Hmm. They should leave it if you have the pre-sign form from Apple. Email tracking info to __email__. ^LK @115817
Customer: @475986 @115817 Same for me! @115817 didn’t leave it! Why do I know more than the UPS drivers and your agents? @AppleSupport Stop using UPS
Customer: @115817 You need to talk to your people. Every person I’ve talked to has no idea they could leave it with that pre-sign form from @AppleSupport",
22e47a2523bf78ddf0427add93f6030c,airtel_care,"Customer: pls I ve been barred from recharging my fone
Customer: Apologies. Kindly check now. Line should be ok. Try recharging again and revert with observation and response.
Customer: I tried loading wit d *126*pin# but it keeps telling me invalid activation no
Customer: Error is from the recharge pin. Kindly provide us with your mobile number, serial number or the recharge card and the pin.
Customer: Please I've being trying to recharge my line and it keeps saying invalid activation number
Support: Hello @507909, kindly provide the recharge card details along side mobile number via DM. Thank you. ^ID",
059300f610af8e0d28a7ade9fa602559,VirginAtlantic,"Customer: Hey @VirginAtlantic can you take a travel cot for free or is it a part of your baggage allowance? Thanks!
Support: You can take a pushchair or car seat as part of an infants baggage allowance but not a travel cot - http://t.co/gJvQtoOS
Customer: how much is it to take a travel cot on a flight? Thanks
Support: Our excess baggage charges can be found here: https://t.co/HcUZGSd4NX ^B
Customer: so if I don't take a car seat but wanted to take a travel cot you would charge me £60?! Really?? Easyjet offer for free?
Support: I'm sorry for the disappointment, but we can only offer car seats and pushchairs free of charge ^B
Customer: so my 3yr old can take golf clubs for free but not sleep in a travel cot?! https://t.co/EeAA997lMI
Customer: @VirginAtlantic @VirginAtlantic any changes in this? is travel cot still not considered a need for small kids? thank you
Customer: @VirginAtlantic Nope!!!!",
04bc86897c20bd54c15ec41cab2c2638,JetBlue,"Customer: Can't log into the iPhone app.  Is this a known issue?
Customer: @JetBlue it's now 11-17-17 and this is still a problem??",
8c3c475fbdc591564d5ffba5fec73273,sprintcare,"Customer: I know @115714 better tweet me back with a solutions as to why my text are being sent as email and not my number
Support: does it say @5911.com? U may have the text messaging gateway activated. –DMG
Customer: @5911 KUDOS to Resolution Supv JJ! You made my day ✨✨ w/your professionalism! You are an asset to Sprint. 🙂👍🏼",
7e3d5668768124ec82f8795927ee448e,AirAsiaSupport,"Customer: Hi! My first name and last name are the wrong way around on my ticket ref FCI5QN. The spellings are all correct. Is this a problem?
Customer: Hi, no worries on the name sequence as long as the spelling is correct.
Customer: @561068 @115802 Hi, Our first name and Last name are wrong on booking number XDZJHI, how to change to correct one?
Support: Hi Jessy ,Seems like you have came to Chat for the request.The case is under processing.May check your email in a few hours.-Emir
Customer: Yes, thanks.",
d8422e7a6cf2d9fe5d7aabe514ac4cf7,AldiUK,"Support: Which discontinued Aldi products do you want to make a comeback? Tweet: I’m nuts about Aldi, bring back your.....
Customer: Potatoe scones! Also have you discontinued Bon appetite potatoe au gratin - fingers crossed it was just out of stock??
Support: Hi Claire, please send us a DM or call 0800 042 0800 to find out about local stock levels for our Potato au Gratin. Thanks.",
d8098203ee3f7bef900846ddaa3ee6bf,GWRHelp,"Customer: I'm renewing an annual season ticket. Who shall I write the cheque to?
Support: Cheques must be made payable to First Great Western Ltd. Company cheques can be accepted as payment for annual season tickets.
Customer: Hi do you take company cheques for payment for staff travel?
Support: Hi there. We take company cheques as payment for season tickets but not for individual tickets - Josh
Customer: Ok do you offer a business credit account at all?
Support: For all information business travel please visit https://t.co/cDl9Dk1OZx - Josh",
62c4459b0b88ec8556116510e315f419,Safaricom_Care,"Customer: Can you please assist with skiza tune unsubscription details @Safaricom_Care @119309
Support: Hi, to delete skiza kindly send an SMS to 811 in the format Delete &lt;skiza code&gt; at a cost of 1 kshs, to know song codes in Cont
Customer: @ how do I know the Skiza code? My son was playing with her mum 4n n seem he accepted the Skiza tune while calling a friend
Customer: Hello, kindly advise if it is possible to SET a SKIZATUNE to a GROUP of callers through SMS requests to 811. 

@Safaricom_Care @497004
Support: Hi, it is possible.SMS SET RBT code phone number (without initial zero)e.g SET 7010001 722***** 723****** to 811 at ksh1 ^MM
Customer: Thanks alot. I have multiple SKIZA songs. What SMS commands can I use to set a specific song as the default.
Support: By sending SMS with the word DEFAULT to 811(1shs per SMS). All Skiza tunes are set default to all callers once downloaded.^MM
Customer: If I send an SMS with DEAULT to 811, all the SKIZA tunes are set to default to all callers. They will play randomly
Support: True.^JM
Customer: @ how do I know the Skiza code? I have tried to unsubscribe not working.
Support: Dial *811# &gt; skiza&gt;more&gt; delete tunes, or share your number via DM for assistance.^BD
Customer: thank for the response. I sorted it out .
Support: We're glad, have a good day. ^MA",
0a9a2a5f46cd144e2798d73c8abf2cb3,BofA_Help,"Customer: When I get home I'm taking my ass to bed, fuck sleep Bank of America has gotten on my LAST nerve today
Customer: Hi, Is your problem solved? Really Tired of Bank of America
Support: Call Support at 800.933.6262 for additional help. ^ma
Customer: @333136 I forgot my online id and password and i don't have an ssn please help ASAP",
849b5e516578ca84738418782ff14a87,UPSHelp,"Customer: I ordered hypnosis crystals from eBay a couple weeks ago..they just got here and it was a bag of regular rocks..the UPS man is locked up now
Support: Is there anything we can help you with? Feel free to email further details to __email__ so we can follow up. ^LK @115817
Customer: @115817 your man is locked in a basement. If you expect to get him out, deliver 35 high quality hypnosis crystals to Snake Mountain.
Customer: @UPSHelp @115817 😂 😂 😂 😂",
34910b5b9d513b37c852015018efc4bb,AskCiti,"Customer: The @117157 Virtual Visa Gift Card website sure looks simple, but using it made me realize it's just a convoluted piece of junk. #Embarrassing
Support: Sorry for any issues with the website. Did you need help? Thanks! ^JG
Customer: Error message ""invalid routing number"" actually means ""transfer failed because our system can't handle &gt;1 transfer to same account""
Customer: I did, six and a half months ago when I tweeted that... Now it seems like Citi actually needs the help
Customer: @AskCiti yooo thank you i had this same problem.... ridiculous how it says invalid routing number instead",
aa51e80320087cf0b2274bbe04a8c999,VerizonSupport,"Support: Try disconnecting/reconnecting coax connections to the router and power cycling it? Then run test again on hardwired device. ^SEM
Customer: It seems that the fix requires having Verizon Tech Support reprovision my Verizon router and reset the ONT.
Support: Have you tried to reset your ONT?
^NHP
Customer: Doesn’t resolve permanently.About this I was on the phone w/Verizon tech had D/L 20mb+, but U/L 78mb+/-. After they reset connection the U/L &amp; D/L went to 50mb+ and this was over WiFi. Not equipment on my side, it’s on Verizon side that this eventually happens. Not happy
Support: Hi Sonny, what did you do to reset the connection?
^FEM
Customer: Spoke Verizon tech they walked me through the same old steps. First said it could be inaccurate due to testing over WiFi. Tested at the time was in the 20mb+ for D/L &amp; U/L, after a few more time it went to D/L 20mb+, but U/L 78mb+/-. They eventually reset connection.
Support: Sonny, Are you able to post your results wired and wireless using the link below? Remove all smart home agents, cordless phones or baby monitors you may have near your router. ^NHP
https://t.co/wD1R2dhcpx
Customer: Back to normal for now. This will eventually happen again, but it shouldn’t.
Customer: Yeah I can do that after I get back home from my church meeting. But currently iirc the wired speeds are not a problem. When it does happens it’s resolved by your side resetting the connection aka re-provisioning my router or resetting the ONT by powering down.
Customer: As an ex-IT tech myself I do the troubleshooting first and then when needed and have time I call Verizon tech. You have already replaced the ONT once, the Router several times. Come back to troubleshoot several times and one time had to reseat the O-ring in the ONT.
Support: You can reset your ONT without reaching out to us. Hold down the Alarm Silence or The ONT Reset button, depending on which unit you have for 15 seconds. 
^TXA
Customer: After so many routers and already an ONT replacement it’s occurred with all those pieces of equipment intermittently every so often. The common denominator is on you end.
Customer: As I’ve said at this current time the speeds are within the margins as Verizon techs have mention of at least 75% of the purchased speed of 50mb/50mb
Support: Are you able to reset your ONT to see if that clears the problem?
^NHP
Customer: And I do that all the time when see the problem occur.
Support: Great! Let us know if you have any issues when you are able to check. 
^TXA",
d7a10cfd01c33d749f384a1d9a5f1f2c,idea_cares,"Customer: Himanshu Kapania, MD of Idea Cellular shares his views on the company's growth &amp; talks about #business prospects: http://t.co/cQcE3nYGk0
Customer: Hi...my name is Nilam n had the worst customer service in your store...disappointed n  never refer anyone idea now
Customer: I have a big problem with IDEA store in ANDHRA PRADESH (TELANAGANA) KINDLY SOLVE IT MY NO. 9642012555
Support: and DM us your number to assist you better.(2/2)

Rgds,Mohit https://t.co/LBfZgLCSfr
Support: We do apologise for the inconvenience caused to you,give us one more chance to solve your issue.Please elaborate your concern.1/2
Support: as per our recent telecon, we wish to affirm that ur concern has been discussed &amp; resolution has been communicated. Rgds, Paras
Customer: Call me and resolve my concerns
Customer: I have received call from Neha from idea n she promised me to call back....yet not receive any call back
Customer: 7202838136 is my number
Customer: My number is 7202838136....i have faced one of the worst customer service in my life
Customer: E-77,Titanuim City Centre , 100 FT Ring Road, Prahladnagar, Ahmedabad. 380015.this is the store where I have received worst customer service
Customer: Now I m cancelling n manager richa saying I have to pay 1 month rental advance...she admitted that they have provided wrong information
Customer: Let me are you guys resolving my concern and when
Customer: This is the worst service where still not received the call from your team
Customer: They sold me wrong plan n have not provided correct information that it is flat rental plan not provided this information earlier
Customer: It was very ridiculous, my complaint against you not yet resolved
Support: We established call to you, but the same was disconnected from other side. Kindly get back to us for any further assistance.
Support: Apologies for the trouble. We have noted your contact detail and concern. We'll get in touch with you.
Rgds,
Darshan.
Support: Please elaborate on your concern to assist you better.
Regards,
Komal. https://t.co/LBfZgLCSfr
Customer: I haven't received the call back which was promised by Neha...pls resolve n call me
Customer: Pls call me now on 7202838136
Customer: Pls call me to resolve my concern
Customer: I writes so many mails, But no useful 
My mobile no is 9642012555, kindly discuss and solve my problem what I have with you
Customer: @118341 one of your Idea franchisee cheated me by saying false , I discussed so many times with your people but no body responded
Support: As per recent telecon, we have forwarded your issue to concerned team &amp; you shall hear on the same soon.

Regards,
Richard.
Support: Sorry for the trouble caused.Request you to kindly elaborate your exact concern to assist better.
Rgds,
Darshan.
Support: We're awaiting for your response to resolve ur issue. Pls provide the same within next 24 hrs. Rgds, Idea Care",
2325addef64ca8cc751c4c887decac3a,McDonalds,"Customer: McDonald's grilled chicken mcwrap at 250 calories is both a dollar and pound bargain
Support: Thanks!
Customer: @456171 🗑",
1a252cff3c0fdebf1c30f181688ac8bc,,"Customer: Sorry for party rockin
Customer: Yo you used to not always be a mom huh?
Customer: I will literally always be a mom to you because I'm 10 yrs older, and you will always think that I was cool 10 yrs ago when I was your age
Customer: You were a cool 21 yr old for sure
Customer: Lol you were so grossed out when I turned 21, like you were upset about it and couldn't believe how old I was
Customer: I told u to wait until u were 21, and I would remind u that you felt that way, so you didn't think that when I was 31, but that didn't work
Customer: And I️ was right because still have yet to go party rockin together &amp; never will!!!! But if you keep having cute babies then it’s totally acceptable &amp; I’ll get over I️t
Customer: Dude your phone.
Customer: I️ am switching to google Samsung if you guys don’t get your fucking shit together with this I️ situation @115858 @AppleSupport @115858
Customer: @115858 @AppleSupport I was a cooler 21 year old than tweeting a threat to apple. Just sayin.
Customer: @115858 @AppleSupport ITS BEEN WEEKS. FIX IT.",
8a93111e62ed1ce3112275aaa931b303,CenturyLinkHelp,"Customer: CenturyLink is currently experiencing a service disruption. We are working to restore service and apologize for any inconvenience.
Customer: Thanks for the ""heads up"". Maybe y'all should get a system that allows people to get a text re: outages. Oh wait that makes too sense
Support: @116072 With an expected time of resolve of Oct 04, 2017 12:00 PM. -Kevin
Support: @116072 If you would like to be alerted when the outage has been resolved you may submit your information at https://t.co/1nB3Y1zpqZ -Kevin
Support: @116072 Good morning, Twitter will not allow us to respond to your DM.  I do show we have an outage that is being worked on right now. -Kevin
Support: HI, I hate to hear of any possible outage you are experiencing.  Please send me a DM with the account number and we will take a look. -Kevin
Customer: @116072 That sounds great!  Thank you so much.",
78d75a1197eac373cb4050ed4f6ae18d,TMobileHelp,"Customer: @TMobileHelp why no Google Wallet?
Support: We have chosen to work with ISIS and hope to roll that out to everyone very soon as we are currently testing it ^KM
Customer: @425201 Nice
Customer: @TMobileHelp @425201  https://t.co/jXL2LJTsW6",
a7e120b0e186c67b937601d6a56b0c1c,TMobileHelp,"Customer: according to @117159 either @115911 or @76329 is keeping google wallet from working on the note 2. Any timeframe?
Support: We're supporting ISIS, the wireless payment standard for mobile devices http://t.co/fpFmpL8KXA :) ^VS
Customer: @141350 i cANT RIGHT NOW
Customer: @141350 lmao
Customer: @141350 LOL ISIS
Customer: sucks that it is only available in 2 locations. No matter. I can always root and install the app of my choosing. Thx for reply
Customer: @741382 @141350 ISIS killed alot of my country men :-(
Support: Heyo! Let us know if there was anything we can do to help! Shoot us a DM! ^^ https://t.co/BWwhdX6pV9 *BrendanLee
Support: Hopefully with the success of ISIS it will expand in additional areas. ^JR
Customer: brendan you know exactly what im talking about
i literally can't right now duuuuuuuuuuuuude isis oh my goddd
Customer: https://t.co/hGcrWflDIx
Customer: @141350 wow T-Mobile supports terrorists but you won’t see the #FAKENEWS media talk about this huh?
Support: One of the million things I love about T-Mobile is how is done to help those in need. Supporting terrorist does not sound like something we would support. Let's chat in the DMs https://t.co/sBIVWm4w5u *EddieGough
Customer: stop hitting on me please, i’m not sexually attracted to you.",
6b8572ba59edf4449b1111fb81189d50,Safaricom_Care,"Support: ""Go confidently in the direction of your dreams, live the life you Imagined."" ~ Thoreau. Good Morning:-)
Customer: Kindly get to me ASAP i have a problem 0727238929
Support: Hi, give a brief of your issue we assist. ^RI
Customer: MPESA withdrawal from wrong agent
Support: Share the M-PESA transaction ID we reverse the transaction.^FO
Customer: LEU94PEY4N
Customer: I need some assistance on a different line urgently, kindly reach me at 0727238929
Support: We have been in touch. Have a lovely day. ^KL
Customer: i need some assistance ASAP get back 0727238929
Support: Hi, give a brief of the issue. ^NC",
41f77308cff5b6d0737e3e865b178a82,ChaseSupport,"Customer: Where can I fax/email the POA for my grandmothers Chase Credit card?
Support: You can fax the documents to Chase Card Services at 888-643-9628. ^SW
Customer: @260106 Hi, does this fax number 888-643-9628 currently still belongs to Chase?",
ca2458f5e903a052e60a30a6cadb867e,GloCare,"Support: Cross-section of crowd at the #PortHarcourt #GloSlideNBounceTour http://t.co/bduigGlpzi
Customer: Please, any Glo outlet in Amuwo Odofin for SIM upgrade to 4G network SIM
Support: None there. Closest would be Conoil Filling Station(LASU), Badagry Expressway, Lagos. Good evening. ^GM",
9df6df6ff27d58b8b3ff129eabf4a833,YahooCare,"Customer: Your password strength algoritm is buggy! If these R weak passwords, then what are  strong ones ? http://t.co/ekOaiAJUah
Customer: Have you tried another browser?
Customer: @139937 My messages aren't going through even when I post them through the website as a new topic... Is there a bug?
Customer: @139936 @139937 Same. Any solution?
Support: Sorry to hear you're having trouble with Yahoo Groups. Please DM us and let us know the best email address to reach you at for support.
Customer: @139936 @139937 Mine hasn't started working again yet... :-/
Customer: @139927 Many other people are having this exact problem right now. https://t.co/zBpgg9hdAp
Support: Sorry to hear you're having trouble with Yahoo Groups. Please DM us and let us know the group URL you're having trouble with, and the best email address to reach you at for support.
Support: Hi Lisa, I'm sorry if you were having trouble with Yahoo Groups. Can you please let me know if you're still seeing the same issue? Thank you.
Customer: @YahooCare Glad it's not just me! 😊 Hope they get it fixed soon!
Customer: Yes. Still no messages coming through... frustrating.
Customer: @139927 Okay messages finally starting to come in ... slowly but I'll take it 😀
Customer: @139927 Yahoo Groups not processing messages for four days now. Hundreds of people complaining. This needs to be escalated ASAP ... gone on too long.
Customer: @139927 Hundreds of people are reporting the same thing. Yahoo Groups emails have not been going through for four days.
Customer: @139927 I too am having problems with Groups &amp; were not the only ones...https://t.co/x4W1u8uf9D
Customer: @139927 We’re finally seeing emails and posts this evening in our group.
Customer: @139927 I haven't had a problem until today (December 1st). Guess the problem is not fixed...
Customer: @139927 I can't get on my yahoo group either  -feline hyperthyroid - what's wrong
Customer: @YahooCare I haven't gotten any yet.... Hope they show up soon...
Customer: @YahooCare We are too! Yay!!! 😊😄
Customer: @YahooCare @139927 Me neither - I can't see any of my groups after I log in, including the one I moderate. In all cases, there's a message ""Oops! Sorry, an error occurred while loading the content."" Chrome and Safari on Mac.
Customer: @YahooCare There is probably a big backlog in the queues. It will take time. I approved several and they processed as well.
Support: The issue should now be fixed.  Sorry for the delay.  Please let us know if this is not the case!",
3ec823c95c72550de76e1d73758a68c9,AldiUK,"Support: Off to University soon? We’ll be using #UniTip to help with the process. Share your tips with us and we may RT our faves!
Customer: is your new Zealand lamb halal?
Is your chicken halal?
Is your beef halal?
Support: We don't label products as Halal certified but continually review products and the possibility of introducing Halal certified meat
Customer: so am I correct in assuming that it is halal but just not labelled as such?
Support: All Aldi meat is pre-stunned and some of our meat products are sourced from abattoirs which employ Halal slaughter techniques
Support: alongside non-Halal slaughter techniques.
Customer: @266265 You might need to work on that if you don't want to lose custom.
Customer: @266265 Are all meat products labelled as such?
Customer: @266265 Giving them a miss then.
Customer: @266265 Will you clearly label Halal products?
Customer: then I will not be purchasing any unless it is clearly labelled.
#animalcruelty
Customer: @AldiUK they can shove it...
Label it and let me make an informed choice,
Until then its a no from me.
Support: @266265 Hi Sharon. We’d like to confirm that all Aldi meat is pre-stunned and we do not label any products as Halal certified.
Customer: @438482 @AldiUK Agreed. How is this acceptable when Halal slaughter is only permitted in Britain when meat is intended for Muslim consumption?
Customer: @AldiUK I agree, I would rather avoid it altogether than unknowingly support it, so I shan't shop at Aldi until it is clearly marked
Customer: @266264 @266265 She’s a ‘kipper with an agenda, doubt she’s really bothered about the animal treatment probably just a anti Muslim rant......
Customer: @438482 @AldiUK @AldiUK Please respond.
Customer: @AldiUK @266265 actually I'm concerned about non stun slaughter which is NOT just Halal but also Kosher
Customer: @AldiUK @266265 I oppose whale hunting, deforestation for palm oil, drive hunts, Chinese medicines use of bear bile, snake parts, tiger parts etc I oppose shark slaughter for their fins, I oppose the Yulin festival of cruelty, I donate to RSPCA &amp; SSPCA &amp; Dogs trust
Customer: @AldiUK @266265 just because I think the EU is run in the interests of corporations &amp; not it's people &amp; I think ALL Europes people would be better off out of EU doesn't make me anti Islamic ... I'm ANTI EU .... as for animal welfare ask Abe Shinzo how bothered about his nations drive hunting
Support: @266265 @438482 Hi Ann. We’d like to confirm that all Aldi meat is pre-stunned and we do not label any products as Halal certified.
Customer: @438484 @438481 @266265 @438482 Can you confirm that all stunning carried out is *irreversible* ?
Customer: @438481 @266265 @438482 Can you clarify if that means the meat is or is NOT Halal certified. It's a simple question. I look forward to your response.
Customer: @438481 @266265 @438482 So your meat/products are halal or halal certified but not labelled ? 96% non Muslims being missold then @1133 ?are we discriminated
Customer: @438481 @266265 No it's not!!! U use halal slaughter
Customer: @AldiUK @266265 @AldiUK Please stop ignoring our repeated requests for clarification. Do you use halal slaughter? Don't deflect by talking about labelling.
Customer: @AldiUK @266265 @AldiUK yes or no? It's a simple question.",
0dd295bc72c76946cd3a46708a5fde69,AmericanAir,"Customer: Personally @97121 I think @AmericanAir needs a dance floor, a disco ball, a cocktail bar with vintage cocktail waitresses, and... hmm
Support: That sounds like fun, Sunita! We can all wear disco fashion.
Customer: @713819 https://t.co/alpLtQ6LK7 Could you play this the next time @97048 flies with us? 😂",
4034a3e128c0a827ca9fcccb7945da68,TMobileHelp,"Customer: Blocking Google Wallet for ISIS is unfair comptetition and not net neutral.
Support: We support ISIS because it is an industry standard and more secure. ^JP
Customer: @338329 Best tweet
Customer: You're the only ones making the claim ISIS is a standard. How about letting the public decide.
Customer: @TMobileHelp Just found this tweet going back in history. Curious about how you feel about the current threat to net neutrality?",
156a0ff31a18308439d087b50c7540bf,MicrosoftHelps,"Customer: So many spam wordpress signups from @123196.com addresses...
Support: We'd like to help. Do you mind clarifying the issue? Is your account spending out spam or receiving spam emails? ^SC
Customer: @701772 I'm getting a full load of spam(around 15k sign-up mail) in my mailbox. #spam #WordPress #Outlook
Support: Hi. Thanks for reaching out. Which Outlook version are you using? Please let us know.
Customer: Outlook web for personal use
Support: Hi Etienne, please have a look here for how you can manage settings for your junk mail in Outlook Web App https://t.co/NIwV1sepV5 Please let us know if we can help you further!",
6e8acb6a62d4b05af7b4e2dc88a4f522,TMobileHelp,"Customer: Last night @115911 and I announced news that shook the industry. Today we make sure everyone takes advantage of it! http://t.co/UDaGeLDhhc
Customer: @115911 I can’t get the video either
Support: @115913 @115911 @115913 Hey! We've got your DMs and will be replying shortly. Thank you! *AlissaFast",
4a3dfda525e7e8964b174107a6512482,XboxSupport,"Customer: Hope all is good for all you gamers, this is our new account tweet us with your thoughts @174471
Customer: @174471 Where can I go for help on my account?
Support: Hello, Xbox Support here. Are you looking for account help on an Xbox console? ^CO",
da59ebbdb976604bbb2ab75932a3d6c4,VirginTrains,"Support: Dogs are allowed on our trains Laura. As long as you keep them off the seats and on a lead it will be fine ^JG
Customer: dogs shouldn't be allowed on trains and if they are allowed then the owner should be charged for a ticket like everyone else
Customer: Late to this thread, but can I travel with my dog on the quiet coach too ?
Support: The National Rail Conditions of Carriage state that we must allow dogs on our trains. We are all dog lovers here ^JG
Support: As long as it doesn't use load audio equipment or bark loudly on the phone then the answer is, YES! ^MM
Customer: Byelaw 16 allows the train company to refuse carriage or entry to any animal. https://t.co/fAWrQUDm8l
Customer: It’s says may allow that is not the same as must allow
Customer: Ah thank you ! He'll be as quiet as a mouse ! Though not if he actually sees a mouse !
Customer: @483651 That's you scuppered then @483651 : )
Support: Thanks, but what is this regarding? ^PA
Customer: Since 1st October 2016 National Rail Conditions of Carriage is now National Rail Conditions of Travel. https://t.co/PHZh95D0OG
Customer: People are retweeting your response so I’m responding to it",
6d67f73d64e4a72f0d0fbe6f3667d3a7,asksalesforce,"Customer: Anyone else experience Sidepanel issues with @117070 for Outlook since the 2.3.2 version? Every user but me sidepanel is gone #askforce
Customer: @117070 I'm having the same issue. Did you find an answer??
Support: @461349 @117070 our support specialist would be the best person to comment on your concern. Would you want me to initiate a case on your behalf? ^PK",
7cba5d97c66afd0a67e6073c58217bba,sainsburys,"Customer: Hi @sainsburys - what actual fruit is an ""easy peeler""? Clementine or satsuma or 'other'? http://t.co/MEhuyRgvZq
Support: Hi Mark. Those easy peelers are Clementines. Hope that helps. Cheers, Tiffany.
Customer: @241946 Picking up thread - and checking - are they still Clementines, these easy peelers? Can they put the real name on them too?
Customer: @sainsburys Interestingly @117250 make it clear on the label what actual fruit an ""easy peeler"" is https://t.co/OS8HISNgqY",
37dbf23214858d564bcd44ea6dbc3b60,Kimpton,"Support: We're curious: What city is on your wishlist for a new Kimpton? #travel #hotels #hospitality #poll
Customer: My hometown, Cincinnati!  So I'm not stuck on an inflatable bed when visiting my folks :-)
Customer: FINALLY!! Yay for @Kimpton #Cincinnati 🤗
https://t.co/MX9WBBM11i
Support: Say goodbye to the inflatable bed, Cara; we'll take good care of you!",
58f41f9a883fbd44fcd11fb780f972bb,sainsburys,"Customer: is it right that you are unable to round up to nearest £ on ss till for poppy appeal.  You are losing donations at Pontypridd ..
Support: Hi. Unfortunately the service is not available at the self service checkouts. Thanks for tweeting, Kash.
Customer: many thanks for the reply caused some confusion as the advert was placed on ss till
Customer: @sainsburys Sorry about the confusion. So far £8,100 has been raised in Sainsbury's Pontypridd with a couple more tubs to count. Such generous customers.
Support: This is amazing! Keep up the good work! We have the best customers. Faiza.",
f5576aeaeb74b267f2e24c7cc56f9f7b,TMobileHelp,"Support: Interested in Isis? It is now available nationwide, for complete details, please visit 
 http://t.co/H3ETfz2Crq ^LM",
91096a49b4915f05e44b9ab46990fd57,marksandspencer,"Support: Give your cocktails a kick of chili with this Hot Chocolate Vodka http://t.co/Me1CvNby95
Customer: Do you still set Hot chocolate. Oskar can’t find it anywhere 😥😥😥
Support: We don't sell this anymore, Karen, but keep an eye out for some great alternatives :)
Customer: Oh no 😢😢😢😢I have enough for one more glass how will I ever go on.",
4a567f7938466edfb651fd5cd62fac36,AskPlayStation,"Support: Some PSN account passwords were reset today for routine protection.  To update your password: http://t.co/QKIC9dagu7
Customer: I get the email but all the link does it take me to where I have to send another so I’m in an endless cycle of enter email for password change link!
Support: Hello there. Please follow us, so we can give you further assistance via Direct Message. Thanks!",
d54f14bab2e8037e540a6abf7ba73b7a,TMobileHelp,"Customer: gave me an advanced SIM card, now I'm ready to @109313. Heres to hoping to further growth to this NFC Tech.
Support: We thought you'd like that! Isis is awesome! :) ^TJ
Customer: @792973 @792971 Back in the early electronic payment days... Ah",
63aaac7eccaef465f32be77a044ed56a,CoxHelp,"Customer: got free trial code for cox wifi, but no place to enter code on wifi splash page. Help pls. Only thing I can enter is email and pw
Support: Hello Jkeera, I want to help you with the WIFI. Can you give me more details about the free trial offer? -Tiff
Customer: was provided special 12 character code 2 try out cox wifi. Am cox customer. But when I try to use code there is no place 2 enter it
Support: How did you acquire this information? Was it from an e-mail?  If so, would you be able to forward that to us? -Derrick
Customer: yes. Dm me email to forward to.
Support: Hi, you can forward the email to __email__. -Renee
Customer: thanks. Just sent
Support: You're welcome. We will check for your email. -Renee
Customer: @263956 Can I please have trial code???",
74fb76350e843096a4bff83ba35a17f2,VirginTrains,"Support: Unreservable coaches with the new timetable are as follows: 
9 car Pendolino - Coach E
11 car Pendolino - Coaches U &amp; F
Customer: Has the unreserved coach been changed on the 17:47 out of Lime St? Coach F on this 9 coach pendolino is virtually fully reserved today!?
Support: It should now be coach C. ^PA
Customer: Thanks... Is this a one off or a regular thing now please!
Support: It is yes, they are slowly being changed over the next month or so. ^PA",
23edadc464728520b7cf3b7c01bc75c3,AirAsiaSupport,"Customer: I key in title wrongly. It should be Ms instead of Mr. Case no. TW77J10K99. How to modify?
Support: Hi, may I have the booking number and the correct details?
Customer: Thanks. I managed to get the change via live chat
Customer: Booking LD94TD to be changed to MH0177 KL to Maldives on 23 April 2014, MH0176 Maldives to KL on 27 April 2014. What info else?
Support: Hi, Kindly submit your request via E-Form at http://t.co/K6AyoYyEnJ for further assistance. Thank you.
Customer: Submitted the E-Form 1 hour ago , usually how long does it take to process? I cannot checkin without the changes to correct name.",
0d4c23cdf52acaa27d7bedf274dcbc66,TwitterSupport,"Customer: chala bagundali antha
Customer: Suspend this account, too much abuse
@TwitterSupport @123765
Support: We are here to help. Please send us a message and we'll get started looking into this for you. https://t.co/eXwzpNPj8C",
28e29a011934a6108c9d7699e27ef02d,Kimpton,"Support: NFL #PLAYOFFS! Might want to start thinking about this: http://t.co/0nvX6L5avI #NFL #XLVIII #NYNJ Which team are you rooting for today?
Customer: I hope you run this again, I'm hopeful my eagles will make it to the Superbowl so I can take advantage of the deal.
Support: That would be super fun! Keep an eye on your inbox; it could happen!",
fc5d73e4ab8b4589fcc49f56341b22d7,McDonalds,"Customer: breakfast
Support: Hope you enjoyed it!
Customer: @408087 here before this is big
Customer: @408087 y e s",
066d17d9e01adfdf49b9957bde234039,XboxSupport,"Customer: Hi, I made a complaint yesterday and was told I would get an email with the outcome. Do you know how long this normally takes?
Customer: yes I did, they told me if get an email resolution but they didn't say when.
Support: Have you checked your spam folders yet? ^JN
Customer: I carnt down load software too my new game it keeps saying error please help
Customer: Well let's take a look at that together! Are we working with an Xbox 360 or Xbox One? Also, what game? ^AD
Customer: xbox 360 it was all fine untill I put lma manger in and download all players from 2006
Customer: What game is this in? ^JN
Customer: I need help I can not access my email address to change my password and I need too put my new email address on my Xbox live
Support: Hello, you can use this guide to try to access your account. https://t.co/LH9owTvbkq ^RM
Customer: I carnt access my email on my hotmail account if I need to change my password for Xbox live I would t abil to do it because of my email
Support: Hey there, can you DM us your region so we can check on contact info for you? ^XS",
e43be13356ffcad8aee33e18c43c5001,sprintcare,"Customer: HOW THE FUCK IS THIS ACCEPTABLE? FIX YOUR FUCKING SERVICE @115714 http://t.co/B5cknx9gnf
Customer: Let’s take it back to 2014 shall we? @115714
Support: Please send us a Direct Message, so that we can further assist you. -JA
Customer: Montano/Coors 87120, Golf Course/Paseo Del Norte 87120, Paseo Del Norte/Universe 87114, Unser/Ladera 87120, Paseo Del Norte/ Coors 87120, let me know if you need any more areas in particular that are shit
Customer: And frankly I don’t think anything will be fixed considering I’ve been tweeting 3+ years and here I am still 😂
Customer: I don’t need to waste my time giving you information that you shouldn’t need to fix an entire city’s fucking service…
Support: Kindly asking that you bear with us for the time being. -MM
Support: The technicians are aware of the issue and are currently working to have the issue resolved as soon as possible. -MM
Support: where all services are being affected. Services as in dropped or blocked calls and loss of voice and data services. -MM
Support: Hey there! Upon reviewing the addresses that you've provided, it was brought to my knowledge that there is actually a full site outage -MM",
d11ff75bd0c440b6e3b63462da5a9d46,TMobileHelp,"Customer: bought an isis iphone NFC case fr AT&amp;T thinking it wasn’t carrier specific. Found out: it is :( why isn’t tmo iphone supported?
Support: Hey there! Do you have a T-Mobile iPhone and service? ISIS does require a specific SIM card in order to work :) ^VS
Customer: @600462 lol",
199dc59cafa6b9166cbab84eb86df786,UPSHelp,"Customer: Severe weather causing delays in the Southeast, Mid-Atlantic and Northeastern U.S. Details: http://t.co/qEkBIMDkMj
Customer: I’m showing an “operational delay” with my package going to Florida for my dads birthday.  What’s going on?
Customer: My package has been sitting at the UPS facility 5 miles from me for TWO days &amp; I can't get an answer on delivery and am not allowed to pick it up. By the way...it's 70 degrees and sunny here. 😡
Customer: I have a package that arrived at your Addison, IL location as of 12:44 AM CST. It should've been out for delivery today, and I'm not located in the Southeast, Mid-Atlantic or Northeastern areas. Should I simply disregard the status that it may be delayed?
Support: I would be happy to look into this for you! Please use the link to DM your tracking number, delivery address and phone number. ^MM https://t.co/wKJHDXWGRQ
Support: Packages are delayed due to holiday volume. I'm sorry, UPS is working on getting these delivered as soon as possible but we have a backlog. ^ML
Support: I can arrange to have this matter looked into. Please send your tracking number/details &amp; contact # to DM ^JE https://t.co/wKJHDXWGRQ",
841a330ad859d2b0a5d0bdb63cae9188,AmazonHelp,"Customer: ¿Qué os parece el nuevo Samsung Galaxy S5? En Amazon ya lo tenemos en preventa. http://t.co/Bz3LiREHRF
Customer: @116928 si compráis el móvil igual luego os envían un calcetín. Yo compré un foco y me enviaron una visera
Support: Sentimos los inconvenientes que esto te pudiera haber ocasionado. ¿Nos podrías indicar si el producto es vendido por Amazon o por uno de nuestros vendedores externos? ^KA
Customer: Ya os e contestado en otro Tweet
Support: Gracias, estaremos respondiéndote en el otro Tweet. ^DA",
351baf23dc50c06de92d02cb9f0e4ebe,ATVIAssist,"Customer: Weaponized 115: THP66-CP4WG-KX7GW-WM6WY-3CJVZ Now, go get lucky.
Customer: Hi Activision support I purchased BO3 digital deluxe edition and it didn't give me weaponized 115.Can you send me a code for the camo please
Support: Hi, please send us a DM. ^FB https://t.co/c9WoAfwenP",
eb664d7889e29a8673e6fe0f7e6fce8d,VirginTrains,"Customer: @798934: Com boards at Coventry stating to queue in gold zone. No access 1st through coupled train. Thanks virginT
Support: Are you able to access the other First Class carriage, Simon? ^RM
Customer: got off at Milton Keynes and the accessed first class but really should have been notified at Cov.
Support: Indeed. Could you email __email__ with details? We'll see if we can make it up to you. ^RM
Customer: Booking seats on virgin trains first class, you find someone sitting in your seat, sit in another unreserved seat only to find halfway through the journey when pulling out of the next station your unreserved seat changes to reserved. Fix seat reservations for the whole journey!!!
Support: Sorry to hear this, Simon. Have you spoken to the onboard team about this? ^CB
Customer: The question is who sets the seat reservations? I’m guessing the person in my seat sat in it at Bham int or bham new street when it was probably unreserved.
Customer: Can’t see how they can help, it’s the reservations on the train that need to be fixed. We use 1st class to work being asked to move when you have sat in a unreserved is not helpful.
Support: We aim to have reservations in place before departure but there can be issues with the system when downloading. It's an issue that's being looked in to ^CB
Customer: Thanks let’s hope things improve it happens regularly.",
8a9dfc0b91e23b90ca274321b7bb44e6,JetBlue,"Customer: What's the deal with flight 1038 to Boston? Lotta confused and angry people in Austin.
Support: We apologize for the delay and understand it's frustrating. Please speak with a gate agent and they'll be happy to assist.
Customer: Boooo JetBlue!!!!
Support: Hi. Is there something we can help you with this evening?
Customer: No thanks. You already brushed me off. That's why I booed you.
Support: We would never brush you off. We're right here if you change your mind.
Customer: All right, I'll bite. Any info on flight 1038 to Boston? Or should I ask the gate agent who hasn't been told yet what's happening?
Support: Looks like at this time flight 1038 is delayed at this time until 11:19pm.
Customer: @411649 To clarify: Flight 1038, Austin to Boston this evening, won't depart until 11:19pm Central Time?
Support: @411649 Our most current update shows a departure of 8:03 PM Central.
Customer: @411649 https://t.co/jGgBpShF4A",
ed9324dbc44b2db58cf18690af564e2c,JetBlue,"Customer: hey JB, i have a travel bank credit - is it possible to transfer the credit to a friend or does it need to stay in my name? thx!
Support: JetBlue credits are transferable. You can book the reservation in your friend's name and select ""Travel Bank"" (cont)
Customer: Can you transfer your Travel Bank credits to another TrueBlue member, specifically in your Family Pool, so they can also use their credits?
Support: Hi Luke! You can't combine Travel Banks, but you can book a flight for anyone using your credits.",
3411bbeee246826641bc4a30e15b428e,GloCare,"Customer: I can't recharge my glo line. Kindly help
Customer: I can't recharge my glo line. Kindly respond to my messages
Support: to recharge, pls dial 123 and follow the voice instructions to recharge. Thank you
Customer: @367860 Its not working this morning
Support: @367860 Good morning, we apologize for the inconveniences experienced.The issue is being worked on, will be resolved shortly.Please bear with us. SO",
ba864753a45f620c697c889f875ac173,GWRHelp,"Customer: Hi @9540 I'm collecting Lanyards, trying to become the UK record holder. Would you have a FGW lanyard to spare? :-)
Support: Hello! If you DM us your details i'm sure we can get one sent to you :) Grant
Customer: Thank you. I've sent you my details :)
Support: Great - thankyou! Leave it with us and we'll see what we can do :) Grant
Customer: thank you for sending me this FGW lanyard. #firsttrainlanyard http://t.co/bIfAZb4vDm
Support: You're welcome! Glad it got to you ok :) Grant
Customer: @159478 Can I have one to add to my collection? :-)",
8d3eeea16adcf3f2d2e139af3f051ce0,ask_progressive,"Customer: Roadside Assistance does cover lockout. We dispatch service provider; you only pay for the cost of the keys. ^KJ
Customer: the cost of the keys? What does that mean?
Customer: If keys are locked in your car Roadside Assist will open the car no charge. You'd only pay for replacement keys if needed^BG
Customer: @151043 @131610 Please do not use Loyal Towing in Vancouver WA as a service provider. They answer OR call too, but tow the cars to WA.
Support: I'm sorry for your experience and would like to share with the Roadside team. Please DM your policy# and phone#. ^JT
Customer: Policy 31406664
Phone: 503-830-0910
Support: Thanks for sending this in, and I want to let you know that I’ve shared your feedback with the Roadside team. ^JT
Customer: Yeah, they are well aware of the situation. The least they could do is reimburse me for the $91 winch job that I initially called for
Customer: which resulted in my car being towed without my permission or your permission, and me having to spend 6 hours on the phone with Progressive",
a3efa3bdd188054bbb6ed25ba2132b6f,TwitterSupport,"Support: Try pinning a Tweet to the top of your new web profile! Choose a Tweet to pin and click ... to see this menu on web: http://t.co/mMDgFUWlgc
Support: To pin a Tweet, first opt in to the #newprofiles, then visit your profile page on the web. Read more: https://t.co/UM6JubwFue
Customer: multiple pin tweets now.
Customer: @TwitterSupport How ????",
6eb7c7e8f755239d598bade25d1ddf42,AmazonHelp,"Customer: #RecomiendaUnLibro ¿Qué cuento hizo que vivieras en el engaño, pero feliz, durante toda tu infancia?
Customer: A mi sí que me habéis engañado! Devolvedme mi tablet o los 182€ que pagué! Quiero una solución YA!!!
Customer: la ""entrega en un día"" de amazon premium prueba gratis un mes. Desde el Martes esperando mi paquete.. Seur os toma a broma no?
Customer: Hola, a través de que medio puedo ponerme en contactos con vosotros por un producto dañado que está en garantía?
Customer: Yo reserve el juego ww2 que sale el viernes 3 en agosto. Me tienen que dar una ficha de PX2. Esa ficha llegara el dia 3,antes...? Gracias
Customer: mmmm La Cenicienta, pensaba que todas encontraríamos un príncipe azul para toda la vida! que años de inocencia! https://t.co/ybScHUrebr
Customer: Se me re-embolsa el pedido sin mi conocimiento y cuando llamo para  preguntar por que, me piden que haga otro pedido a los nuevos precios  perdiendo las ofertas que habia. Vaya cachondeo!!! El transportista ni  llamo a mi puerta. El quien paga el pato soy yo
Customer: buenas tardes. Recibí un pedido recientemente pero su servicio está incompleto. Como puedo saber a que es debido?
Customer: El cuento de que te vendo un producto, no te llega, te digo que es un problema de correos y el dia anterior ya habías hecho el reembolso. Para mas inri lo quito de tus compras para qe no puedas opinar. #hayquetenerpocavergüenza
Support: Hola Javi. ¿Nos podrías dar más detalles de tu caso? ^JJ
Customer: @116928 Realice el pedido el 11 de julio, sigue sin llegar, ni poder iniciar una reclamación; anulais la fecha el día antes de la entrega; q hago? https://t.co/kMMAML5KZw
Support: Claro Rosi, por favor contactanos a través de este enlace: https://t.co/OjvUxwnzPe . ^MB
Support: Hola. El código será enviado por correo electrónico una vez entregado el pedido Para más información: https://t.co/IdfJb8kmL1 ^CR
Support: Una historia inolvidable, Laly ☺️ ^LG
Support: Hola David, lamentamos lo sucedido. ¿Podrías comentarnos si el producto ha sido vendido y enviado por Amazon o bien por un vendedor externo? ^FZ
Support: Hola Jorge, ¿recibiste un pedido incompleto? De ser así, ¿era gestionado por Amazon o por un vendedor independiente? ^KS
Support: ¡Hola!, ¿nos podrías dar más detalles sobre lo que te sucedió?. ^DS
Support: ¿Podrías indicarnos si el producto es vendido y gestionado por Amazon o por un vendedor externo? ^VL
Customer: El producto del que quiero hacer la consulta solo tiene dos opciones en el enlace que me envías y ninguna sirve para averías, otra poción?
Customer: Gracias,👍
Customer: siii pero 4 décadas después y 20 años de casada... aún sigo dejando el zapato a ver si viene mi príncipe jajjaja https://t.co/b0lPo4Iv7J
Customer: Yo sigo sin el pedido ya que ha subido y me niego en pagar más
Customer: El SAT en España es lamentable
Customer: El paquete fue reventado en el envío
Customer: Sigo igual, hay dos vendidos por Amazon y uno gestionado por Amazon
Customer: Bad show on Amazon's part making me &amp; my family lose out on Christmas gifts
Customer: Any chance of sorting it out for me?
Customer: Por ustedes. No es el pedido, sino el servicio. Donde puedo saber Que pasó?
Customer: Te lo vuelvo a repetir. Hago un pedido, me sale devuelto. Llamo a atencion al cliente. No te preocupes, fallo de correos, el paquete te llegara. El dia anterior a la atencion telefonica, me devolveis el dinero. Ya he cancelado el premium y ahora cancelare la cuenta.
Customer: Os añado la foto porque en ella figura el nombre del vendedor; Amazon EU s.a.r.l https://t.co/zdOT8gUHPA
Support: Selecciona la opción que más se asimile al problema que has tenido, y después elige la opción de contacto deseada. ^AZ
Support: Con gusto, Javier, ¡estamos para ayudar! ^CR
Support: Los príncipes de la vida real son algo diferentes, lo verdaderamente importante es que tienes un amor real y hermoso❤️. ^AZ
Support: Sin brindar información personal dinos, ¿qué ha sucedido? ^KS
Support: ¿Has intentado contactar con nuestro Equipo de Servicio al Cliente? Ellos te pueden ayudar a revisar tu pedido ^VL
Customer: 😅 no es por ser insistente... pero entre “escribir una opión sobre el producto” y “ocultar pedido” ... cuál sería la que más se asemeja?
Customer: Siii 20 años juntos en las buenas y malas! Y una hija adorable! 😘👏👏
Customer: Pedí que se envolviera para regalo más tarjeta rellena con mensaje. De esto último hicieron caso omiso ( pero si tenían constancia )
Customer: @397265 Vuestro servicio de at. al cliente es una vergüenza, no volveré a confiar en vosotros, me la habéis jugado. Quiero mi tablet o mis 182€!!
Support: Rosi, puedes seleccionar las opciones que ves en la imagen adjunta. ^LG https://t.co/JFI4hhcghb
Support: Esas son las historias de amor que adoro 🤗❤️, son una hermosa familia. ¿Tu hija es amante de Cenicienta? ^AZ https://t.co/M13q4d4VUz
Support: Lamento el inconveniente, puedes contactar con Servicio al Cliente en el siguiente enlace: https://t.co/KyKcfqiS0j. ^KS
Customer: Gracias, María José me ha ayudado a la perfección. Buen día!!
Customer: Que vaaa tiene 14 años y es youtuber😂😂natalia pintado tiene mas fans que yo😥
Support: Nos alegra mucho saberlo, recuerda que estamos para ayudarte en lo que necesites. ^HC
Support: 😊 Esperamos que tu hija logre muchas cosas con sus vídeos, Laly. ^LG
Customer: Graciasss lo hace porque le gusta nada mas le ofrecieron ser influencer pero no quiere🤣buen finde!
Support: Se convertirá en toda una princesa moderna, Laly 👑 ¡Saludos! ^LG",
7a85650151b668fcc58b218179cb34ff,Postmates_Help,"Customer: It’s true: we’ll pick-up and deliver your prescriptions in under an hour. We call it #drugsondemand
Customer: Do you still do this? I can't figure out how to put a prescription on my shopping list.
Support: We can deliver prescriptions, but not from Walgreens or Duane Reade as part of their agreement with us.
Customer: Oh. I see. Thank you!",
7fbce8426af1a67fc98db7ca88198c50,CoxHelp,"Customer: Cox is having an internet outage in Phoenix, AZ http://t.co/OH2G0I9kLq RT if its down for you too #coxoutage #phoenix http://t.co/HG6CPqttCm
Customer: @116021 is still down at Fort Huachuca, AZ.
Support: Hi Duston. We're unware of any issues in your area. Could you please DM us your address so we can assist further. -Topher",
0e22ae0ff52522a9a4f731f01254462c,SpotifyCares,"Customer: Mola cómo ha quedado Spotify. #FreshSpotify http://t.co/h8cKyEoKxP http://t.co/Ys6SSuA46M
Support: ¡Hola! La ayuda llegó. ¿Podrías seguirnos para que podamos contestar tu mensaje privado? Gracias /LF",
1ce4daa30ea65b68a19157c6f7de9476,ATVIAssist,"Customer: One year ago, #BlackOps2 Uprising was released for the PS3/PC. Let's celebrate with some Mob of the Dead. http://t.co/mcMJc4wEG8
Customer: need help cant download map packs Gamertag = xxSLEZSAKxx
Customer: Looping in @ATVIAssist for some help.
Support: Thanks. @414361: What are you attempting to DL? Which console? Are you getting an error message? ^KJ
Customer: @115758 it says for revaluation that i don't have enough but i have 15.65$ but i did not tweet you for a wile so ya
Support: So just to clarify - you're still having an issue, or it's all good? ^ZJ
Customer: Its all good",
d4b62ce6954e8207929114f4a7a6f7fe,GWRHelp,"Support: Due to a broken down train there are delays of up to 15 mins between Paddington and Slough.
Customer: 7.05 is still only just past Royal Oak so 15 minute delay to Slough is rubbish!
Support: That train is the one that broke down. The minutes used is an average rather than estimate for the actual failed train.-Ollie
Customer: any idea what is happening to this train. Still no announcements that anyone can here. Faulty tannoy as well as train.
Support: Apologies. Looks like there is some movement. Not had any other update though. -Ollie
Customer: will the train run through to Henley following the delay?
Support: Hi Guy. No sorry. This train will terminate at Twyford. -Ollie
Customer: another good night for the Twyford Taxi drivers! Becoming a habit and everyone thinks they pay FGW to arrange these problems.
Support: No need for a taxi as you're due in Twyford when a Henley will leave - it will wait for your train. -Ollie
Customer: thanks for the info Ollie.
Support: You're welcome. Sorry again for delay tonight. -Ollie
Customer: 17.35 Oxford going nowhere - no info
Support: Hi Guy, this is due to signalling problems near Ealing -Andy
Customer: can your records tell when the 06.53 from Twyford last got to Paddington on time. Passengers can't remember it's been so long.
Support: Please email __email__ if you would like a performance report for this train. -Ollie
Customer: still waiting for my performance report 3 months later
Support: Hi Guy. Customer Support have a backlog so it's taking longer for them to reply at the moment. Lewis
Customer: Any reason why the 18.32 to Henley couldn't wait two minutes for the connecting train at Twyford? 80 season tickets holders p off!
Support: Hi Guy. Sorry it wasn't held today. The next service is at 18:59. Lewis
Customer: fully aware of when the next train is. Just wanted to know why earlier one wasn't held! Seems to be GWR policy not to answer
Support: We can't always hold due to the knock on effect this has on later services. Apologies for this. Phil.
Customer: just don't let train stand at Henley for 8 minutes, make it turn around in 3 or 4. Or is that common sense approach too easy?
Support: Thanks for the feedback Guy - Sorry again for any inconvenience caused. Phil.
Customer: another Friday, another missed connection for the Henley train! Such great customer service!
Support: Apologies Guy. I regret we couldn't hold this time. Phil.
Customer: hi any news on why 3 Henley trains cancelled from Twyford. No reasons given at station
Support: Hi Guy. Due to severe disruption from Paddington we don't have the services to form the train. Very sorry for this - Josh
Customer: 3 trains cancelled to Henley yesterday. Today the connecting train left as I was 50 yards away. 100 people left behind!
Support: Hi Guy. Really sorry for this - Josh
Customer: major changes to timetable today for trains to Henley. No communication - can someone explain please
Support: Hi Guy. Timetable changes are advertised in our printed timetables and online. - Josh
Customer: late leaving Paddington as train in wrong position. What does that mean? It was on tracks and people able to board. New one on me
Support: Hi Guy. Sorry for the delay this evening. Are you referring to the 18:05 service? Rachel
Customer: hi, yes the 18.05. It moved 2 feet in 10 minutes - due to being in wrong position.
Support: I can appreciate this is frustrating. The train must be in the correct formation for travel. Rachel",
2ebba35de780d434b1068cd52787164b,Uber_Support,"Customer: Just setting up my Twitter. #myfirstTweet
Customer: Why uber drivers charge double from us even for a pool ride...payment mode was selected via paytm @Uber_Support
Support: Here to help! Send us a note via https://t.co/DceIRNI6kV so our team can connect.
Customer: Its done. Please help me out asap. Its not about money its more about process. And we always prefer uber above any other cab services
Support: Here to help! Can you please provide us your email address? From there we'll be able to assist further.
Customer: __email__
Support: Hi, Isha! It appears that our team has followed up with you via email regarding this matter. If you have further questions or concerns, please reply to the email thread. We apologize for any inconvenience this may be causing you.
Customer: There must be something went wrong with the system. May be the app was showin the amount to the driver even after the payment via paytm. It will be helpful if you will cross check the same from diver as well.
Customer: That is really not helping me out. They are sending me the same formatted mail again and again. Kindly cross check with the Driver.
Support: Thank you for reaching out, Isha. If you can, please follow up with any additional information or concerns through your established message thread via the in app support or through your email",
120166e99e2999e68e0eabe2732ea4ee,BofA_Help,"Customer: Bank of America got me fucked up
Support: I’m following up to see if we can help you. Please let us know if we can be of assistance.  ^df
Support: Hello, we’d be happy to give you a call to talk to you about your concerns. Pls send us your name/ZIP/phone#/acct type.Thanks.^cl
Customer: @286756 If y'all have taken over 3 years to help. That's some amazing customer service you got!
Customer: it better change notifications  allow me to change minimum from 100 to 1.00 on all notifications alerts
Customer: Wow, I think is a little late to insist. The tweet was from 3 years ago.
Customer: Lúcio Franco
35160221
From Brazil
__email__
Support: Hello, we'd like to know more about your Twitter post. Please send us additional details about your concerns. Thank you. ^rr
Support: Hello Mark, we are following up to see if there is anything we can do. We are here to help. Thank you. ^rr
Support: We apologize. We're always evaluating our network to meet evolving customer demand. ^rr
Support: Please click below to DM details about how we can help with your account. ^nv https://t.co/CoOXedUuUC
Support: Hi. You should delete your last tweet since it contains private info. ^nv
Customer: @286759 She tweeted that 3 years ago. Doesn't that seem a bit too long?
Support: Hello Rob, we'd like to know more about your Twitter post. Please send us additional details about your concerns Thank you.^rr",
6d2c3c33d69691665c3a69eed5b12ab5,PearsonSupport,"Support: MyITLab: ""Access Denied—Registration No Longer Valid."" Error | Pearson 24/7 Technical Support http://t.co/J8rdyjvClX
Customer: @PearsonSupport I purchased a book &amp; access code for this Spring Sem in Jan but now it says my registration is no longer valid? :(
Customer: @PearsonSupport Did it ever work out for you? I'm currently having the same problem.
Support: Hi. Are you having technical problems? We want to help you out.

Thank you.",
6fccec34c1688ea6e3f84aacf030f005,TMobileHelp,"Customer: Why can't I contact technical support after 10pm?!?  I just transferred from AT&amp;T last night and this is not what I expected!
Support: What time zone are you located in? We are here to help? How can T-Force assist you? ^JM
Customer: Pacific time zone. I live in CA
Support: Thanks for reaching out to T-Force.  We would love to help.  Send us a DM and we can get started!! *JeffreyN
Customer: This sounds stupid but I dint know how to send a DM or what that is 😬
Support: Not at all.  It's tough to do much in so few characters.  DM is Direct Message.  So we can talk in detail. *JeffreyN",
f5a1295b76f69ba6d43acf6ddddb6aab,Safaricom_Care,"Customer: Do you really mind your customers?
Support: Kindly share issue for assistance.^OR
Customer: . I sent money to a wrong number yester evening.
Support: Hello Moses, please DM the Mpesa transaction code, amount, your mobile number and registered name for us to advise. ^AO
Customer: 1550kes 0728486405.
Customer: lj5kxa6r9 Moses Njoroge Kimamo.",
4e6b67ec0c410c07f3f1df49559c01d5,AskRBC,"Customer: I've gotten an automates call from 1-877-214-5948. Is this actually RBC or a scam? They are asking for personal security questions.
Support: Yes, this is indeed a legitimate RBC #. We can look into these calls for you; just DM ur ph# or &gt; http://t.co/rQJHKFeK53 ^M
Customer: @743340 Why are you calling and having an automated system ask personal identification questions. Does RBC not realize that anyone can do this and this is very fishy? These kind of calls will bait people into giving information to the wrong person.",
d8f630c5bc87ec34bd56b7a32701fa50,ChipotleTweets,"Customer: I probably think at least once a day that @ChipotleTweets needs to come to Fremont. Heck I'll settle for Fostoria.
Support: Keep your fingers crossed. Maybe we'll get to Fremont or Fostoria one day -Skyllo
Customer: @487298 STILL WAITING.......
Customer: @ChipotleTweets My fingers have remained crossed",
605c4e8948373f2ff7bb2eb88529ed69,AmazonHelp,"Customer: GE MWF Refrigerator Water Filter, 1-Pack (Tools &amp; Home Improvement) tagged ""refrigerator"" 31 times:           ... http://t.co/HTPXP3PZbk
Customer: @115821 
Don't buy Samsung refrigerator
After sales service is very poor
Facing issues last one month
Amit
956028799
Customer: @241863 @115821 @68228 Ref no 7410565781 complaint - such international brand but worst customer service whom to call please tell just in 5 month Refrigerator gone bad
Support: Hi, was this ordered from Amazon? If so, can you confirm which Amazon site? https://t.co/xJXEJlSnHC etc?^BZ",
38af2e78a49060582adc6c0f60405d93,AskCiti,"Customer: Citibank stole directly from my personal bank acct by generating an unauthorized check in addition to cashing the actual payment @117157
Customer: @117157 Citibank said never received my $1000.00 payment from Greendot I have the proof they deny it! Shut down my credit card. Never overdue punt!
Support: We haven't hear back from you. Did you still need help fining the payment (No Acc#'s/PINs)? Thanks,^TW https://t.co/gvC4jAOA9c",
b4a2b870c5f6840e8f7553ec175fa6b3,AskPlayStation,"Customer: Been trying to preorder the Digital Guardian Edition for PS4 on the PSN via the PS App and Desktop site. Errors. Advice?
Support: Check to make sure any credit card information is current: http://t.co/6HetTMzhiR If it persists, test PSN card funding.
Customer: I tried funding my account and it says my card is invalid, but my credit card is accurate.  Supposedly I am now locked out?
Support: If you are experiencing difficulties adding funds click here: http://t.co/RYQfe24BH0
Customer: I am trying to preorder the Digital Guardian Edition for PS4 off the PS App or website but errors always occurred.
Support: Let us know the exact error that appears.
Customer: so you want me to try and preorder the game now?
Support: Yes please, let us know the exact error code or error message
Customer: ""We've Encountered an Error while processing your order. Your transaction has not been completed. Please try again later.""
Support: Please contact us via chat or phone at: http://t.co/lgILGeLVwz
Customer: @274350 same problem in many accounts on diffrent consoles !!!!
@AskPlayStation
Support: We have sent you a DM.",
db763355f652c74afb623ae3e9e43089,TwitterSupport,"Support: Over the next few weeks, we're rolling out an update that makes deleting DMs more consistent across web and mobile. http://t.co/VNtDXzwuvp
Support: We're also making an update to the Twitter iPhone and Android apps that will allow you to access your entire DM history.
Customer: any news about this?",
9dc48b8caf6d6a0820b1528a40030974,VerizonSupport,"Customer: Get more with Verizon Smart Rewards. Use your points toward things you want.  http://t.co/dOIjKwKMCj http://t.co/P3C0Ndl7j2
Customer: Is it normal to get charged 16,000 reward points to rent 1 movie from OnDemand? I have a open ticket since October 7th and no resolution :(
Support: Did you try calling the reward center at 1-866-948-2725 ?
^ADP",
63d3a6c9689d0a310bdb33ba48a9f341,SW_Help,"Support: Travelling with us tomorrow? Please check how we're running before you start your journey. More details http://t.co/wdoTq4clGy
Customer: @6301 Really why check when you delay persons unexpectedly so often . Pretty much don’t travel weekends . Your Monday to Friday service is great . Cmon team lift your game
Customer: are you kidding me???? Now what?
Support: @6301 Hi Jules. Unfortunately, the track and related infrastructure does need regular maintenance by Network Rail, who manage/own this. Whilst much work is done overnight, some of it has to be undertaken in daylight hours. See here for more info https://t.co/IrLn0n17ua ^DC
Support: Hi, a normal service is expected but we're advising to check before you go in case of signalling probs http://t.co/l0Lq3YZcQI
Customer: @6301 I understand this mate as I work on large infrastructure projects but to delay my train without notification isn’t good enough . If I delayed my clients like this I’d be suffering for it . You do it tough I know but you need to better inform persons of delays .
Customer: @364926 Delays, problems, last minute platform changes... yep. Normal SW trains service. Shockingly rubbish as ever.
Support: @6301 Hi Jules. Where individual trains are affected by revisions/delays we do update and for wider disruption affecting multiple services we also update, here: https://t.co/Ssj2lzz3Xm What train were you specifically referring to? ^DC
Customer: @6301 My girlfriend was catching the 10.08 service from Sherborne to Waterloo . She eventually got on at 10.58 . Just my luck there will be engineering delays that save you guys . I never travel weekends as I don’t need the stress .
Customer: @6301 Was this an engineering delay ? I appreciate any clarity ??
Support: @6301 Hi Jules. Sorry for delay in reply. the 1L36 10:08 sch dep, dep Sherbourne at 10:58. 50 min delay was due to RTA that blocked traffic and prevented crew travelling to depot (via road). A train service update was placed on our website for this at 10:17. ^DC
Customer: @6301 Sadly my girlfriend wasn’t informed as it was just a sorry for the delay , will this journey be eligible for a refund then ? Thanks for helping out with my query
Support: @6301 Sorry for that. It is always worth checking (on mobile) this page as it always has the latest service info. https://t.co/Ssj2lzz3Xm In respect of refund, it would appear to meet the Delay Repay criteria. Follow guide here to apply. https://t.co/u9dx5QOZDs ^DC
Customer: @6301 Yes I will next time , being an Aussie I need to learn these things and I will . Thanks for the tip . Can I praise you to your boss for the great help today ? I will remove each tweet as you’ve exceeded my expectations
Support: @6301 We are always happy to help with any questions here on our Twitter feed. So, if you or your girlfriend are out on the network and have any issues just get in touch and we will assist. Thanks for your kind comments, they are much appreciated. No need to remove any Tweets. ^DC
Customer: @6301 Okay mate I am happy to commend you today if needed. It’s been a dealing with you today . Great service ! Thanks Julian
Support: @6301 No need, you've already done that through this feed. Your kind comments will be saved and noted. Many thanks and it's been a pleasure Julian. We look forward to being of assistance again in the future. Have a great day. ^DC
Customer: @6301 Thanks mate
Customer: @6301 Hi there , it seems my request for a refund has hit a brick wall . Let’s see how this ends up .
Support: @6301 Hi Jules, please contact customer service on 0345 6000 650 or by emailing __email__ ^JM
Customer: @6301 Ok I have let’s see what happens . Thanks for helping out",
7c1128b19d240256e4be557010dbaa8c,CenturyLinkHelp,"Support: Good Morning Twitter!  Happy Hump Day! The @35064 is #Here2Help with your #CenturyLink needs. Let us know how we can help you!
Customer: Helpteam....I need help with my bill. It keeps escalating, &amp; I'm really frustrated. Looking for the $45 for life monthly plan..Help!
Support: Hi, is there something I can help you out with? Send me a DM and I'll help you with any questions or concerns you have. -Ami",
7aa35f1e98648185b15812e63afeef70,ATVIAssist,"Customer: will the Wii U be receiving Die Rise DLC? Please? I would live that.
Support: Apologies, no word on that - stay tuned to @115766 for any official announcements :) ^NM
Customer: @401361 @115766 Keep me posted",
02191ff20ce80117d4f097dce2c3aaa3,idea_cares,"Customer: Celebrate this independence day with the new Idea Anthem Ad for Ullu free India # No Ullu Banaoing http://t.co/awiwQyLrau
Customer: Hi Himanshu I have a no choice unless twitte you bcz no one can help me on my query hope this will help... if you are growing but not cheat common people.
Support: Sorry for the trouble caused.As checked your complaint was raised and resolution was given.i.e best optimization has been done and we are trying to resolve the issue soon.
Regards,
Shweta",
8dbd55932ab2a4c635da656605f38688,mediatemplehelp,"Customer: So excited that @124462 have SSO now. Now they just need to add 2FA and we’re set.
Customer: 2FA is definitely a feature we hope to have implemented very soon. :) *JT
Customer: @276409 Am I missing something, or did ""very soon"" never happen? :) 2FA is essential for something like managing domains and hosting imho.
Support: @276409 2 factor authentication has been in discussion, but at the moment, there hasn't been any plans for implementation. When it does become available, we will be sure to let our customers know. We apologize for any inconvenience.",
180bb166437fe50acc462bd21cd3566a,GloCare,"Customer: please Globacom how will i activate my deactivated line ? If i load a Card will it activated ?????
Support: for deactivated sim, please visit the nearest Gloworld with N100, sim certificate and valid identity card. Thank you
Customer: @226870 Please when you retrieve a glo line how long does it take before it can start working.
Customer: pls I need help to activate my glo line, I can't make calls with it. Number is 0815 172 7139.
Customer: @226870 Dear Glo,
Pls kindly reactivate my line # 08154976528 for use. 
Thanks
Support: @226870 Within 3 hours. ET.
Support: Thank you for your patience. Please confirm the service status. Thank you. UO.
Support: Good afternoon Ndu. The line is active. May we know the last time you used the line and the names you used to register the line? FA
Customer: In fact right now I am also sharing my data on it from my other sim #08074697094
So I am surprised that it is deactivated
Customer: I usually interchange the sim for subscription sometimes. I think it was last year I subscribed last on it but always shares on it
Customer: Afternoon, not sure now, I have 3 or 4 glo sims for data that I share with for different devices. One of the sims is deactivated not sure
Support: Hello Metu, please provide the deactivated number for checks.  TT
Support: May we know exactly what you like assistance with in this situation? TT
Customer: The phone #:is not written on the sim so I can't say
Customer: That's the point I can't say which number? I thought it was 08154976528 but you said its active so I don't know it showing me deactivated
Customer: One of my data sims is reading deactivated, I tried to recharge. 
I am not even sure what the sim # is
Support: Kindly recharge the lines with a physical recharge card of any amount and revert with any you have challenge with.  TT
Support: Please provide the SIM serial number for assistance.  TT
Customer: Just tried again to recharge now with 200 naira but still getting account deactivated response
Customer: Just tried again now to recharge with 200 but still deactivated response
Customer: OK will try again to recharge
Support: Kindly visit the Gloworld shop with the SIM for assistance.  TT",
f1ee3dbefc48d244dc4f26ba4e8c1939,ChaseSupport,"Customer: Hey, I need to deposit a check but there are no Chase branches in NH. I can mail it, right? And if so, what address?
Support: 1/2 Absolutely. Please include your acct number w/ the check and mail it to: CHASE By Mail, PO Box 32750, Louisville, KY 40233.
Customer: This is the old PO box, right? If you, you should delete tweet as this is the #1 google search result for ""chase deposit by mail"" for me!
Support: Hi, thank you for reaching out. That is still the PO box for National Bank by Mail regarding 3rd party deposits. ^JB
Customer: If you google that PO Box you get this tweet and the Louisville Zoo
Support: We appreciate you bringing this to our attention and have shared your feedback for review. ^JB",
5edf63bec7d01e1bec2b6f6ec2a47b3a,airtel_care,"Customer: I have done the airtel black berry subscription, &amp; is not Woking on my android. pls help
Support: Hello @121643 , please provide the affected mobile number for assistance. Thank you.
Customer: 08083170127   the affected number",
06677c5832a30f4a9718f2b436717a85,ArgosHelpers,"Customer: So @116245 have already taken my £45 for a game that doesn't come out for another 3 weeks? Why can I not see this being delivered!?
Support: Hi Mike, a pre-order game is delivered on the day we state unless there is a delay from the manufacturer. Julie
Customer: @437548 So why has my game not been delivered today as stated in store and on text?Ruined birthday...cheers
Support: @437548 Hi Christian, could you please follow and DM us with your order number, and we'll check this out for you? - Tom",
161e304ae32fe8db76ae1fae37c7a072,Tesco,"Customer: After having massive technical problems were now up and running for all questions thanks for shopping @Tesco
Customer: @Tesco Hi, please could you provide me with an email address for a manager at your customer service department? Not the generic one as that is getting me nowhere. Thanks for your help
Support: Hi Lindsey, we would be able to deal with any complaints here. Alternatively you can email us via __email__ TY - Lee
Customer: @Tesco Hi as advised not the generic one as I have had no reply to my last query. Please advise the details requested thanks
Support: If you wish to elaborate via DM? I can always assist from here? Regards - Isaac 2/2 https://t.co/py5Z991Bme
Support: @116369 Hi Lindsay, the email address provided by my colleague is for all customer service related matters. 1/2
Customer: Thanks for your reply. I note you have provided the same email details. As previously advised I am not prepared to engage with them further. Without an alternative I will therefore be raising a CEO complaint.
Support: If you can DM me and let me know what is happening, I can get this passed to the correct department for you. Thanks - Gemma 2/2
Support: Morning Lindsey, thank you for your reply. I have looked through our system and can I ask is this to do with your email to Tesco Direct? 1/2
Customer: @Tesco Did you get your @Tesco problem resolved in the end?",
62470a4df014048c7253b6b915e23b06,comcastcares,"Customer: Attention all Daniel Bowens: Please get your email address right. http://t.co/IBXBgJRK7r
Customer: It's good that @115900 tries to confirm email addresses, but I've had two of these so far, and there's no option to say ""No, I am not your customer. Someone quoted the wrong email address."" https://t.co/OlwdRkmKaY
Support: Hey, Daniel. Please DM me the email address in question and I can look into this for you. -Jim
Customer: Done, thanks!",
033306ba88d334a4e61f6ebe0a25abd0,AlaskaAir,"Customer: Honeymoon Day 1: Waiting for our jet plane in the Alaska Airlines Board Room @ PDX #taylorplusryan… http://t.co/KciVrUc0WD
Support: Congratulations, have a great honeymoon. -Andre
Customer: @751603 Thanks! We did!",
4b4b9fad8a281cc21c1fd89e9b51a8f6,ArbysCares,"Customer: Indianapolis @129323 glasses are back at Arby's! Pick up a new pair every two weeks &amp; complete the whole set. http://t.co/gwA3IVv6tO
Customer: @129323 Can we order these online?
Support: Not at this time. They are currently available in-store at participating locations in Indianapolis.",
3c5a1cc089f6c5254979a24c225e73b8,hulu_support,"Customer: getting error code 300. What is this &amp; how can we get it fixed??
Support: Sorry you're running into that error, Julie! What device is this happening on?
Customer: @344040 I am having this same issue with both of my Sony devices. What was the resolution?
Support: Hey Abby—we'd be happy to help! Have you checked out/tried the steps here: https://t.co/k1luyIT1B3 ? Any improvement?",
84c27fb02d97eda315bd541655ad59b7,hulu_support,"Customer: I have been getting a 500 error since yesterday.  How can this be fixed?
Support: Sorry about that error, David! To start, please clear your browser cache: (http://t.co/EuvnGaos41), and check again.
Customer: @291939 I kept getting the same error code over n over.. this is frustrating. The new update sucks. Wanna cancel service
Support: Sorry to hear this! Which device do you use? Please try out: https://t.co/HXpLyTU79x. Notice any improvement after?",
ce7484f5315e00657a30a6a6672cd64f,VirginTrains,"Customer: Hey! How do you get onto the wifi on your trains? Your website says there's a 'Connect Now' button - can't see it.
Support: If you load up internet explorer, the Virgin Trains Wi-Fi page should load up automatically ^MW
Customer: On an iPad - same thing?
Support: Should be yes ^MW
Customer: Says I'm connected but not had a page come up and no request for a password. Am I being thick?
Support: No course not, try calling Wi-Fi support on 0330 088 1271 for assistance with this ^MW
Customer: @424125 Same here no sign of the connect now button . useless service.
Card payments on the train dont work either so snookered for eating/ drinking
Support: @424125 https://t.co/1JEOSVPtGN into your browser's URL bar, this should reconnect you. ^BT
Support: @424125 1/2 What service are you travelling on? Regarding the Wifi if you disconnect then reconnect and type
Customer: @424125 I rest my case https://t.co/Ltqm6LmWN6
Customer: @424125 And your wifi is rubbish too https://t.co/g8m0HerZN1
Support: @424125  You can also try contacting our WiFi support team on 03300881271. ^BT
Customer: @424125 I paid a fiver for piss poor wifi that kept dropping out. Who do i complain to for a refund?
Support: @424125 Again it would be the number provided on the last tweet. Sorry to hear of your experience with thw WiFi. ^BT
Customer: @424124 I’m not sure why I’m being dragged in to this.
Customer: @VirginTrains Sorry mate. Seem to have hijacked your thread.
Support: Sorry David. We're not to sure either. ^BT",
c1096fd216a8e64ab85f05121453ef90,ArbysCares,"Customer: It has apples and it's crispy. Recipe leaked. #AppleCrisp http://t.co/ad1f2cUMAv
Customer: It may have apples but it is not crispy. And a crisp needs oatmeal as far as I'm concerned. This is a coffee cake. I want my $3 back.
Support: Erica, please e-mail our Guest Support team more details to __email__ &amp; we will make it right.",
7c58e865c5e6476638fd803ead0462ea,airtel_care,"Support: Kindly dial *990# to activate the monthly WTF bundle of 80MB for N200 valid for 30days.
Customer: how do I check my mb balance
Support: Hello @739507 Please note that checking data balance is dependent on the plan subscribed to.(1/2)
Customer: how can I check my bi weekly WTF data balance
Support: Hello @739507 kindly dial *990*0# to check your WTF Bundle Balance. Thank you.
Customer: Am trying to subscribe to my Airtel data bundle it's not going, please what could be the problem
Support: Hello @739507, apologies on your experience. Kindly share the affected number and the code dialed via inbox for better assistance. Thank you. ^TOwo",
e1a600d2fd462ecdca34454212f9b9ea,Tesco,"Customer: I keep getting Sorry, an error occurred, please try again. when trying to check out, is this a problem at your end or mine?
Support: Hi Jay, I'm sorry about this :( Nothing has been reported to us, can you please try clearing your cache and cookies? 1/2
Customer: @743251 I'm getting this error too guys. On different devices too.
Support: Can you advise which of our sites you are on Haris? TY - Jayne
Customer: Tesco grocery shopping online, cart is full, first time order, I get an error when I submit payment.
Support: Thank you for getting back to us, can you please delete the cache and cookies and try again. Alternatively, can you please try an alternative browser or device. TY - Chris
Customer: Hey, I've done both. Still the same deal.
Customer: @743252 HI, I am having the same problem with an error message after my card has been verified. I have tried different devices, browsers and cleared cache and cookies.",
fd9bfd92c906e68951e7b21553c4f817,airtel_care,"Customer: Anybody still on dis dubious network @118424 ?....port as soon as u can, u might be d next victim o
Customer: Hello @244292 sincere apologies. Kindly provide the affected mobile number to enable us attend to you promptly. Thank you.
Customer: dear Airtel, my subscription is not 30days old yet &amp; I was informed my data (750mb plus) has expired this morning 08023841424
Customer: Hello @244291 checks show you subscribed to the Android 2.0 Bundle on 13/9/2014 to expire in 30days which elapsed yesterday.
Customer: What do i need in order to start your 11pm - 5am free night calls. Is conference call possible on the platform?
Customer: Hello @244290 please provide your mobile number for checks and assistance. Thank yo.
Customer: do i need any code to commence the night calls from 11pm-5pm. Pleass, advice me
Support: Hello @244290 kindly dial *786*10# to activate the Night Call bundle, which costs N100, valid for 5days. Thank you.
Customer: @244290 Please how will i stop this? It should not be automatic
Support: Hello@ABUBAKA32955486, kindly provide affected number via direct message for further checks and assistance. Thank you for choosing AIRTEL. ^PAPU.",
1288f72fad6af5b1c968e3d4aeaa46cf,askvisa,"Customer: Descubre lo que te pierdes por no usar el 100% de tu tarjeta #VisaPlatinum.
https://t.co/eNo2wKjKrb
Customer: que es número de cuenta visa rewards  q piden en el registro. Gracias
Support: Lo sentimos, Jose. Este servicio de Visa Rewards no está disponible en Colombia.
Customer: @466592 Y en Nicaragua tampoco?",
14b5e4277f113843a72cec5cc36732ba,AmericanAir,"Support: We don't like nightmare's, Carson. Has it been taken care of for you?
Customer: no. on phone waiting for supervisor
Support: We've responded to you in DMs.",
f3a914d72d556b80fbf76554909ed0a7,ATVIAssist,"Customer: Hello, GHOST not working,support can't help, tried lots of this, don't know where to turn,(refreshed PC,all drivers there,help
Support: Hi! Are you getting any error messages? Can you take a screenshot of what you're seeing for us please?^MD
Customer: Sorry i can't help... haven't been on in ages.",
90f7149a119c285cac87ed6ee6105447,ChaseSupport,"Support: *UPDATE* http://t.co/r2c6MVBo6B is back at full speed. Thanks for your patience, and sorry if we slowed you down.
Customer: Thanks. How about Chase Ultimate Rewards site? Booking air tickets on ultimate rewards is still NOT working.
Support: The Chase Ultimate Rewards site is up and running as well. Thanks for your patience and please try logging in again. ^TZ
Customer: @674383 This still work
Support: Hi, our website is working normally at this time. Please clear your cache and cookies if you're experiencing issues. You can also call our Travel Team at 1-866-951-6592. ^JW https://t.co/znUu1VJn9r",
638645787063d9982eb9c17565d80459,marksandspencer,"Support: Introducing the turkey &amp; pigs in blankets... Could this be the ultimate Christmas sandwich? #MagicandShelter http://t.co/nVQajeI1mC
Customer: @125762 Will you be bringing the pigs in blankets sandwich back this year? It was amazing!
Support: @125762 Looks like we will be Nic, but it won't be available yet. Thanks :)",
1d76afd27d343252c7a7a2bca51032a2,JetBlue,"Customer: This is disgusting. You had 5 chances to get this to taste like cheese and struck out with each of them. http://t.co/mQcNBdvFCn
Support: Sorry to hear, Joseph. Please speak to an inflight crewmember if you're unhappy with your Eat Up box.
Customer: : @815167 wouldn't know good cheese if it grew between the base of his penis and his testicles
Customer: @JetBlue @jetblue great job making a better cheese package! https://t.co/hyLapMVMrT",
78758e1a20a92614551dd56294223adf,AskSeagate,"Customer: I have my backups going to the external drive.  Are these files safe to delete?
Support: What device do you see the .nbi files on? And which OS does that device use?
Customer: This is on my Windows 8 PC.
Support: The .nbi files are part of the backup &amp; are needed for data restores. You can delete the current backup plan &amp; data,
Customer: @119616 I have Win 7
Customer: @119616 I have 3.43GB of NBI files.  Can I delete all but the newest? I did not see the earlier thread about troubleshooting
Support: Unfortunately, the .nbi files cannot be deleted. Please contact your regional Technical Support team for assistance:
https://t.co/P1923ANV5x
Customer: Who is that?",
ffa2d6b557757e750c2cfe4198bcab4b,VirginTrains,"Customer: http://t.co/1DmcxcTMhV
Support: We know how this will end... ^LF
Customer: Oh Really? http://t.co/1qk9ifS35f
Support: That's how we thought it would end :-) But the real question is, are you now out of breath and sweating? ^LF
Customer: no, needed to warm up anyway 😒 kinda cold
Support: Fair enough! Now to sit back and enjoy the journey :-) ^LF
Customer: @531609 hey @531609 did you make it to your destination then?
Customer: @VirginTrains Nah I’m still on the train :/
Customer: @VirginTrains uve done 3.2 million miles quick maths
Customer: @VirginTrains jheeezzzzzzz
Customer: @VirginTrains Nah I’m stuck outside new street. Been about 3 years ://
Customer: @VirginTrains ahh peak times hope u get home soon",
96cdb78ceae061a11092da35a6777622,AmericanAir,"Customer: cld you pls update passengers of AA5 from DFW as to status of 2nd plane on this service after mech failure? Are we flying out?
Support: We know you're anxious to be on your way. We'll have an update on AA5 at 7p. Thanks for your patience.
Customer: another half hour added to terminal monitor. 7.5 hr delay on AA5. One $12 meal voucher. Abominably poor communication. Cmon AA!
Customer: @AmericanAir OMG, the same thing happened today and nearly 8 hours sort it out.
Support: Please have them reach out to us directly so we can take a look at this.",
3b6951966c815d0ebcf798cf4aad40cb,AskPlayStation,"Customer: i ternd off my ps4 and it just says preparing to turn off the ps4 for 7min to unplug it?
Customer: ??
Support: Frozen on message: Preparing to turn off. Disconnect your PS4 from the power source for 3 minutes, reconnect and try again.
Customer: @822638 
It says dontdisconnect from AC power. 
Iv got my pro preparing to turn off over two hours. Help please
Support: Hi there! Please press and hold the power button for about 10 seconds, it should turn off manually. Then try again.
Customer: @487086 I want to correct this really fast as i just did it myself: it's closer to 15 seconds",
99fcd843af3742e1d6b31ae058e3edb6,Kimpton,"Customer: Disappointed @Kimpton has been taken over by @121349 I can see the unique boutique amenities leaving. :( less perks more executives
Support: We're sorry you can envision that, &amp; we totally get it. But trust us on this one, we're trying to preserve a rare gem here.
Customer: I'm happy to say I was proven wrong! Over two years later &amp; while Kimpton Karma is going away, the Kimpton experience hasn't changed!👏🏼♥️
Support: Thanks for giving us the chance to prove it!",
2f010970fc41be5e36950bb195aec7a5,AskSeagate,"Customer: hi any idea why my new seagate central hard drive has created 30,000 bootstrapdb &amp; media server daemon files &amp; how to stop it?
Support: Hello @751172, we can help you get this resolved &amp; we'd like to have someone reach out to you to get this taken care of. Pls follow
Customer: @751172 have the same issue with my Seagate Central drive. Any solution yet?
Support: Please DM us the serial number on your Central and give us a detailed explanation of the issue. We will do our best to assist.
Customer: Can't DM you, although I follow you. Serial Number is NA6SCV8K and here's an image of less than 1 DAY of unwanted files! You can imagine what it looked like after 6 months!! What the solution??? https://t.co/41gp4EtEn0
Support: We do have a solution for removing bootstrap files on Central drive but it is very detailed and requires a phone or email contact to go over the full instructions. Try the following link to contact us by phone/email: https://t.co/RaI39cPp6B",
bcaabf998b7ce78e3a66acb3158c382d,SouthwestAir,"Customer: Question, @SouthwestAir. Is chewing tobacco allowed on planes? Not happy when the teenager next to me pulled some out on a 4.5 hour flight.
Support: There is no policy for/against the usage of chewing tobacco onboard. We apologize for your Inflight experience. ^DD
Customer: @404386 There should be a policy. Not only is it nasty, it smells horrible as well. Tobacco is tobacco, smoked or sucked. Ban it on your flights.",
00fe75417ec29f4a9985fe437fc74a9a,UPSHelp,"Customer: I think #UPS lost my Christmas cards. Shame, shame on you  @115817! #naughtylist #horriblecustomerservice @150659 @UPSHelp
Support: Send the tracking number to __email__ for assistance. We would be happy to take a look for you. ^MK
Customer: @UPSHelp  Did that &amp; was told to contact Apple.  Apple has nothing to do with it at this point.  It's a UPS issue.
Support: If it is a lost package situation, then Apple has us refer you to them for assistance. I do apologize. ^JD
Customer: UPS unwilling to email the local hub in Cincy. He asked to speak to the manager &amp; was put on hold &amp; never came back. #upsfail
Support: Let me see what I can find out for you. When you have a moment, email our team at __email__. ^ML
Customer: Thanks @UPSHelp I sent an email w/ tracking # about 15 min ago.
Customer: @UPSHelp  https://t.co/ccVmTDf1RS",
d79c787bcd006045586c970018bb794b,Uber_Support,"Support: Question, comment, or concern? Tweet at @Uber_Support. We'll be happy to help!",
53cbd05b2437d9a08807dc959f8f0122,AskPlayStation,Support: Please start your console in safe mode and select the option Restore Default Settings (Option 4): http://t.co/xAElY46r9j,
2b00d2c3e42e3478a2eac890191fb9d3,YahooCare,"Customer: Can you assist me in signing into ymail? Waiting a couple of years for the reset email to be sent to alt address.
Support: Hi David, sorry for the inconvenience. Have you tried to recover your account via our online Password R... http://t.co/NgB8S7mv55
Customer: Hi thanks for the reply, I've tried many times but to no avail. Checked junk mail too.
Support: Hi David, Our Accounts team can help you with accessing your Yahoo account, as well as updating the rec... http://t.co/3f4CQL6iqn
Customer: Still no luck logging in after 3 years, can you help now?",
5b45c96eacfb1f812f79c3d33bbaeb4f,AskPlayStation,"Support: PS4 users: If you are still having issues signing in to PSN today, please reboot the console and try again.
Customer: Hello I cannot to connect to the ea server in fifa 18 and gta v and in another game is connect to the network. You have some answer
Support: Hi there. That sounds a bit strange. Please power cycle your network devices and try again: https://t.co/UUMNDRIFMj",
b0c8fd1725f3dd51c051b07c20d99cbc,GoDaddyHelp,"Customer: since redirecting my Blogger to GoDaddy over year ago the internal links on my site sometimes fail ie land on GoDaddy park page
Customer: ...my links aren't working. What could be causing this please? http://t.co/8XbUpXgXt7
Support: You would need to verify the non-working links are valid from within your Blogger account as some of them are working fine.^M
Customer: sometimes they work fine, sometimes they don't. It varies and worse from mobile devices. Any ideas why it's inconsistent?
Customer: Still an issue. Not good...",
fb1bc49e99ab0a1f66357864183ba6bf,AskPlayStation,Support: Update for PS4 users: We've made recent updates to the network that should allow you to sign in without changing MTU settings.,
72c94599e363b2f3a2b307e195567b28,GoDaddyHelp,"Customer: just received fake email from __email__. See image. http://t.co/l3XlsxHHAK
Support: Thanks for the heads up! Please also submit this under Phishing here https://t.co/rzgXpmJlsK so we can fully investigate. ^NR
Customer: When submitting:""There was an error submitting your request. CSE002"" &amp; ""Submitting...Please Wait CSE003"" http://t.co/upJc0VZq7D
Customer: @GoDaddyHelp Getting same error with Chrome &amp; FF. Appears to be goDaddy specific. https://t.co/czYLyvYwJ8",
daa902ac018fb86b66deed3bf1299a74,AskPlayStation,"Customer: Where's my system? Are you fixing it or you'll send me a new one? and when? Service Request Case Number: 03163217
Support: Please contact one of our Chat agents at http://t.co/ImNfSm5w3f and they should be able to help you with this.
Customer: @277576 I will never do that again after yesterday's experience. Indescribably ridiculous understates it
Customer: @AskPlayStation  the worst service from Playstation,  it's the second time I had to send it for some fixes and they lost it, sucks
Customer: @AskPlayStation PlayStation lost it? Naw that doesn't suck that's straight Bullshit and should be on their dime not yours I hope",
6aa8d997c2a8aaebec64695ef164662b,Kimpton,"Customer: YAY! Two years after discovering @Kimpton and staying with them in SF,NYC,Philly,DC and Nova I've earned a free night &lt;3 can't wait!
Support: Score!! Where will you use your free night, @236856? Decisions, decisions! #chasethesun
Customer: I used it in Chicago! &amp; The team there was awesome, they helped me stay in the same room for the free night (even though it was a suite!) ♥️",
d9ae8e602063f6dbf42b1ab75b12b555,askvisa,"Customer: deseo activar #VerifiedbyVisa con mi tarjeta #Wellsfargo (USA) pero pide SNN siendo que radico en Mexico. Que debo hacer?
Support: Buenos días, Alex. Para solicitar la activación del servicio Verified by Visa, debes comunicarte con Wells Fargo (1/2)
Customer: y así tuve que hacerlo. Después de 3hrs de llamada internacional #WellsFargo resolvio. Pero toda la demora es ocasionada por #Visa.
Customer: @askvisa Disculpa, cómo resolviste sin un SSN?",
217ec153f8d14b32d108f05183e606bd,Tesco,"Customer: utterly outrageous behaviour by tesco at opening a tuxedo account for daughter who just started working for you. Contact me asap!
Support: Hi Christina, I'm sorry to hear this. Could you provide more specific details please? Which store? - Lowri
Customer: I will DM you now please act on it asap!! Daughter has a bank a/c and she does not need this card.
Customer: @Tesco You're not the only one https://t.co/5xbST3OXx6
Customer: @Tesco This was 2 years ago now - daughter now works elsewhere!
Support: I wish your daughter good luck in her new job. If you require anything else please let us know. Ty, Andy 2/2
Support: Hi Christina, we had last messaged you back in January 2015 unfortunately we didn't receive a response until today. Did you email us as advised? If you did can you email us your email address. 1/2
Customer: I got it sorted and we moved on. I just hope you arent still stitching people up with that rip off, inflexible pretty useless 'account'.
Support: Hi Christina, I'm glad you managed to get it sorted. If you have any further questions don't hesitate to get in touch. Ty - Reece
Customer: @Tesco They are
Customer: @Tesco Well @55002 seems tesco are still persisting with the Tuxedo card...so still needs exposing",
dfa8a2a120ca3d94fc5bd6c0bc878e97,Uber_Support,"Customer: account __email__ deactivated with no reason. resolve this ASAP.
Customer: Thanks for your patience, Sourav. A manager is looking into this now. Stay tuned for a response from @1562. *CY
Customer: @420908 @1562 My wife has left her phone in uber taxi which has taken from picnic garden kushtiya more,car no https://t.co/ws3Ioy8fp6 to reach uber/driver
Customer: @420908 @1562 Not able to log in to desktop site also.can uber help to get invoice as her registered mail is is __email__.
Support: Due to our privacy policy, we will have to speak directly to the account holder. Please have them contact us via https://t.co/rOtqyWzf0B
Support: Please have your wife send us a note using the following link and a member of our team will follow up -  https://t.co/BDlHSjUF9c
Customer: Can you Pls help how she will send the note as she is not having other smart phone.any other option to send note pls
Customer: my wife has replied thru link as provided by you. pls help to take fast action to secure lost mobile. car number 4168,drive mehtab
Support: Happy to help! We follow up to in-app support inquiries in the order they are received. We appreciate your patience.
Customer: Hello ... thanks for getting in touch.... we have recovered our phone from the person who picked up",
1bdf3d91c0f74303e55109f42d34bc58,,Customer: Yazı TÜRKÇE'DİR Bu twite Türkçe cevap verebilecek bir insanınız varmı? Yok mu? ÇOK AYIP!!!!!!!!!!!!!!!!!!!!!!!!!!!!!!!!!!!!!!,
a7fecb205e3bb575c511cb3a394788b3,McDonalds,"Customer: So @McDonalds is goin to start accepting a random type currency soon.. I wonder it its $btc #bitcoin
Support: We don’t want to ruin the surprise! Hang in there, we promise it’s worth the wait!
Customer: @265954 perhaps with Bitcoin Cash?
Customer: @265954 I don't like cold Hamburgers - Bitcoin Cash is hot &amp; fast (transaction)
)",
e474bfb8554254f6039b25078fbe8829,XboxSupport,"Customer: Bought physical copy of GTA5, year ago. Unable to play it properly cuz it freezes often. Would you allow me to DL it free ?
Customer: Hiya! Could you give us a little more info about what you see when the game freezes? Does this only happen with GTA 5? ^SV
Customer: It freezes for a second, crashes then restarts on the same place at simeon's garage early in the game. Issue is only on GTA5.
Customer: OK, first thing to check, do you have both discs installed to the console? ^NX
Customer: No, disc 1 is installed only and disc 2 is play disc.
Customer: Excellent! Glad to hear that. Let's clear the cache http://t.co/05S4ysgMGD , reboot the console and re-DL profile. ^NX
Customer: My mistake please check this error after clearing cache and reinstalling still freezes @ simeons garage http://t.co/VCX8Ud6QVc
Customer: RT
Support: Gotcha. Would you be able to try the disc on another Xbox 360 console? ^MP
Customer: I cannot and have not been able to try the disc on another console.
Support: Got it. It has been a long time since you tweeted us. If this is still occurring you may need to replace the disc but 1/2  ^IS
Support: trying the disc on another console can help you confirm if it is in fact an issue with a disc. 2/2 ^IS
Customer: There are no issues with my xbox360 console as all my other games work fine. The only issue is with GTA only.
Support: Got it. It sounds like you need to replace that specific disc have you tried that and still seeing same problem?  ^IS
Customer: No, not tried, because I do not have a replacement disc to try. I only have the discs I purchased.
Support: without having to pay for the whole game again. Let's contact Rockstar and let them know :)  2 ^NX
Customer: You've asked me to contact another company that ignores my messages, soon I'll be forced to seek legal advice #LimitationAct1980",
a7b1c52d5f4410da46eb176fb16572e2,XboxSupport,"Customer: i need help
Support: Sure thing! What's going on tonight that we can help with ^JN
Customer: why did my wife leave me @XboxSupport
Customer: @XboxSupport @XboxSupport how many retweets for a free xbox one?
Customer: @XboxSupport Poor Xbox Support :D Getting so many notifications
Customer: @65025 @XboxSupport You was lacking a PS4 https://t.co/SvoLzL8wvo",
583b568e894668184a2ada24dfe0c453,ask_progressive,"Customer: Hey, @131610, Phone# 1-866-840-4246 is posing is you &amp; requesting personal information. What are you doing to combat these fraudsters?
Customer: @131610 Got 3 calls today from the same number. Same story. Requesting dl#
Support: @293820 @131610 @293820 We’ll attempt to reach you when your license and policy state don’t match. So we can look into this, please call 855-266-8485. ^RL
Customer: @564557 @131610 Tweet was from 2015. Given that I never responded (and that never was true) &amp; you never sent e/postal mail, your methodology is dubious.
Customer: @ask_progressive @131610 No problem for me anymore. I blocked the number. 😝",
ebecdd88519dfcadeacda4fe513a230a,DellCares,"Customer: Hi @DellCares, how can I order a replacement keyboard for an Inspiron 3537? The model isn't listed on your parts page. cc @12329
Support: @10730 Since we have not heard back, we'll temporarily archive this case. Please reach out to us at your convenience. We're here 24/7.^RC",
32207ef1706a41cee54ae1b793f3de16,AskPlayStation,"Customer: My ps4 is still showing error code WS-37368-7 am I the only one with this problem and please fix it.
Support: Error WS-37368-7: PSN account has been banned. You will receive an email with details of the suspension: http://t.co/hgrDdfJdZG
Customer: @180161 Am I able to get my banned account back due to id name?
Customer: I've been banned for almost a year now although i was a loyal PSN user for 5 years. I didn't receive any e-mail. Please help
Customer: @180161  I cannot access network error ws-37368-4
Customer: @180161 I'm suing for this shit. I've already spoken with an attorney, Bring your worst.
Customer: @180161 Hey Playstation my name is Jordan and I have an account  with the username __email__ got banned (WS-37368-7).Can I get it back?
Support: Sorry to know that! For more info on banned accounts, please follow this link: https://t.co/2CpHxuUKRB
Customer: @AskPlayStation وش صار ع حسابك
Support: That's very strange. Can you go into more detail of what you were doing when you got this error code?
Support: Hello Jordan! For information on banned accounts, please follow this link: https://t.co/2CpHxuUKRB
Customer: @180164 
 When I login to the net I got this massage. https://t.co/7hxsdWG3wL
Customer: @AskPlayStation وش صار ع حسابك",
315f6aa3622ccd42b324d7c7f736d44e,SW_Help,"Support: The lines between #Axminster and Exeter are currently blocked due to signalling problems. More info http://t.co/dRwmdGOeLj
Customer: how am I gonna get from Axminster to Exeter St David's?
Support: There is replacement road transport running from Axminster - Exeter. We're in the process of ordering cabs and coaches at present
Customer: @286533 @SW_Help is there a train coming to Crewkerne going to Waterloo or should I make other arrangements?? Thanks
Support: @286533 Hi Tom, sorry for the delay this morning. There should be a train with you any time now. ^PN",
1f6dab9dfee8ca6f0939326fd04dd92c,JetBlue,"Customer: Hey! Can you check-in a box as a checked baggage on domestic jetblue flight which does not exceed the standard 62 inch (l+b+h) ?
Support: You can - we accept boxes as checked or carry-on baggage on domestic flights only. It must meet size/weight restrictions and... 1/2
Customer: @701254 Hello, do you accept oversized boxes in international flights if one pays the $100 fee?
Support: @701254 We accept boxes as checked baggage on domestic flights only. --Ruby
Customer: @701253 @701254 even if it is a bike box?
Support: How large is the box you're trying to check your bicycle in?",
8d0336b9beb774d464e74977d5f5680b,,Customer: Dear @115786 @XboxSupport where is the latest walking dead?? Its 2-16 and 2-15 is not posted!! This is my fourth and last season on Xbox!!!,
8f81c79f5d87832f2ed4be8c98662e2e,AskSeagate,"Customer: where did all these bootstrap,media_server_daemon, &amp; messages files come from and how do i get rid of them??
Support: There may be a workaround for bootstrap issue but a bit too involved for Twitter. Please call us @ 800-732-4283
Customer: Same issue Seagate. Is there a solution published?
Support: Pls give us more clarification on your issue. We will do our best to assist you.
Customer: Bootstrap and media server daemon files are filling up my Seagate Central. I know they are plex related but want to get rid.
Support: Pls use the link bellow to download the latest firmware version for your drive. 
https://t.co/hogMXnKlFp
Let us know.
Customer: @751178 I have the latest firmware, but still my drive is filling up with these bootstrap and media server files! What's the dealio!?!? Thanks",
314252f0cebb16629d08518f3b2e7f9d,ChaseSupport,"Customer: We have over 1 million wallets provisioned to date on Apple Pay. #InvestorDay $JPM http://t.co/1ARjmJdLKv
Customer: 1 million.  Great for you guys, but doesn't help me. Why not my United MileagePlus Explorer Mastercard?
Support: 1/2 Though we’re not supporting MasterCard, the Chase United MileagePlus Explorer Visa card can be used through Apple Pay. If you
Customer: @514522 Old thread but will chase united mileage plus MasterCard be on Apple Pay soon?
Support: Your feedback is important to us. Please DM your name &amp; zip, and I'll make sure your concerns are shared. ^JW https://t.co/znUu1VJn9r",
110ea86c0170d8f2eec5035c4885c96b,ATVIAssist,"Customer: I'm having a problem with... https://t.co/5q6KDflkmU
Customer: @ATVIAssist @19171 @19172
Support: @328791 Feel free to DM me if you still need help. ^CB https://t.co/c9WoAfwenP",
4838855bd66d8aa2ddffac8e0efe3f7e,comcastcares,"Customer: My internet was faster back in 2001 @116136 #ComcastSucks #comcastoutage
Customer: @54837 @116136  https://t.co/lw6xrcbn0b
Support: Hello, I apologize for your internet speed issues. Can you please DM your phone # &amp; full address? I would like to assist you.  TY. -DR
Customer: 902 S. Charles St. Baltimore, MD 21230 410-234-0235
Support: I've responded to your DM, for security purposes, please delete your public tweet that includes your personal info. -DR",
b6a4fb16ab0ffd707529fbbf938b39f2,marksandspencer,"Support: There's milkshake and then there's milkshake with Belgian chocolate chips - who fancies a shake? #MandSAmerican http://t.co/uFNL1W1KFI
Customer: @marksandspencer what happened to your cappacino milkshakes? they are the love of my life and have been taken out of local stores
Support: We're not selling these at the moment Martha. We're not 100% certain, but they may come back in the New Year :) Thanks for your tweet",
a43d491db8851a07fb04c04c8a6e25cc,Tesco,"Customer: I bought a £9.50 toaster from Tesco yesterday. 

I couldn't be happier. 

I can fit 3 hot cross buns in at once without any getting stuck.
Support: Well that's not bad at all... #EveryLittleHelps
Customer: Remember this? It's broken now...

And I'm sad!
Support: Hey Iain, long time no see :) I am very sorry your toaster is now broken :( Can I ask if you had purchased this in store or online? Thanks - Jay
Customer: It was an in-store purchase. Alfreton. We'd all been so happy with it.
Support: Hi Iain. If you still have the packaging the toaster came in, can you send me a picture of the barcode? With this I can check if we still stock this product. Thank you. - Alisha :)
Customer: I can show you its bottom... https://t.co/nQRySMkJyP
Support: Hi Lian, I am very sorry however this has gone past it's guarantee, so we would not be able to exchange or refund it. I can see that the Alfreton store had 6 in stock last night if you were looking to purchase a new one - Allyn",
beee54211fa7c5998c6c0037c587259c,Kimpton,"Customer: Happy Birthday Becky ! 🎉
@102772 
@28030 http://t.co/YWBhr32PrE
Customer: ... enjoying my #PinkSquirrel thinking of Crystal and @28030 ...

... Vol. 39 in The Gray @Kimpton ... #Chicago

#WinterWarmer☕️ https://t.co/x8ugcj8Fa6
Support: The drinks should help keep you warm in the windy city, cheers!
Customer: ... they did ... and their favor was amazing ...
Customer: ... they did ... and their flavor was amazing ...",
3fa4ddb04ee997b4c3a5a88f8cff48ec,TwitterSupport,"Support: Learn how mute, block and report can help you take control of your experience on Twitter.
https://t.co/nE1Qc45Xro",
83663864fbd1775ce2ce02aeb1e96109,Tesco,"Customer: selling something nearly two weeks out of date. #NotCool http://t.co/UaxNnVS3lD
Support: Hi Haraam, I'm really sorry about that, can you tell me which store this was in please? - Owen #Regards
Customer: am no a grass
Customer: @Tesco i dont know",
ed01c818d937dbd6bf99bc6ce171b2d0,AirAsiaSupport,"Customer: If buy Baggage and meals after 1st Apr...is there any GST apply. Thanks
Support: Hi, kindly write in to our E-Form at http://t.co/K6AyoYyEnJ for more info. Our Customer Care team will assist you accordingly.
Customer: Many thanks for your prompt reply..will send the request form accordingly..Best Regards
Support: Hi Khaw, you may actually do it online via Manage my Booking up to 4 hours before departure. Please try it there. Thanks. -Floi",
aaaa8729a95fd68b0f44ffdde88b545c,British_Airways,"Customer: having issues with the BA app, can't get my boarding pass. says there is a problem with passbook. any quick fixes?
Support: We're sorry to hear you're having issues with our app Dave. Have you tried refreshing it? ^Kelly
Customer: I've problem with the App too, this message keeps coming up ""Invalid_grant......U hav logged out becaus there was authentication problem""
Customer: Dear BA. It's broken on Android 7.1 as well. Please fix this, or put the old version back in the store!
Customer: I’m getting this problem today on two different phones. Is it an account issue rather than a phone issue?

And will I be able to get my boarding pass when I’m coming home?
Customer: Still a problem with this - deleted the app this morning and reloaded it... so frustrating when you rely on the app as a regular traveller! https://t.co/aejwlhFlhr
Support: Hi Chris.  Sorry for the late reply.  Our IT team are aware of the issues and are working hard to fix ti as soon as possible. ^N
Support: We'll pass your feedback on to our Web team. Thanks for your feedback! ^Lolly
Support: We usually suggest deleting the App and re-installing it. If this doesn't work please allow time at the airport to collect your boarding pass. ^Gill
Support: Hi Paul, the best thing to do is report this fault through the application. You can do this from the menu on the right. ^Sarah
Customer: So after at least 2.5 years nobody’s considered fixing the bug?
Support: Hi Andrew.  We appreciate this is a very frustrating and annoying, especially when things don't work the way you want them to.  Out IT team is aware of these problems and doing the best to find a fix to the problem.  However, we don't have any time frame at the moment. ^N
Customer: I’m sorry but BA has known about this problem for years and hasn’t fixed it. What’s your IT team doing?

The App Store is full of reviews complaining about this. 

Now on try return leg of my journey and it’s still completely broken. This makes the app completely useless.
Support: Hi Andrew, I understand this is frustrating. Our I.T are working hard to fix the issues. We appreciate your patience during this time. ^Tom
Customer: Just did a quick twitter search on this issue and there are dozens of people reporting this regularly for years. Your response is always that the IT team are looking at it or work on a fix. That clearly isn’t true.

Is there a customer support email address?
Support: Hi Andrew, we've genuinely just not found a fix for it yet. It's been reported to the IT team. If you'd like to set up a complaint, we can do this from our department. Is that what you're looking to do? ^Kimbers",
aac98e92c92a1fd7d77c76f6bc49acc7,Safaricom_Care,"Customer: @150695 you as partner need to work on my case.
Customer: The KCB M-PESA account is being handled by KCB and not @Safaricom_Care . ^HG
Customer: @226474 @Safaricom_Care Why would you as safaricom partner with KCB in giving people a hoax product? You have failed us!
Customer: Your account opening is still being followed up on, not all number open automatically when opting in. ^HG @226474 @Safaricom_Care
Customer: @226474 @Safaricom_Care And that's why I asked you jana if there's a problem with my number...you never answered back.
Support: You will be assisted by @150695. ^MC
Customer: @150695 You are just passing the buck to KCB who seem overwhelmed by all this n spoiling your name. Be serious safaricom!
Support: Hi, &gt;&gt; @150695 will assist you. ^MO
Customer: @150695 Yes hi...they have not been assisting me since Wednesday...something is wrong... HELP THEM!
Support: Hi they will sort you out. ^MO
Customer: Are you people working in cahoots with @150695 to frustrate us? Mpesa ni ya Safcom or KCB? C'mon!
Support: Hi, we've tried to contact the number but in vain. Advise on the appropriate time to call. ^MO
Customer: Which number?
Support: Hi, ***753.. ^MO
Customer: Not that one.
Support: Hi, DM the correct one then we check. ^MO
Customer: Check DM
Support: on it. ^MO
Customer: Just tell me what's wrong instead ya kushinda nikisumbuana na @150695. And tell your customers KCB Mpesa account is a hoax
Customer: @Safaricom_Care @150695 I have the same problem it's 5 month sasa I have never gotten my reversed transaction...you have been moving me up and down kcb poor customers care service
Customer: @226472 @Safaricom_Care Hi, Please assist us with the ref number that had been assigned to your query when you first complained *AW
Customer: @226472 @Safaricom_Care We have sent a reminder to the team handling for further checking *AW
Customer: @226472 @Safaricom_Care Kcn-4058386-H7X8
Customer: @226472 @Safaricom_Care  https://t.co/q6YKTDfZkm
Customer: @226472 @Safaricom_Care You have gotten the message the you have kept silent",
9b5464c95f713a6ec9145be28f8a37a3,AskRobinhood,"Customer: One year ago today: The first trade is executed on Robinhood. #RobinhoodRewind http://t.co/4PYBYyubIL
Customer: Will short selling be available in the future? Also an ability to separate my open positions from my WL would be great.
Customer: Yes, shorting will be supported when margin accounts are avail in a few months. Thanks for the WL suggestion!
Customer: @232071 Can you please give us an update on shorting?
Customer: is short selling supported now? Love ur app by the way
Support: Hey! 🔮 We hope to offer that in the future! 🔮
Support: Not at this time, but we hope to offer that in the future! 🔮
Customer: @232070 You been saying you will implement short selling for years now. I'm starting not to believe you anymore and am wasting my time deciding if I want to use your API...
Customer: @650850 Why can’t you offer it now?
Support: No updates yet. We'll update the community when we have more details to share!",
f8eedff0c9e393d29d1d3754ca618253,AmazonHelp,"Customer: The Eye of the Lamb.. http://t.co/g5oOziFOOX
Customer: &gt; 👀  “Look, today I am giving you the choice between a blessing and a curse!""

http://t.co/A40Reb375B
Customer: &gt;  “Enter by the narrow gate; for wide is the gate and broad is the way that leads to destruction...""

http://t.co/qlZ61m514l
Customer: &gt;  “No one after lighting a lamp puts it in a cellar or under a basket, but on a stand, so that...""

http://t.co/PuGpVHfCJ4
Customer: ⭕️H 👀.. My olive oil lamp arrived at my gate this morning. Found the UPS package as I went to unlock gate for a hay delivery for my 🐎 🐎's 👀 https://t.co/4JriRPapr2
Customer: Bought 3 big boxes, 2 were opened with a small narrow box inside. 1️⃣box said 'For You' ➕1 stick. Other had 2 sticks https://t.co/iDlhYQf7ge
Customer: Purchased through @115821. The packages were opened tampered with, additional items inserted and then shipped to me. Reprehensible QC❗️
Support: I'm very sorry to hear this. Have you chatted with our Customer Service to go over options: https://t.co/hApLpMlfHN? ^JM
Customer: It’s not the Value of the items I bought, it’s rather what the tampered with boxes may have contained. Now I do business with @127271",
bc1ea2a0d1820f94b286a95d73fa6e84,VirginTrains,"Support: Check out our new #FitnessCoach soon to be travelling on our network, the first ever onboard gym @74576 http://t.co/GItLvOPgrf
Support: When life imitates April Fool's Pranks... https://t.co/T3Ul4DaSNb https://t.co/kh8W4S2Pef",
ebfdda7577d9d514bdb50d687a6a7fd3,BofA_Help,"Customer: can you tell me if I can use my debit card in Colombia for usd 2.500? And how much would be the bank comission? Thanks
Customer: @BofA_Help Were you able to take money out with your debit card in Colombia?
Support: Please let us know if we can help with your account. Click below to connect with us privately. ^kb https://t.co/CoOXedUuUC",
f78ba3f56db2a83a5606cf0bf94e0ef2,AirAsiaSupport,"Customer: MY PNR IS PJ17VH  WISH TO PRE PURCHASE ADDITIONAL BAGGAGE UNABLE TO DO SO. PLEASE HELP
Support: Hi, what errors are you getting? I can help you add it, just follow back and DM (Direct Message) your booking number. Thanks.
Customer: HAVE SENT TO DIRECT MESSAGE
Customer: NO REPLY FROM U
Customer: L9CN7U
Customer: PLEASE RESPOND
Support: Hi there, we have assisted you via DM. Kindly check inbox. Thanks-Sha",
e94d0754d971076bb142b167d3b75b9c,AsurionCares,"Customer: How do I get a receipt of my monthly charges? I can't seem to find any way to do this and I need it for an expense report.
Support: Typically, you can contact your carrier for a receipt of your monthly premiums. ^LN
Customer: Yeah, for some reason it isn't listed on my Verizon bill and its charged separately to my Credit Card as ESH Tech Protect.
Customer: @AsurionCares I have same issue. How do you get Asurion to answer?
Support: We're here to help anyway we can. Can you tell us more about what's going on? ^AW",
820f4bef6b5038028fc22b69d2ddbb97,AmericanAir,"Customer: Wow. I fly a lot. But @AmericanAir is above the rest.  They care about people.  I fly 100,000 miles a year and they are the BEST.
Support: Thanks for the shout-out, Charlie! Now let's make more of those 100,000 with us. #wink
Customer: @324935 @324933 The best at sucking 😎
Customer: @324935 @324933 Y'all swapping nudes ?",
a66e0d858b2756454b12482ae77f12fe,SouthwestAir,"Customer: will the ncaa championship game be on wifi tonight? Also, any plans for a nonstop from MKE to HOU? 3 hr drive  to MDW no fun
Support: CBS is one of the channels we offer on Inflight TV! (1/2) ^CC
Customer: @325538 What city does CBS come from",
021a833ae430b5f90b870f2cf4c496ad,Ask_Spectrum,"Customer: Am I supposed to connect it to the router or the wifi? @117890
Customer: I'm sorry, we gave you an antenna? Is it for TV services? ^SH
Customer: yes. A small box.  It gets stuck at 95% and I have already rebooted a few times
Customer: Is it a digital adapter? Is there a name or model number on it? How long ago did we give it to you? ^SH
Customer: @150409 I'm staying out at an rv park for a few months their boxes are loading to 95% and stopping any advice would be awesome, thank u.
Support: That is usually a sign of a signal problem. Is this affecting many boxes?
Customer: And...it didn't. 😒
Customer: As far as I know its just us, my boyfriend replaced the main cable wire in hope that'll help.
Support: Hello, I do apologize for the service issues. Could you please DM us an account number or telephone number? So we can assist you. -BA
Customer: You guys came out the other day...come to find out its our tv. 😜 go figure
Support: I am sorry to hear. If you do need further assistance, Please DM us. -BA",
9d413135595c08ee0b3623a597d55dbf,AskPlayStation,"Support: PS4 User's Guide: http://t.co/zXysLKjE0j Easy to use guide will help you get familiar with the PS4's many features.
Customer: I keep getting the discovery alert whenever I turn off ps4. Y won't that stop even after IV seen its suggestions ?
Support: The Discovery Notifications is a default message system that shows up everytime you turn on your console. It cannot be removed.
Customer: @145799 This is nonsense.  Why is there no way to disable it?

Any game you play will have a ""disable hints"" or ""skip tutorial"" function, but Sony programmers can't code one into an update?

That's either a terrible excuse or your staff are beyond incompetent.",
1dc5ab9af3df3ee2b3398c2e256785ea,O2,"Customer: When will @121121 finally recognise that users want Apple's native Visual Voicemail NOT antiquated legacy solutions https://t.co/cd3w6veEYU
Customer: Thanks for your feedback for visual voicemail. We'll pass this on to the team. &gt;Dawn
Customer: @695320 Any more news about Visual voicemail? I’ve just switched to three and I’m still in the cooling of period so may just cancel my contract
Customer: [3/3] .&gt;LR
Customer: No problem, I didn’t realise there were stuck in 1999! Will send the phone back on Monday. Thanks for your help. @O2 I’m coming back
Support: That's what we like to hear Kevin 😁 Let us know if you need any help with anything.",
f15a4f798420ec959d1b106a7954fe97,Uber_Support,"Support: Some riders may have trouble requesting rides. We're working on a fix and should be back shortly.
Customer: Can't see schedule a ride. Frustrated.
Customer: I am facing a problem with requesting a ride. I get an error message while confirming booking. I can request a ride from other phones.
Support: Here to help, Ted! Check out https://t.co/avOql7o416 for info on Scheduled Rides. Send us a note at https://t.co/SjsQQ8ofRq for assistance.
Support: Here to help. Kindly send a note at: https://t.co/xMxswVLBKT so our team will get in touch.",
a1694019ad4277f09cabaf841d866f16,NikeSupport,"Customer: in the Nike+ running app I'm not able to change the coach 5k program start date. Can you please guide on how to do the change.
Support: The Nike+ Coach start date will automatically be determined based on the date of race. Does that make sense?
Customer: Hi.  I am on week 3 of marathon training under “My Coach” on the “Nike + Run Club App”. However, I recently noticed that the official “race date”, which is many months from now, is incorrect. How do I change it to the correct race date to make sure my last run is on race day?
Customer: Hi There, I started a coach program. I Start the run from the coach, when I finish the run I apply it but it does not work
Support: Good question, Martin. There isn't a way to change your race date. You'll have to start another plan to change the race date. Let us know if we can assist with anything else.
Customer: @NikeSupport Did you ever get an answer to this as I have just had the same problem?
Support: Let's figure this out, JD. Can you pass us a screenshot of what you're seeing?
Customer: I have done a run today but not being recognised by My Coach https://t.co/cY8vKH2R2V
Support: Select the run on your activities page&gt; choose to edit on the top right corner&gt; select my plan&gt; apply it to the schedule in your coach plan&gt; hit save. Success?
Customer: Sorted, thanks very much",
7542f1b956ecb89a442ee88914d7b522,VirginTrains,"Customer: Dear @VirginTrains saddened to see staff clearly enjoying closing gate on your customers 3 mins ahead of departure http://t.co/zWW1o3pFBG
Support: The barrier teams will close the gates 2 minutes prior to departure, this is a normal thing at Euston ^MW
Customer: The staff member was clearly getting enjoyment from his power trip, customer service and understanding sadly lacking. Appauled
Customer: @VirginTrains That’s exactly the experience I just had! Rude, power hungry, disrespectful! When I told her she was being rude she said “you’re not my mother!” Unbelievable
Support: @364905 If you wish to make a complaint regarding your experience do please get in touch through our website: https://t.co/t20UbyOCSn ^CB",
30ac5540f2db114dd4464cbf930d1b88,AskPayPal,"Customer: We are able to see ""Pakistan"" In the country list when we sign up for Business account. PayPal Launched In Pakistan?
Support: Hi, sorry for the delay. Can you please provide a screen-shot? Thank you ^AT
Customer: See attachment.  users are able to create account form Pakistan but it address changes to other country http://t.co/CASldMAUxe
Customer: @AskPayPal Hello paypal.....
We All Waiting for paypal,
Support: Hello. Sorry for the wait. Please send us a DM with more details regarding your issue, and I'd be happy to help. Thanks! ^FM",
524ef2ff34935635dd15bf7834fb06fd,Ask_Spectrum,"Customer: stinks!  Still cannot access work websites - of course its my fault.  Worked fine until 2 a.m. this morning. Ripoff!
Support: Visit http://t.co/3LYlz2ps2h for details on how to fix an intermittent Internet connection or call us at 888-438-2427.
Customer: haha.  they blame it on the ""node"" in this area being old and needing replaced; heard this for 6 years now.",
9fcb671ea1e5bad90380ac7fef0b80e5,TwitterSupport,"Customer: I am having trouble viewing content. I keep getting a content is not available message on half the videos I try to watch.
Support: Would you mind sharing your screenshot with the issue? Also, please let me know your device name and OS version. Thanks.
Customer: @381128 I have same problem now on iOS 11
Customer: @381128 Same here?
Customer: @381128 Same issue here never had it before content not available on videos black screen what’s going on twitter
Customer: @381128 Wow still no fix?!",
5a90a9c15284a16f7ed28eec2fda3ac0,Safaricom_Care,"Support: Our 'Mteja wa nambari' lady woke up with a sore throat. Save her the trouble and switch on your phones, Morning. ^RM http://t.co/CpBVfzhvNX
Customer: 
Customer: Could you please relocate the option of  buying airtime for customers on agents menu.
Customer: It is confusing us because we buying airtime instead of making deposit.
Customer: How do you browse Facebook in less than 10 minutes with 65 data bundles
Support: Please see DM. ^AB",
ad255143e93a8524ec53b26998506f73,idea_cares,"Customer: Himanshu Kapania, CEO, @116331 says that the firm has no plan to raise rates soon.
http://t.co/xBkxnmzTlL http://t.co/NdWyxVdznn
Customer: @116331 No response from idea customer care side.Just give attractive offers from other network.Then only business is good
Customer: @116331 Dear CEO if you feel really upset whats happening under your nose then please grill - roast or BBQ your uselss people
Customer: @116331 Sir 98501 58000 is down due to network outage for last 5 days , but your company is collecting money on recharges , is this fair
Support: We are sorry,we request you to check the message inbox as we have sent you the offers.

Regards,
Amruta
Support: However higher authority tried calling you, was unable to connect due to which we are asking your for alternate number (2/2)
Support: We are sorry for the inconvenience caused to you. We have your contact details. We will get back to you shortly. Regards,Pradnya https://t.co/LBfZgLCSfr
Customer: @371592 They only know how to make fool, no one from Idea ever cares to know my problmhttps://twitter.com/idea_cares/status/92__credit_card__
Customer: Wondering tweets are not taken seriously Top mgt is blind / deaf/ dumb to customer 's problems . Tine wasting jokers
Customer: How Can your so called higher officials so irresponsible so un Professional. My complaint 2 months old bang on the heads of ur higher ups
Customer: Idea is worst . Feel like denuding idea Top noses before ministry for cheating m paying but not getting data service it's criminal
Customer: Let higher authorities act responsibly not like stupid fools   My no is 9891121518 m travelling , try  again . Dolts ,my issue 2 months old",
c6375422a62fa246fdaba9cdb35d5fa5,hulu_support,"Customer: Your favorite @1724 shows are now streaming on #hulu. Set a course for fun here: http://t.co/OM5m0CJOCf. http://t.co/YpR5NGTO84
Customer: @1724 Pfft favorite get some ed edd n eddy on there!
Support: Hi! We'll be sure to put in the request with the Eds – if they aren't too busy trying to get jawbreakers!",
07069e6123af701c8e53c290183b48ff,Morrisons,"Customer: Why do supermarkets not label contents of instore baked bread? Asked in @Morrisons at w/end for info - no one knew 
http://t.co/1I3MQuRGJQ
Support: Hi Ray, all of our nutritional information can be found here - Chris http://t.co/EYG3nEpZPW
Customer: @442876 You won't find it, they've decided to retire that section. Never mind that I need the info to give DD correct insulin",
accb6154e02c714a0d2d599dc67b26ea,sainsburys,"Customer: Baffled as to why @sainsburys find it necessary to wrap bananas in #plastic. Bananas! http://t.co/HHeAnp7Dnn
Support: Hi, can you send me a pic of the barcode and I'll feed this back to our buyers? Craig
Customer: here it is http://t.co/vDJ59SwRBs
Support: Thank you. Your feedback has been passed to our buyers for consideration. Naomi.
Customer: thank you. 2 years on, they appear to still be considering?
Support: I can assure you this has all been fed back, thanks. Mariya
Customer: you said that 2 years ago but you haven't fed anything back to me
Support: Any Information from internal reviews would be confidential. It wouldn't be fed back to us. Your query would be taken on board but we wouldn't be given any information about this. Thanks, Karen",
913f570d2a40a12e9d1a7a8b5970c311,AskRobinhood,"Customer: We’re looking for front-end web engineers to help build our web app https://t.co/Xyi4RQtrQg http://t.co/hZOMCA5wg7
Customer: Does this mean that those of us waiting for @5738 integration will still be waiting a while longer?
Customer: A Mint integration is on our roadmap, but we don't have an ETA yet. Thank you for your patience! 😊
Customer: @145465 Is it still on your radar or is not going to happen?
Customer: @145465 I'm a software engineer. I will build this for you for free. Please DM. Lack of this feature only reason all my investments not at RH
Support: No plans on integrating with Mint or Personal Capital at the moment, but we'll let you know if that changes! 👍
Support: No plans to integrate! Sorry!
Customer: @145464 why do you keep pushing back on @5738 integration? clearly a lot of people want it. disappointing for a co that touts being tech-forward.
Support: We are focussing on improving our own platform at this time!
Customer: @145463 Haven't seen any new features after gold. Share some new plans. Can we get IRA accounts 🙏
Support: We are working on a web platform! Not ETA yet 🛠
Customer: @145462 How long is this going to take? We need the Mint integration please.
Support: No plans on integrating with Mint or Personal Capital at the moment, but we'll let you know if that changes! 👍
Customer: @145460 Gonna need you to integrate with @5738 ASAP, please @AskRobinhood",
e4b88c0c25b254754bc99b2c0eda28e6,NortonSupport,"Customer: Annual @132897 anti virus renew scam 4 us suckers in Irl €74.99 - £42.46 on Amazon 4 same product! No more Norton AV 4 me @43147
Customer: @132897 @43147 My elderly parents have been charged 2 months in a row for an annual renewal. Impossible to get someone to talk to. Can you refund the charge please?
Support: Sorry for the trouble! There must be multiple subscriptions enrolled with their account. Could you please send us a DM with their account details? We will check this for you. -Karthik (cc: @132897)",
a53b945521706ae18808d9a3203225bc,AirbnbHelp,"Customer: Le case dei migliori TV show su Airbnb. Sogno o realtà? #BelongAnywhere http://t.co/uGC5RYBBrJ
Customer: gradirei essere contatto per problemi che ancora nn si riescono a risolvere. grazie
Support: Ciao Carlo, grazie per averci scritto. Ci potresti confermare l'indirizzo email del tuo profilo Airbnb? Grazie.
Customer: __email__

Prima di procedere per eventuale cancellazione desidero essere contatto
Support: Grazie Carlo. Abbiamo inoltrato il tuo caso al nostro dipartimento competente per offrirti ulteriore assistenza. Riceverai un'email a breve. A presto!
Customer: Salve. Posso essere contattato dalla sig. Beatrice? Grazie
Support: Hi Carlo, We've updated your case with notes and have asked your case manager to follow up for further assistance. Please be on the lookout for their contact. Thank you.",
a7c16ce480f5b9abc66728c87bf54fe0,MOO,"Support: Talking Tiger Orange: Why our new Luxe color makes you roar! #ColorPsychology http://t.co/peWZvkSdbS http://t.co/TYugnOYd1T
Customer: Hello. Can you supply the hexadecimal (or anything similar) for the tiger orange? Not sure if sampling off the web image will do. Thanks.
Support: It's not an exact match, but the nearest possible value. The orange is nearly fluorescent, so it's not possible to match it exactly w/ CMYK.
Support: We use CMYK, so we do not have the Hex code available. The CMYK color formula for the Orange color seam is approximately 0/55/84/0
Customer: Hello, what about the CMYK for your Sunny Yellow seam? Thanks.
Customer: I'm in a CMYK file. ""Hexadecimal"" slipped out : ). Thanks for the info.
Customer: Oh, and your Polar White while I'm here.
Support: You are very welcome Scotty :)
Support: No worries, you can find all the seam colour values here: https://t.co/gdlU3VNuba
Customer: Thanks.",
6f5da771d6b16037cbfec8c05ce6e54f,VirginTrains,"Customer: I have a voucher code I got sent for £10. I'm trying to book online and there is no where for me to enter it?
Support: Go to the home screen, left hand pane, select more options. On the next page at the bottom you can add your code :-) ^CD
Customer: plus now I have tickets in my basket that have ""sold out"" when I search again. So I can't start the process again?
Support: Was this after the discount was applied? ^CD
Customer: and I start the process again and still can't fine where to add the code?
Support: Do you not see the promotional code box? ^CD http://t.co/vBsQgWnWdH
Customer: @145731 There isn’t a box under the railcard box there is nowhere to put the code!
Support: @145731 What code are you trying to put in? ^PA
Customer: @VirginTrains This was in 2015...🤭",
64b1a161006ffed5422360e4a9eb956d,ATVIAssist,"Customer: My mate was commander in clan, he's been removed and it shows classified instead. He's unlinked/relinked a/c no luck. Any ideas?
Customer: Do you have any ideas here or is it a bug with the game?
Customer: Cheers for the help...!
Customer: Still patiently awaiting response on this one 😭
Support: ...that clans are no longer supported as the feature is no longer available. Apologies for that. ^EG
Support: Hello! This is a bit old, apologies for that. You would need your friend to contact us directly, however please note... ^EG",
0770bb38948e2a2ef4f4c1a0b27d9046,AirbnbHelp,"Support: We are aware of the 503 error and we're working hard to fix this as soon as possible! Thanks everyone for reporting this!
Customer: 到现在这个问题仍然每天困扰着我啊！
Customer: @AirbnbHelp I am getting error 503 Service Temporarily Unavailable
Support: Hi There, could you please DM us with your issue and we can assist you better. Thank you.
Support: Hi there, we are not aware of an issue with the site at the moment. Can you try to clear your cache and cookies, please? If you are still having issues, feel free to DM us your email address. Thanks.",
b04ef4559043289254a13a06ec3b352b,AmazonHelp,"Customer: what in the world is a balance withheld?  #customerservice doesnt seem to know!
Support: Sorry, I'm not quite sure what you're having trouble with. Was there an authorization you were wondering about? ^JY
Customer: here this on my gift card activity balance hold and balance withheld. http://t.co/R3c5NVmMuP
Customer: @AmazonHelp Did you ever get that sorted out cause I have the same thing sheesh
Customer: @AmazonHelp Yes I did. I guess the person who gave me the gift card reported that it wasn’t a purchase they did. So it was nice being scammed.
Customer: @AmazonHelp Thanks do you still have your account or did Amazon close it
Customer: @AmazonHelp Why would they close it?
Customer: @AmazonHelp I don't know I saw on a forum that they closed the account on others it happened so I'm preparing for the worst. Thank you for being helpful
Customer: @AmazonHelp Ouch that sucks. No my account is still going. I called them.",
4b5268fd916b7028624e393539eeebb7,AskLyft,"Customer: Mario Kart in the seat. Street Fighter on the ceiling. If this is the future, we are SO IN. http://t.co/kKrEKINToy http://t.co/8C3t0MIlh5
Customer: I'm so into this future too, do a little of it myself in the Seattle area with my #Switch #MarioKart #lyft https://t.co/sIOMPx8Ecw
Support: Please use caution when using shells, banana peels, and star power when on the road. ;)
Customer: @AskLyft So you're saying I can't throw a shell at the car in front of me to get my passenger to their destination quicker? :)
Support: ""Mario Mode"" is pending. 😉 https://t.co/tekp2J5YNO",
99218cd7514e3f7f7ce70b39edf94f0c,HPSupport,"Customer: only way to reappear is switch it off and on again or disable and re-enable airprint in the web interface of the printer via IP
Support: Hi Alberto :) Have you tried power cycling your network yet? If not, try this: http://t.co/O2RKApEPV7 and let me know! ^Teri
Customer: the issue and it isn't a network or router issue but a bug in the HP support of AirPrint/bonjour protocol with the new firmware.
Customer: @HPSupport Resolve technical queries related to  HP Network  Router just tab the https://t.co/AxFTaQEuho",
26d2203442493cb84c80cc88f3849555,AskPlayStation,"Customer: What should i do ? http://t.co/dkNRrT5iKC
Support: For a better assistance on this matter, please contact the support team in your region, here: http://t.co/qMj9WfYUXF
Customer: I can’t to find ( CE-32930-7 ) steps!!?   

Please help me http://t.co/8psinQ0r8S
Customer: @AskPlayStation هلا مشاري وش حل المشكلة ذي ؟؟",
056c03aca3d2f085e7321e7aa899d97b,AmazonHelp,"Customer: a friend of mine bought my book and wrote a review but it doesn't say VERIFIED PURCHASE. Will you please help me fix this? Thanks!
Support: We generally send an e-mail asking for a review, did your friend try to submit his review through this process? ^AF
Customer: Here's why it matters: I need verified reviews to book online promotional services in advance of my eBook release in Aug. Thx.
Support: The book has to be purchased on our website before it will recognize it as a verified purchase: http://t.co/nUhMFbD0nN ^AF
Customer: That's exactly what she did. Bought it from Amazon / posted the review. But not thru your email to her. She posted via website.
Support: Sorry, we would be unable to change this as it is an automatic feature done through email.^CD
Customer: Can she delete her review &amp; resubmit it when she receives follow-up email from Amazon? How long after purchase is email sent?
Customer: How long after a book purchase does Amazon send a follow-up email requesting a rating/review? I need it to say VERIFIED PURCHASE
Customer: @AmazonHelp I am amazon SEO Expert ( wishlist, giftlist, shopping list, review, votes and Q&amp;A ). 
If you want than you can add my.
Skype : basudev708",
3aa258eab538df21cc65b364fe8a435b,GloCare,"Customer: Dear @49388 , I'll like to port from @GloCare . What is the process please? Thank you.
Support: May we know the issue, so we can resolve it.
Customer: @388783 @GloCare. Kindly assist. I upgraded my SIM to 4G today and I have not been able to either check balance or recharge. Please assist.
Support: @388783 Hello Simon, please provide your number, new sim serial number, outlet visited and alternate contact for clarification. Thank you. SO
Customer: @388783 I was able to recharge with dialing 123 and entering the 15 digits code. But only want final resolution of the issue. Thanks
Customer: @388783 My number: 08052681123, new sim serial number: 892__credit_card__F. Visited outlet at Abraham Adesanya Ajah Conoil Station. Thanks.
Support: @388783 Line has been provisioned. Please dial #124*1# for balance. Thank you. SO
Customer: @388784 Am not suppose to be in a copy...  Please do the needful. Thanks",
afe6f422b85aafa8ae6d70b680b1260b,AirbnbHelp,"Support: To change display language or currency, head to the bottom of any page and choose your preferred settings! http://t.co/miXlUyzgN4
Customer: Hi, my hosting account was turn into korean, chinese, thai but i set it on english, how does this happened?
Support: Thanks for the report. Rest assured we’re aware of this &amp; we’re looking into it. In the meantime, access us via the mobile browser!
Customer: Im using the app right now, but i couldnt understand my own account.
Support: Apologies for the inconvenience. Can you access our site from a browser?
Customer: Its back, thank you 😊
Customer: Ill try
Support: That's great! Let us know if you need anything else, we're here for you.
Customer: Thank you so much, sure i will 😊👍🏻",
74052ae0c68c222b7a29e34a0c79c18d,airtel_care,"Customer: ,pls how do I activate my bb bold 3,cos it showing device has not been activated with your wireless service account.
Support: Hello @504846, Please provide the affected mobile number for checks and assistance. Thank you.
Customer: ,the number is 08022202943. thanks
Support: Hello @504846 Apologies on your experience. Kindly recharge and revert for assistance from here. Thank you.
Customer: please  what is the code  for call me back
Support: soon as the service is made available. Thank you. ^Osebi. (2/2)
Support: Hello @504846, please be informed that the call me back SMS service is currently unavailable, as customers will be notified as (1/2)",
d69c758961a7d98f7c2578caa2a87cac,AskVirginMoney,"Support: Hello Twitter! We are the @122467 Customer Contact Team and are here to pick up any customer account queries or questions
Customer: @122467 Hello - Id like to stop receiving monthly statements for my son's savings account. (Paperless) can you advise what information you need?
Customer: @122467 have spoke with you 3 times in last 6 week on here...still cant get online due to some sort of error  to check my account and I still need to update my address now I have moved...would love someone to ring me to get this sorted finally
Support: Let's take a look! We issue statements following each transaction, are you making a monthly deposit into the account? ^JB
Support: Thanks for getting back in touch! We've still got your details on this end, we'll have a word with the team now for you ^JB
Customer: I am yes.
Support: Ah right, that's why Andy.  We're unable to stop those coming out to you as they keep you up to date.  Is that okay?  ^LB
Customer: Well they just go straight in the bin - so I wondered if they could be sent as e-mail only?
Support: I'm afraid not Andy, there's no online access to this type of account at all.  Is that okay?  ^LB
Customer: It looks like it will have to be! thanks anyway
Support: You're welcome.  Just shout up if you need a hand with anything else.  ^LB",
7efd12b6e6645cf8346cfffda0ce08f3,AmazonHelp,"Customer: i bookd a fostelo women's handbag on 4july bt still it is not delvrd 
expctd date ws 13july http://t.co/1IEAVE9esC
Customer: @AmazonHelp i think u should cancel your order arpit and book another on Flipkart. It will deliver ur order in 2-3 working day
Support: We would like to help you, Prakhar. Please share your details with us here: https://t.co/GIJyeYqKE0. We'll get in touch shortly.
Please don't provide your order details as we consider it personal information. Our twitter page is visible to public. -Bikram",
53ef95beb615858d519fc0ff3a9214ef,Kimpton,"Support: Thanks, Traci! Our custom-blend has key notes of green tea and soft citrus w/ hints of fresh black pepper &amp; spicy cloves!
Customer: ❤️ it. Maybe one day you'll offer Kimpton scented candles as a mini bar offering.....😉
Customer: 2+ years later... #heythatwasmyidea :) https://t.co/obI1C29Pg3
Support: We know a good idea when we hear one, Traci. ;) Check your email for a little surprise!
Customer: I didn’t think #voting day could get any better..until I saw this. Thank you! Getting these for Christmas 🎁 #kimptonkarma #kimptonlove",
3dcd79e599242bd297f8169e4ac9faa4,Tesco,"Support: It’s worth camping for the smores alone. http://t.co/Mt7FktUlKo http://t.co/jNFY5cdnp7
Customer: I found rich teas a bit too 'biscuity' for smores. Substitute please? #homeshopping 😄
Support: Oops, we do have Graham crackers available in stores instead! We can check availability for you? :) http://t.co/kCSMME3yEG
Customer: Hey, same question as Johnny, have you stopped the graham crackers?
Support: Hi there, unfortunately we have discontinued this product, we do however sell Jacobs Cream crackers which are also very tasty. TY - Mark
Customer: Thanks for fast reply, however tasty they may be, they're a completely different product for different use/flavour.
Support: Hi there, you can try rich tea's and ginger nuts. The could be a nice substitute. Also Ritz crackers are very nice. Hope this helps - Mark",
dfea27e4b5a2f93c4e78a44fa5cae6e9,AmazonHelp,"Customer: 1/ @115850 Are you guys leaking email ids of user who applied for Amazon BTS offer?My bro got this spam email: http://t.co/6YtfYm0aLN
Support: Our customers' security is our utmost important concern &amp; we take all necessary steps to safe guard their info. I assure you. ^AN
Customer: @AmazonHelp ur __email__ seems not working so attaching the proof of mail sent here:
#BTSOfferSCAM http://t.co/PFHFyLowFj
Customer: @115850 @AmazonHelp  https://t.co/iVeZgEFtAo",
5eb7a420213df05b36f7458a7a5c4c2a,Uber_Support,"Customer: how honest are your drivers compared to @65496 #lostphone
Support: If you left something behind, you can always visit http://t.co/4KMxrxTYYX to retrieve a phone number to contact your driver.
Customer: Our journalist left her phone an #uber cab Will see see it again? link goes to sign up page @Uber_Support @63903 @63799
Customer: @Uber_Support @63799 What are the chances your journalist would see that phone again if s/he left it in a restaurant or tavern? This sounds like an unfair criticism.
Customer: @Uber_Support @63799 Not sure but hopefully the response wouldn't take 2 years!",
22f5a7c75456ff4e0c24534b542a1582,AskPayPal,"Customer: As @115993 celebrates a new beginning as #PYPL, our customers continue to be at the center of everything we do: http://t.co/pOrKh8Do1B
Customer: @115993 If we are at the center of everything, why when we follow all your rules do you tell us too bad, we don’t care!!
Support: Hi there, we'd be happy to assist if you'd like to send us a DM your email address and the details of what is happening. ^IA",
5861de092d32ec461598af9e88a1f411,AskPayPal,"Customer: I have a Target gift card and I don't use target often. I want PayPal credits, can I use my target giftcard for that?
Support: Please DM with your email and we'll be happy to look. Don't respond to @33847 as they are not associated with PayPal.^MH
Customer: @33847 I have an issue with my account
Customer: @33847 I need an urgent response please as this is affecting my business
Support: @33847 Hey! I just sent you a DM. Please check your inbox! ^DP",
55cf819f7d96b1dbf1b12f2fb1a29989,Tesco,"Customer: Do you accept Amex contactless? Just had problem at Elmers End and had to use Visa...
Customer: @Tesco They take Amex contactless but not Amex via Apple Pay (Seems to be a recurring issue with many retailers using that terminal)
Customer: @Tesco Many thanks Luke. Hopefully Tesco will be able to confirm.
Support: Hi Richard, Apple Pay is accepted on any of our contactless terminals. These are only available in approximately 500 London stores.
Customer: @391672 @Tesco is Apple Pay available at all Tesco stores?
Customer: @Tesco @391672 Yes but they are confused &amp; behind the times and enforce a £30 limit! Don’t see the Apple Pay logo, fill up with £48 fuel like me and expect them to let you pay for it... oh no! Even offered to pay £30 + £18 but @Tesco say no! Now I have a £12 non payment charge for ⛽️",
5de6c62a6ca16ec59cf828f3501a5de0,NikeSupport,"Support: Nike+ is back up. Sync away. If you need anything else, we've got your back.
Customer: Are servers still going through maintenance?",
9d8d0decfa4e895f428c56a4191a087d,Uber_Support,"Customer: Hello uber_ support i have ready  all my documents and I'm waiting for answers. .please check my gmail and my account .
Support: We're having trouble locating your email, Juan. Please DM us with your account email address so we can look into this for you.
Customer: Hey Uber support. I filled my form and I send all my documents lots months ago and never revived answers...please can u help me?
Customer: It's... __email__
Support: Let's check the status for you, Juan. Please DM us the email linked to your account and we'll follow up.  https://t.co/sd7yH5jmbJ
Support: For your privacy we'd recommend connecting with us in DM and deleting any personal details you may have posted. https://t.co/sd7yH5jmbJ",
4d7e1e73b923b044d4b488228a8fab5b,AmericanAir,"Customer: I recommend people not use @AmericanAir unless they want poor service and/or want to be stuck somewhere all night. http://t.co/QCe2W0y50l
Support: We're truly sorry your travel isn't going as intended. We hope you'll reconsider and give us another chance.
Customer: Forced to give you another chance and we can't  even check in. You guys fuck up again. Changed flight and never notified us. 
🖕😠 🖕
Customer: Original flight at 1115a arrived @ airport 9a. We get email NOW @ 10a of changed time for 820a. WTF DO YOU WANT US TO GO TIME TRAVEL?!
Support: We do our best to notify you anytime your flights are changed and apologize if you didn't receive it. Our agents will help rebook you ASAP!
Customer: Been here since 9a and still don't have a flight set. ASAP my ass
Support: Our team's sure to look for the next available flight but if you DM your record locator, we can take a look on our end, as well.
Customer: Too late @AlaskaAir is fixing your fuck up. Thank you Alaska you guys are the best.
Support: If you're no longer going to be flying with us, you can request a refund here: https://t.co/xM8Vkc7BvM
Customer: The only way you'd be able to entice us to fly again with AA is gift a free flight.
Customer: Imma take a guess and say it won't really be refunded but you'll give a $10 off coupon for our ""next flight with you""",
89743b7b87f6765a3779f34c03bd2cda,SpotifyCares,"Customer: Please make @115888 available for #India
Support: Hi! We're launching regularly in countries around the world. Sign up here to be first to hear: http://t.co/XDwWzj7cLP /CX
Customer: Still launching?
Support: Hi Aditya! We're launching regularly in countries around the world. Sign up here to be first to hear: https://t.co/XDwWzj7cLP /NY",
ec98886c0d9a60e1f9d5a4bac88329ae,Postmates_Help,"Support: Need help? You can tweet @Postmates_Help 24/7 for real-time assistance, or check out the FAQ on http://t.co/jlQibGcL6v!
Customer: I emailed at midnight, haven’t heard yet
Customer: I made deliveries on June 26th and still have not been paid for those deliveries please help!
Customer: I use this service at least 4 times a week, but now I promise I won’t use it ever again
Customer: My order was cancel after I was waiting for a hour and I need my money back never ordering from postmates again.
Customer: trying to order from the pizza party selection but still getting delivery fees  🆘",
50ff7be5872d182e03e77163bcb0c008,AskLyft,"Customer: Is there really no way to stop your app from sending push notifications for coupons? Insanely annoying. They aren't even for my city.
Support: You can disable notifications in the Settings menu of your device, but please note this may also block ride notifications too.
Customer: wow, you guys are retarded. Here's to uninstalling lyft app because they wont let you disable ad notifications. #FixYourShit
Customer: Any updates on only receiving ride notifications, not coupons and other ads? I'd love to allow important Lyft notifications…
Customer: uninstalling because I can't turn off your coupon notifications without disabling ride notifications. gonna uber instead.
Customer: @186323 Uninstalled today. Disabling all Lyft notifications to turn off intrusive ads (including pickup status) throws the baby out with the bathwater. This is a dealbreaker. Goodbye Lyft. (android)
Customer: How can I mute the navigation voice in the driver app?
Support: We do not have an update, but we have forwarded this suggestion to our team. Thanks for your feedback!
Customer: @AskLyft Definitely. Uninstalling. Make an in app option to disable promo push notifications. Unbelievable.
Support: Hey Chris! There is not a way to mute the voice in the Lyft Driver app. Thanks for sharing your interest in that type of feature. We'll pass it along to the appropriate team.
Customer: @186325 This is really irresponsible and a bit shady as a response. All for one and one for all push notifications? Please..
Support: Hi Jim, can you send us a DM with the number attached to your account? We would like to help you.",
84f059e6117f7db24aa82568d389892e,AskAmex,"Customer: has my bill been paid. My ex husband pays it
Support: Hi Mary.Just following up w/you.Do you still need assistance w/your account? ^B
Customer: No
Support: Hi Mary. Is there something I can help you with? ^Beth",
04287999694999a0782ef3324ee37918,Tesco,"Customer: Hello, I pre-ordered black ops 3 for Xbox one yesterday but I have not yet received an email with a beta code.
Customer: maybe a update on the tweet ^^^
Support: Hi Lewis, I'm sorry to hear that. Can you please advise if this was pre-ordered online or in store? Thanks - Lara.
Customer: I would just like to know if I can get the beta or not. 😡
Customer: @Tesco Grrrr",
5cf93feb7270e296b541a7629e5254cd,TwitterSupport,"Support: Some Twitter users may be experiencing an issue with inaccurate follower counts. We are currently investigating this issue.
Support: The issue with inaccurate follower count is now resolved. Thanks for your patience!",
e02e7210f3dce022afb7741423a097ce,,Customer: We're tweeting at @116057 now. Please follow us there!,
647c8a8c4fbfbb73dd053f49929af5ef,Safaricom_Care,"Support: Our online support team is standing by to answer your questions. Follow us today and ask away!
Customer: 
Support: How may we assist. ^EM
Customer: Since you can do tracking you could have freeze the money and gave it back to the owner. 
When one  of @Safaricom_Care  contacted the response was the response was ""we can nothing about it""
Considering the guy is also your m-pesa agent this is an uncalled for and discouraging
Support: ...(CONTINUED) we are unable to reverse.^TK
Support: Hi, DM us the contact number for the affected, we call and advise. Unfortunately, if funds are already withdrawn, ...
Customer: 0719408565 His name is Adan
Support: Hey Duba. We are trying to call you for assistance. Please alert us when available. ^IW",
f012c85f70ddc861300b3c8eba3fd264,airtel_care,"Customer: BB subscription done on 08028440213 since 31st is yet to be active.  Pls assist
Support: Hello @170698, your line has been worked on. Kindly do a hard reset, try connecting to the internet and revert with status. Thank you.
Customer: Very quality service.  I am impressed.  Well done @airtel_care
Support: @170699 Your tweet is appreciated. We've got you covered always. Thank you for choosing Airtel. ^Osebi.
Support: Thank you. ^Osebi.
Customer: @170698 @170699 First you rectify your networking &amp; billing issue's pending from last month it's for 7045707507
Customer: @170698 @170699 Getting extremely bad internet service from airtel. I've sent am email already. I'll hope this can be sorted out. It's very frustrating",
9cc7473c1a2796038a6d1c08f0ca0191,AskPlayStation,"Customer: We Want The Order 1886 Part 2 I Think Its A Great Game And With A Another Shot They Could Score A Perfect 10...
Support: Post your feedback and ideas here: http://t.co/kou79AxDbI  our Team is going to review them and take them in consideration
Customer: Visa Cards From Jamaica don't work on PlayStation that needs to be fixed",
eb6ee357c8b962a77595ec9b8131d345,AskPlayStation,"Customer: hi i cant connect to psn i do the internet test everythng goes right but the psn sign in always fail and error code ce339870
Customer: @AskPlayStation How do you fix this I’m having same thing works off phone
Support: Can you please provide us with more details about the specific issue that you're having?
Customer: My PS4 will not Connect to the Internet psn network error ce339870  comes up
Support: Thanks for the quick response. Please take a look at the following link for info and troubleshooting steps: https://t.co/v8nNS6oNDj",
54bcae8708e799e7d4649a3a6b498217,Postmates_Help,"Customer: NEVER use postmates wtf they charged me $30 for a mcdonalds order that they never even delivered bc there were no drivers in my area umm?!?!
Support: That's the pre-authorization hold that occurs when an order is placed. It's immediately released if an order can't be dispatched.
Customer: @15193 My order was 24.26, my total came out to 54.26. I need to know when it will be off but there is no way to get ahold of any of you.
Support: Hi! Can you DM your account email address?",
dd932df7871e6c2bc1e1e0329c6645e8,British_Airways,"Customer: really need to talk to human being rather than VM, right now. We've been removed from a flight tomorrow with no reason :(
Support: Hi James, DM us your phone number, booking ref and dob. Also give us a time to call, we're here all night. Thanks! ^Jamie
Customer: you'v failed gf&amp;i. 50 mins on cc, appeared on App 24hrs before checkin. Have rebooked with @120200. BA have offered nohelp
Customer: @40513 @British_Airways @120200  https://t.co/cUOxja1xG4
Customer: @40513 @British_Airways @120200  https://t.co/9rkt3VXv7a",
3378586f500c157c5f568f91b7025ae2,,Customer: Please tweet @AskPlayStation for any support. This account is currently inactive.,
f3d4073227ab13ba27f21942c15cf826,AskVirginMoney,"Support: We love chatting on twitter, make sure you use our genuine @122467 &amp; @AskVirginMoney blue tick verified accounts http://t.co/w0fDzn0gC2
Customer: @122467 How to a make a chargeback claim please
Support: Hi Rachel, I've just replied to your DM if you'd like to take a look over there?  ^LB",
bb75cf1a3ef2c1af0c47f602a5d20636,ATVIAssist,"Customer: @ATVIAssist What is going on with the app? It shows Detroit active?
Support: Hi there, have you tried logging out and logging back in? What about deleting and re-installing the app? ^TO
Customer: I have done all that and cleared the cache.  My clan is having the issue too
Support: Can you please provide screenshots of what you're seeing in the app? ^TO
Customer: you can look at my feed.. Have video of them",
d1efe548d8e07810dd2cf10c04baf178,DellCares,"Customer: .@118197 requires a mobile / phone number to place an order with two fields - area code + phone number. How do you enter a mobile number?
Support: Hi, you may enter the area code and the mobile number and it would accept the details. 1/2
Customer: @155686 Two years later, it's still ridiculously painful entering phone numbers, the forms provide zero help with formatting, and the system doesn't work without them. It's stupid crazy and must be costing you money.

Next time I see Mike or Jeff Clarke they'll get an earful....
Customer: it didn't when I tried. Do I include the plus? Customer service assistant said it was a bug on the site
Support: Reach out to us if you have any queries and we'll be glad to assist you. ^RS
Customer: @155686 I note you didn't answer his question, and British mobile phone numbers don't really have area codes. Sad.
Customer: @155686 In case anyone searches, the format 07713-123456 worked for me....",
d30fa8eaf48a20e657a39cf7afe42914,,Customer: @sprintcare I get almost no service after moving to LA. What is wrong with your awful coverage? Why should I stay with you guys?,
87d79083d35a7b88cd3c90cab82dc024,GWRHelp,"Customer: just waiting for the 1754 from Swindon to leave. It's possible the doors might close. #overcrowding
Support: Hi Mark. Sorry for the crowding. I shall log your feedback. James
Customer: It was 3yrs ago &amp; this thread had @gwrhelp trailing new trains for Swindon-&gt;chelt. New trains here now, but just as bloody overcrowded
Support: Hello Mark. Our new trains are in operation between Paddington and Bristol/ South Wales but not Cheltenham currently. - Jordan
Customer: for an old train it’s impressively new and shiny, even got that new train smell. I’ll be more patient tho
Support: It might be one of our refurbished trains, sorry for the busy conditions this evening. - Jordan",
ce16f523bdfb0b11fd24cbd8ab7e533f,GloCare,"Customer: kindly deactivate entertainment factory on this line 08054695339.Thanks.
Support: Kindly send STOP to 55357.Thank you.
Customer: @215975 Please unsubscribe entertainment factory on my line 0905 585 8471.
Customer: @215975 can you kindly unsubscribe from entertainment factory for me I have tried to send ef1 to 55357 but it is not sending
Customer: @215975 Please stop deducting my money my phone no 08054360016
Customer: @215975 I can't recharge my data because my  Glo internet icon does not appear when the data is on. It started when I had my last recharge a month ago
Customer: kindly deactivate entertainment factory as soon as possible, thanks
Customer: @215975 07055958157.. Please deactivate my line from this entertainment factory of a thing. I'm getting pissed off already. Thank you!
Support: Hello Victor, To stop Binbit, please send STOP GL1 to 55357. Thank you. UO
Customer: @GloCare @215975 Please kindly deactivate video box services on this line 08151114888. I didn't subscribe for it all and my money is been deducted
Customer: @215975 Sori@bukjeb nt u i mean glo
Support: may we know if you have an active data plan? OO
Support: Kindly provide your phone number, location, device type and error response  so we can progress. Thank you
Support: @215975 Deactivation done. Sincere apologies IA
Support: @263683 @215975 Kindly send STOP to 62013 (Toll Free) to unsubscribe and STOP to 2442 to blacklist your line from such subsequently,if you haven't.. AP
Customer: @43975 Please kindly deactivate entertainment factory club on this number, 08063922263, Lagos, Black Berry Z3, short message transfer rejected
Customer: @263682 @263683 @215975 Dear Glo, please unsubscribe me from 577 {skin's GPA} I was about to recharge my line this morning when I was notified that 577 renewal was not possible due to insufficient balance. I never subscribed to this so help stop it. Thanks. 08079813135
Support: @43975 Hello Isang, the service has been deactivated. Thank you. AA
Support: Hello Adesanya, your request for VAS deactivation has been treated. You may send STOP to 2442 for full VAS DND.  TT
Customer: @43975 Thank You
Customer: Thank you
Support: You're welcome. FA",
2eb00eac5d028eba7ed4ad603450231e,AskAmex,"Customer: Can I buy George Strait tickets for Vegas on Friday via Membership Entertainment site?
Support: Hi there, George Strait is not an Amex pre-sale.
Customer: Who mentioned AMEX?  I said Ticketmaster.  But Ticketmaster did have Amex presale on its site.
Support: Hi Kathy. Do you need assistance? ^Clarissa
Customer: No. Don’t know why AMEX is involved when My tweet had nothing to do with Amex. Go away.",
5de56f5e86f3961a40c159d9eed98162,AmazonHelp,"Customer: It's officially Fall! So, we're just goofing off a bit, waiting for #Halloween http://t.co/aWnCgZakZy
Customer: Why is this happening now? https://t.co/Cs4XsXoOXv
Support: I'm sorry for the frustration. Currently, there are no delivery times. Please keep checking back for when they're available! ^DD
Customer: But why. This has never happened. Like there are no drivers working today or something??",
e84ec5dd36779b8df4fc1468a8b2b25c,Uber_Support,"Customer: MTSU Homecoming is around the corner! @116271 got a code for the good people of MTSU?
Customer: we've partnered w/MTSU to provide free rides to new users, promo: MTSU. Look for us onsite during the tailgate &amp; game as well!
Customer: @770617 Is this still happening???
Support: Hi there! Please reach out to https://t.co/QDn91HzZV0 and fill out the 4 boxes at the bottom so we can get in touch.",
fb9daad97d8ead5cdde637896eb56a30,AskPapaJohns,"Customer: Apparently by ""any"" @116076 means ""select"" http://t.co/SAgmaMYI4G
Customer: Still waiting for my response...
Support: Hi, Steven!  How can we help you?",
0670f9216f87fabc0ff49edfaef9f4bb,AskPlayStation,"Customer: I'm having trouble getting my PS3 to load any game error code 80010514
Support: Eject the disc and re-insert it, ensure that it's clean and free from dirt, marks or scratches. Attempt to load another disc.
Customer: @685341 Should you use alcohol or tap water to clean the ps3 disc?",
a5d58cd0309564e9ba5c4675ce16c6be,sainsburys,"Customer: Being told to 'f*** off' by a @367412 driver &amp; shouted at by a @sainsburys worker because THEY were blocking &amp; road I couldn't get out...
Support: Sorry Sadie, did you catch the registration? Can you tell me the postcode of where this happened? Steven
Customer: It was a Tuffnells lorry but the Sainsburys employee was very rude. 12.05pm at GU1 3EZ - lorry unloading in middle of road.
Support: Hi Sadie, did you catch the registration of the Sainsbury's lorry? Steven
Customer: as mentioned, it was a Tuffnells lorry &amp; the sainsburys guy was unloading the sainsburys goods from it
Customer: @sainsburys So sorry, Sadie. If you have the reg we will escalate this to the driver's manager ASAP. Please email __email__ with details.
Customer: @sainsburys You have just responded to a tweet that was sent in 2015...
Customer: @sainsburys Clanger, sorry. Someone liked it this weekend and it resurrected. We didn't check the date. Sorry again!",
7ebd800fda65a6e8bf8d7dd4df936138,AsurionCares,"Support: Did you forget  to turn off “Find My iPhone”? Don’t fret! Here’s a quick how-to: http://t.co/Taop0HzYEK.
Customer: You keep sending me these emails and messages, and I did not forget!!! It was turned off, and I have email confirmation. Ugh!
Support: The messages are automated. If it has been turned off you will not be charged. Who's your carrier? ^AW",
789adb103111d43651d0df9c027adb6c,SpotifyCares,"Customer: Feature suggestion: ability to stream to @44842 from the PC app.
Support: Hey Colin! Chromecast support is rolling out in the next few weeks. Fingers crossed you'll have the update soon :) /BH
Customer: @188000 Are we still waiting for support on mac?
Customer: @SpotifyCares AFAIK this is not supported on any desktop OS yet :-/
Customer: @SpotifyCares Yeah.. after searching everywhere, there is no SDK from Google.. F****** Google..",
0a348ddfdaee2ec9a0acf22c52cce5b6,AmericanAir,"Customer: @AmericanAir this is what ur people did to me luggage, animals!!! 😡😡😡 http://t.co/q666ZnxVsR
Customer: @AmericanAir never heard back from you guys after two years!!
Support: You should've received an answer long time ago, Maria. Please send us a DM and include the case number that was first sent to you.",
3c08516fceaecb089d01b4f2a9b92fce,AmericanAir,"Customer: I have AAdvantage Visa &amp; Master cards &amp; they WILL NOT WORK IN SAMAUNG PAY OR ANDROID PAY but work in Apple Pay &amp; Google pay WTF
Support: We're a bit confused by your tweet, Alex. Are you trying to complete a payment on our Website?
Customer: I’m trying to add my AAdvantage cards to Samsung Pay but it looks like your partner Citi won’t allow it http://t.co/ysdNHVXYN2
Support: AAdvantage cards are not eligible to be used for mobile payments, Alex.
Customer: Then why is it I'm able to add it to Apple Pay on my iPhone 6s Plus. Plus this offer I got in May? http://t.co/wWQ4Eex82I
Support: Our apologies, Alex. They're not eligible for Samsung or Android Pay.
Customer: @398285 Any update on this @AmericanAir??
Customer: @398285 SAMSUNG PAY!!!!! Helloooooo. 
Your continued non-support of this platform is really annoying.  Even more annoying is that you provide no response or timeline to customers.  Just say you've cut a deal with Apple instead of leading us on.
Customer: @398285 I'm a long time Aadvantage customer.  This has been my primary spending card but if not changing I will use a different card.  Please update
Customer: @398285 @AmericanAir Please provide more info and timeline this is silly.  Come over to 2017 with the rest of the world
Customer: My family ditched all our @AmericanAir cards for @1398 Venture last year &amp; have been happy with it.",
abc6af826a7d4cd891acb7865eae2d84,SpotifyCares,"Customer: hey @115888 can i get a profile photo without a facebook account or nah?
Support: Hey there! Right now it's not possible, and we have some info about this from our devs here: http://t.co/Wahm6K8Adr /CT
Customer: thanks for the info. it's not that i don't want to link the two, it's that i don't have facebook so i don't get a photo :/
Customer: @SpotifyCares is this still a thing???
Support: Hi there! You can now change your profile picture without needing to connect your Spotify and Facebook accounts: https://t.co/KyHcgkPjyy /MA",
e3fee801409b3d69510d4023e3b4f759,ATVIAssist,"Customer: I don't understand
Support: Apologies for the delay. Did you recently purchase this console? ^MG
Customer: no",
8e9b38fc8b9b20ef80b26cd24a6cee8f,hulu_support,"Customer: Empire is back, and every episode is available on Hulu. Install the app now. https://t.co/hZK6Jn0oWC
Customer: why isn't the latest episode of empire uploaded yet? 🙄
Support: Hang in there! Empire hasn't aired a new ep since 10/21, but a new one will air this week on 11/4 &amp; we'll have it next-day.
Customer: It's currently 11/7, where's episode 5?
Customer: Why has empire S.4 E.5 been updated to Hulu yet @115940
Customer: What about the episodes for 11/22 and 11/29?
Support: Hi, Ivy! Empire will resume airing tonight and we'll have the episode available on Hulu tomorrow!
Support: Empire was on a hiatus last week. Good news though—S4 ep5 is set to premiere on TV tonight, &amp; added to our library tomorrow.
Support: The Lyons went on vacation, Cassie! They left on the 16th, but don't fret. They're back tonight with a brand new episode: https://t.co/iAizMe8462. Make sure the shows included in your WL/My Stuff to stay in the loop. 👍🏻",
fcca223d65058ac0a6018b87507df6b9,UPSHelp,"Customer: Whole day wasted waiting for a #ups package that we supposed to arrive in the morning. Terrible service @115817  :(
Customer: @115817 I to spoke to customer service and u are helpless to help! The driver and the management at the Ontario, ca center are to blame. Hire more drivers!
Support: I do apologize that your package has not been delivered yet. Please DM us your tracking number, and complete address so we can look into this. ^AC https://t.co/wKJHDXWGRQ
Customer: Loosing money
Customer: I have done that multiple times I know where the packages are 1package is in the truck out for delivery again for the 3rd time. And I had you hold the other 2 at your Ontario, CA center for pickup today and it doesn't open till 10 am I had to take a day off work to pick today
Customer: 1ZR0Y0651225736003 it says it's on the truck. I took a day off to get the packages yesterday now I took today off again 2 days it costs me money! The other 2 are on hold a the Ontario, ca center for me to pick up.  Opens at 1am really!? I could have worked 1/2 day at least
Customer: 10am
Support: Luis, I'm terribly sorry about the delays you've experienced. We are trying our best to keep up to schedule after Black Friday and Cyber Monday with the narrow delivery windows provided. If you have any further questions or concerns please DM us below. ^JF https://t.co/wKJHDXWGRQ
Customer: Still waiting with no eta. 1 hour ++
Customer: 1216 pm and still waiting none of the packages found yet!! Ups is so incompetent.  I can't believe they are still in business! 1 hour and a half +++ waste of time with no recourse just like trying to recall a bullet impossible and like watching a slow motion train wreck horrible
Customer: Ok customer service center worker @#ups just told me they aren't able to locate any of my packages they are phone's and are stored separately from all others and can't find them really? !wasted my whole day because of #ups
Customer: Hello it's past 10pm I've been on hold with customer service 39min+ and u may not want to believe this but for the 4th time no delivery!  I. Managed to pick up 1 package myself from the Ontario, ca service center but still need 2 more. HELP !!! Is it a night mare?? Groundhog day?
Customer: Hello I'm here at your Ontario, CA center and  they have hands on on 1 package and no idea where the other is!!
Customer: It's 11 am waiting for awhile #",
f87331e815f853640e32a97c3a6af37e,Safaricom_Care,"Customer: hi, how do you check your sms balance?
Support: Hi, kindly SMS Balance to 144 to confirm your SMS balance.^RP
Customer: Thankx alot
Support: You're welcome. ^GB",
fef47e23a8dba52cb503e6da6b61a678,sprintcare,"Customer: your customer service sucks.  do you teach your ppl to be argumentative or is it just the rep?
Support: This is not the experience we want you to have. What issues are you experiencing with your device? We want to help. JJA
Customer: to replace this one without paying an early upgrade fee.  I just want a new Note 4 that works, not a new to me Note 4
Support: Please send us a Direct Message with your phone number and security PIN. Visit https://t.co/V4IzQGsYmp to see how. SXV
Customer: done
Customer: get any early upgrade.  My less than a year old phone does not work?  How is this right?  You already have $400 of my $$
Support: It was a pleasure speaking with you today. Plz let us know if you have any further questions. We are here to assist you. SXV
Customer: Thanks very much for your help!
Support: Feel free to let us know if you have any further questions or concerns. We're always here to help. MMD
Customer: I want the Note 8, but you're offering better deals to new customers",
c4692d034d951d0348c0326523b4e2c1,British_Airways,"Customer: Just out of interest, @british_airways, when was the last time you *weren't* experiencing ""extremely high call volumes""?
Support: Hey David, off the top of my head it was about, 3rd June 1997. Seriously though, is there something we can help with? ^Jamie",
95705d468a2067fc6acee2d08236f134,sprintcare,"Customer: Please do something about this horrible sprint store! 
78 E Allen St #102, Castle Rock, CO  https://t.co/yDr1nMyoFr
Customer: @115714 I have to agree they are hurting me and my family
Support: Hey! What's wrong? We are here for you. -JD
Customer: all of customer service when we call In,your doing it to my friend. With him it should go nationwide. @186390
Support: Please send us a Direct Message elaborating on your issue, so that we can further assist you. -AH
Support: Hey Josh, Your post is concerning to us and we definitely want to look into this issue for you. -AH",
378283d5d41e4deee8d642dcafe0ff88,AskPlayStation,"Customer: Hey PlayStation, I'm a highschool senior interested in pursuing game art/design. Do you offer job shadowing?
Support: That is a great question. Here is a link that may be able to help you: https://t.co/FCarzYpXSN
Customer: Thanks!",
d11838b178394ad63d2ee729c48d3706,Uber_Support,"Customer: I just called for an uber and the guy said he didn't have any kittens what kind of national cat day is this ?
Customer: hello where are my kittens ? @115873
Support: This event was one day only. Keep your eye out for more purrmotions coming soon.
Customer: I understand this but it's still national cat day and I want my uber kittens
Support: Paws crossed that we'll have UberKITTENS in CITY next year!
Customer: wow I've waited a long time for an uber before but NEXT. YEAR? worst national cat day ever
Customer: hello two years later and still no kittens
Support: Hi there! Please reach out to https://t.co/zUe0dj6yoX and fill out the boxes at the bottom so we can get in touch.",
f0755e4cc476676dd435bc2859df0680,Safaricom_Care,"Customer: @Safaricom_Care  @119433 am a bitter client hvng bn misled by u 2 join zidisha plus thng topd up 2k n nothing changes
Customer: @Safaricom_Care @119433 y shld ur service care misled mi? who takes care of my damage??
Support: Hi,kindly DM your number for assistance.^NR #CheersAt15 cc @119433
Customer: @260688 @119433 I cannot access my mpesa account
Support: Please DM us the affected mobile number we check and advise.^CA",
7439a1c4b7cb625ea1657ced3af0157a,AmazonHelp,"Customer: Bienvenue sur notre nouveau compte Twitter @120533 !
Customer: Amazon et le FIASCO DES LIVRAISON DE LA XBOX ONE X UNE HONTE 😲😲😲😲😲😲😲😲
Support: Désolée pour cela. Rencontrez-vous un retard de livraison avec une commande en cours ?^FA
Customer: Le suivi a enfin changer pour me dire LIVRAISON demain dégoûté d amazon franchement
Customer: Oui est je ne suis pas le seule 
Avec ce produit beaucoup de personnes on des problème .

https://t.co/Wh3TD9EEQS
Customer: Aucune réponse fiable pour dire ce qui c est passé juste d attendre 50€ d abonnement prime pour ca de plus une commande a plus de 500€
Support: Bien que la majorité des colis sont livrés dans les délais, il peut arriver que certains soient retardés. J'en suis navrée.^FA
Support: Avez-vous signalé cet incident à notre service client ? ^ASZ
Support: Puis-je savoir que dit le suivi du colis actuellement s'il vous plaît ? Merci ^SB
Customer: Cette commande devait arrivé aujourd'hui j ai un doute car prise en charge qu a 11h....
Customer: Service client téléphoner oui le suivi m annonce

 HUB CHILLY MAZARIN CHRONOPOST
Envoi en cours d'acheminement
Livraison prevu demain
Support: Je vous prie donc de patienter jusqu'à demain et nous tenir informé de la livraison. ^ASZ
Customer: Toujours les mêmes réponse 😕
Merci de m avoir fait perdre mon temp
Customer: @AmazonHelp On devrait allez cambrioler le hub de chilly mazarin la mienne y est depuis lundi ... vive l'abonnement prime inutile . 💩amazon💩
Customer: @AmazonHelp C est clair franchement tu paye 500 boule de console ca fou vraiment les boule de voir le merdier que fait amazon",
e8472b2b38393d39fe757500e974b5df,AirAsiaSupport,"Customer: hello, why i can't do web check in for my flight at 3rd nov 2015 from kota bharu to kuala lumpur? i've do so many times.
Support: Hi, may I have the booking number and email address used for a check?
Customer: Hello airasia, i did a booking with name Wan Mohd Azli. Id no, 922712036689. Booking made under email address __email__. but the problem is I dont get any email back 9r booking number. Can you please check it for me? Thank you.
Support: Can we have the flight details booked so we would able to trace accordingly. Thanks -Ed
Customer: Passanger name, Wan Nor Azli. Flight no, AK 5883. Departure Sibu -Kul. Departure date, 27 November 2017 &amp; Time, 12.15.
Support: full name of the booking. Thanks-Sha
Support: itinerary to your email, kindly check your mailbox. Appreciate in future can provide the passenger's&gt;&gt;&gt;
Support: Hi there, can we confirm is this passenger's full name Wan Mohd Azli Wan Hassan? If yes, RS454E:: We've resent the &gt;&gt;&gt;",
76a8ebee42e339d321f12d38f27c72cb,sprintcare,"Customer: . I live in a city not BFE and I'm  sick and tired of getting this. https://t.co/IjHPOTQd2O
Customer: at my home all day long.
Support: I know the importance of having a reliable service. Pls provide the closest cross streets and ZIP code of where this occurs. MXF
Customer: it wont help. I've ben reporting since last November when I got your weak service. End of stella drive 41102 zip.
Customer: again
Customer: again https://t.co/WIJ9xbSnW6
Customer: @sprintcare How are u my friend
Support: Do you experience this issue in other locations? I will notify the Network Team, so they can take a look into the area. MXF
Customer: there's  a school and trucking comoany causing problems i bekieve. Even my Zm raduo goes out by them.
Customer: @sprintcare How are you my friend",
da6f2a22c8592b05554fa73b8579ecb6,comcastcares,"Customer: Share your Comcast horror stories either in Chicagoland or elsewhere!

#Comcast #ComcastIsEvil #ComcastSucks #PleaseComeToChicagoGoogleFiber
Customer: Outage in Merrillville Indiana on a warm clear sunny day for over 5 hours and still out. #ComcastSucks
Customer: Going on 8 hrs still not fixed What a bunch of incompetent bozos at #Comcast
Support: Hi there. Sorry to hear of the service issues. Please send me a DM with your name, phone number, and address for assistance. -EW",
13751df595d5d645fe3efc581d58246c,comcastcares,"Customer: @116136 HBO Go is out for Android TV and you're the only carrier not supporting it. Abandoning your customers for Googles $$?
Support: Can you tell me what type of device (Make and Model) you are using to access HBO Go on your TV? - Chad
Customer: Nexus Player (Android TV). Comcast is not supporting it even though all other carriers are? https://t.co/0Gz5dSuPoA
Customer: Care to explain why you're not supporting Android TV? It's clearly not technical in nature.
Support: have it available in the near future. I apologize for the inconvenience. -SR
Customer: Hi! This was TWO YEARS ago now and this is still not available. Can you define ""near future"" for me?
Support: At the moment we do not currently have compatibility with those devices. I'd recommend filling out this (https://t.co/LibfhgEFl1) survey to suggest it and make your voice heard.-JG
Customer: A survey? After years of waiting, that's the best response? I thought this was the Twitter handle for showing that Comcast actually cares.
Support: We take your feedback seriously, so I would recommend that you take the survey to voice your concerns so that hopefully this will change in the future. I apologize for the frustration this has caused you. -AR",
047c78544066014d70be337cddc5a660,,"Customer: Once a flirt, always a flirt.
Customer: Did you just retweet your own tweet?
Customer: In matter of fact, I️ did tree.
Customer: @528134 You mean I and Brandon no one be flirting with you boy
Customer: @528134 Idk how fix it mane
Customer: @528134 You have to click I instead of just letting it autocorrect it. I literally get so pissed off about it 😂
Customer: @528134 @AppleSupport fix this before I️ get an android.
Customer: @528134 @AppleSupport I️ phone is spelled a lot differently now... thanks apple",
0b1807a7585c30aa0337b9eec13065ef,Uber_Support,"Customer: Um why is my uber account banned..?
Support: Sorry to hear about the trouble. Please visit https://t.co/VmsUZ44fF6 for more information.
Customer: Update of my life: you still didn’t lift my ban and if I had an Uber account I wouldn’t give anyone tips. Zero stars from me",
e3d28ee460fabf01d34584b8a37b1926,SW_Help,"Support: Give us your feedback for a chance to win £100 travel vouchers: https://t.co/01goOb8VZa
Customer: I am on train to London Waterloo, the Business capital of the world, I connected to Wifi to review a £12 million contract for my company but Wifi doesn’t work and my mobile intrnet works intermittently due to the areas we are traveling through I hope you can resolve this.
Support: Hi, we have plans to improve the free WiFi on board. However, as you mentioned we also do experience similar issues with the reception due to the areas the train travelling through. ^BK",
b7469dc537a12ac1eab2a24b9c22e79e,idea_cares,"Customer: Mr. Sunil Sood, MD &amp; CEO @118343 &amp; Mr.Thomas Reisten, CFO @118343 declaring the #H1FY16 results in Mumbai. https://t.co/7f9U9iTrR5
Customer: @118343 I think 2G nw of other service providers is far batter than so called vodafone 4G
Customer: Hi Dhaval! We will call you shortly to address your concern. - Puneet
Customer: Boss u will can only no solution ... @118343 ...learn from @116327
Customer: @31224 kindly suggst whn u will solve low seed net problem?.... Pls give me u best plan @idea_cares @116329 @116327
Support: Thank you for choosing Idea Cellular. We request you to DM your contact details and pin code to get in touch with you soon.
Regards,
Darshan. https://t.co/LBfZgLCSfr
Support: We're awaiting for your response to resolve ur issue. Pls provide the same within next 24 hrs. Rgds, Idea Care",
d5fb9d24c0088806449e85b876046348,British_Airways,"Customer: And luggage being tagged by @British_Airways to wrong destination and don't care attitude! #NeveronBA (2/2)
Support: We're sorry to hear this Sachin, could you please DM us your baggage ref, full name and address so we can look into this for you?
Customer: Dear @British_Airways so to say but it was a water throwing on all your till date achievements, as a God of Cricket @481163 feel trouble.",
a90baf01669745e918cb834416b07983,ATVIAssist,"Customer: Whats going on with the matchmaking for PC ? it's either 1 team is all low pings 30-50 the other team 150+ or 200-400 .
Support: Hello there, Are you playing over a wired connection? Is this occurring in a certain game mode or at random? ^SB
Customer: Yes, wired connection, cat 6, 300 down 100up, line quality A+... this happens across every mode..
Support: ... patch to address these and other issues soon - hang in there! ^NM
Customer: Thank you !! Should we expect it today ?
Support: No official time frame there, but keep an eye on the SHG twitter for the latest announcements: https://t.co/5ReeEixIP5 :) ^NM
Customer: Thx,  have a good 1 !!",
6587933f72c894d45c5c410a0a464dd9,hulu_support,"Support: We're revamping Watchlist to make it even better. You can find out more here: ( https://t.co/TrZMQzVq4Q).
Customer: Watchlist is not showing ""unwatched"" episodes at the top like it used to?  E.G.; I just watched Scandal, and there's another new one unwatched, but I would not have known except I accidentally browsed the whole list of episodes, and saw the ""NEW"" label on it?
Support: Apologies, Mitchell! We noticed similar reports and assure you that our team is working hard to get this all sorted out, ASAP.",
f6a0b81b29386ef0179951ae5ca5d655,Tesco,"Customer: trying to book Cineworld tickets on the website, it's asking for a PIN, only a 17 digit code provided. Please help!
Support: This is strange, it should only ask for the clubcard voucher code, can you DM a screen shot please? Thanks - Leighton
Customer: thanks for the reply - I missed the box, it was on the ticket page, rather than the payment page. Useful to add to instructions.
Support: Hi Natalie, has the order been placed now? Is there anything else that I can help with today? #EnjoyTheFilm - Leighton
Customer: All sorted now, thank you. Would be useful to clarify instructions on the website.
Support: You're welcome Natalie, I can certainly log your comments if you can DM your name &amp; address? Thanks - Leighton
Customer: @688536 2 years later and the instructions have not been improved... spent ages trying to use these vouchers this morning! Thanks @688536
Customer: @Tesco Ha! Good to know I made a difference 🤦🏻‍♀️😄
Support: I can log your suggestion if you DM your name and address. Thanks - Leighton",
077c20098ea7838516fabf5b43a0d63b,SouthwestAir,"Customer: .@SouthwestAir pilots are savage. Dudes literally drove over the chocks, taxied out unmarshalled and then took of withour runway lights.
Support: We'd like to look into this, Gordan. Can you please DM your confirmation number? ^JT
Customer: I was working at the airport! Not your finest moment!
Support: We're truly sorry for your disappointment. That said, you can DM us your airport information and the time frame. ^NG https://t.co/mQmfkXW4oV",
0b35371223c2f44e2dc0e27dcbb11135,ATVIAssist,"Customer: Hello, im a user of cod bo3 in old gen, we dont have the Split screen, but, if you can put a update with it, you make me happy.
Customer: @ATVIAssist you make me happy
Customer: @ATVIAssist 2015 Dovid,
Support: Hey there! Please leave your BO3 suggestions here: https://t.co/OOXuvdNjxT They are greatly appreciated! ^MB",
2bb740429372204546508e47396ee5ac,Safaricom_Care,"Support: You can reserve a special Golden number for Ksh 20,000/- e.g 07**221551. Alternatively,check with our dealers for an old 072 ^MW
Customer: 221551 is a golden number are u kidding me
Support: Hi, yes the number is golden.Share your contact number  via DM for details.^KF",
6331e3a5aac4ceb1837f3bb5a6ceabeb,Safaricom_Care,"Support: You don't need more strength, ability or opportunity. What you need is to use what you have. Good morning. ^RM https://t.co/IAeqLXsno5
Customer: hi,name:KATETA MUSEMBI, ID NO 29229682.KINDLY  offer the  your assistance soonest possible
Support: Hi, unfortunately your registration details do not match our system. You will need to visit our retail shop with...contd
Customer: I have been called by several fraudster informing that my line registration is share with someone
Customer: I'm officially moving to aitel because that adds weight to my reasons of boycotting your service
Support: Hi, Kindly send fraud related issues via sms to 333(free) our fraud team will investigate and action.^ BD",
a9c325a157b5752ef9abfa8872faf880,AskCiti,"Customer: Citibank Philippines https://t.co/YuEneTP0cg
Customer: hi there maam april..do you work for citibank ph? i need help on my account.. could you help me? thanks
Support: Hello, I saw your tweet and I would like to help. I would be happy to escalate any concerns to our Citi Philippines partners. Please click and DM with you phone number and details of your issue.(No Acct #'s/PIN).^ZJ https://t.co/gvC4jAOA9c",
1a97768dc9dffc384357957de04045f6,ChaseSupport,"Customer: So I called @ChaseSupport &amp; got to speak w/4+ people who can't seem to solve my error code 386 so I can see my mortgage info SO ANNOYING!!!
Support: Thanks for reaching out to us. Could you try clearing your cache and cookies? Please let us know if this helps. ^AW",
e7196ab5283fef8e10532015b3be4ab2,ChaseSupport,"Customer: New debit card. #excited https://t.co/qtkEkDlP5L
Support: Please delete the message with the card number, and let us know if you need our assistance. ^JD
Customer: @802959 😂😂😂😂",
8829db8ac6ccd00d8b3c289e9afa8c1f,comcastcares,"Customer: I'm sorry this happened to your friend. Can you have your friend tweet to me and I'll investigate? -Larry
Customer: @342477 do you help when Comcast can’t? I have placed five phone calls with no luck...
Support: Hello, I want to help. Please DM me your address and number so I can get your account pulled up. -AR",
3da44dda8fc89312d7f3b759e4fb7de0,,"Customer: For all of your official Xbox support-related needs, be sure to follow our primary handle, @XboxSupport, right away!",
a887b657402216876fd0934b51a52cf2,AskAmex,"Customer: I want to change the money that I put in my reserve account to 50 dollars on the 4th of every month instead of 20 dollars twice
Support: Hi there. Are you referring to your Serve Card? ^Rachel
Customer: Yes
Support: Hi Joan. Is there something I can help you with? ^B",
aee13175dca30ae8fac7df5790ba61a9,AskPayPal,"Customer: Thanks @490 for hosting #FIF2015. Great to see businesses &amp; gov’t working  together to make financial services affordable, accessible
Customer: Who is in charge of consumer affairs at Paypal? We need to talk!
Customer: @490 Hi Dan can you help? My mums been waiting for over a week for a response from support &amp; money has gone missing into your #paypal system
Customer: @490  how to handle credit card fraud of those with no PayPal account    More than 27 minutes waiting on phone @115993
Support: Hi! Sorry there's a problem! Please DM us with your PayPal email and we'll check things out! Thanks! ^MW cc @137259
Customer: @490 I'm absolutely appalled at the lack of urgency from PayPal it appears your growing at a pace that @115993  can't cope with, @47440
Support: Sorry to hear about the extended hold time. If you still need help please DM us your PayPal email address. ^DD cc @137259
Customer: @137259 How do I send a DM? And do I want to? Just spent an exhausting hour on to your Phllipines and (closed) UK outposts
Customer: @490 @115993 @47440 @67034 o know your very busy But when you get this feel free to share absolutely everywhere x
Customer: @676345 @137259  https://t.co/olP4KRnkyG
Customer: @137259 For no logical reason I'm delisted or delimited or limited or whatever cyber-corporate jargon you've constructed
Support: @137259 Hi there, we are sorry to hear your mum has had this experience. We'd like to help &amp; will be sure t... https://t.co/OHsitbxJOc
Customer: @676345 @137259  https://t.co/fyBtJkoC3w
Support: Try this link for instrucitons https://t.co/KJ7twOEH7S Sorry about the time spent on the phone! ^MW cc @137259
Customer: @137259 So I've been requested again for information? You ain't responded / fulfilled investigation to this issue? I'm currently waiting a response
Customer: @137259 and a deathly silence descends. Tumbleweed floats past me. The clock ticks mournfully and life, pauses...
Customer: @AskPayPal @137259 Sean they don't give a fuck love. Trust me.
Support: It sounds like you may be running into our Security System when trying to send a payment. We'd be... https://t.co/vZiUOaCZyQ
Customer: @422973 I would suggest it's easier to buy heroin and inject it and probably preferred to being involved with PayPal.
Customer: @422973 Ah ha ha any excuse to hold on to a few quid PayPal pay pig",
20ae79db2a0cafbdd11595ea70115c23,sainsburys,"Customer: bought your beef lasagne open the box and this is it. Look a bit different to your box picture. https://t.co/pPlEOIliLr
Customer: so no answer from you regarding this so called lasagne I tweeted you last night.
Support: Seems like we haven't received this Robert. Can you DM us more info please? Maryclare
Customer: thank you for reply I have just DM you.
Support: Hi Robert can you tell me the barcode &amp; store it was purchased from please? Steven
Customer: Hi Steven it was purchased from Redhill branch last night. I will get the barcode tonight when back home.
Support: No problem Robert, we're here until 11:30pm. Steven
Customer: Hi Steven Barcode is 00123013 and purchased last night from Redhill Branch.
Support: Hey Robert. Can you DM us your Nectar card number? I'd like to pop some points on. Thanks, Grant.
Customer: okay will do that now. Thank you
Customer: @sainsburys U just want free food nothing looks like picture on packet
Customer: @sainsburys Who are you stalking a two year old tweet?",
3e84a433bb55ecaf16ad7bfbb2b4f01a,XboxSupport,"Customer: For all of your official Xbox support-related needs, be sure to follow our primary handle, @XboxSupport, right away!
Customer: @XboxSupport How do I use a keyboard and mouse on my Xbox
Support: Hi there! You can plug those in using a USB port. They are not supported for games though.  ^BL",
dc11b13fcbfbe76a26a9689e9c3b0b94,airtel_care,"Customer: pls, deactivate auto data re  ewel 07014142114 thank you.
Support: Hello @420468 Please be informed that the auto renewal has been deactivated as requested. Thank you.
Customer: @420468 Hello How to deactivate caller tunes?
Support: via DM for prompt assistance. Thank you. ^Osebi. (2/2)
Support: Please send STOP to 791 to deactivate the Caller ring back tune service. Thank you. Alternatively, you may share your mobile number (1/2)",
145ef09b41173588dd5cb9a2ba33b5ff,BofA_Help,"Customer: On hold with @116035 for over 2 hours! terrible customer service #bankofamericasupport #horrible
Support: We are following up to see how we may assist in resolving your concerns. Please let us know how we can help. Thank you. ^ig
Customer: @198355 Someone have my money and nor @ChaseSupport nor @116035 nor @3345 want to be responsible
Customer: @198355 @ChaseSupport Chase /zelle allowed two people to have the same phone number to be registered to receive funds",
a5f4a344f076794faa29e34dcf21fc11,Safaricom_Care,"Customer: @Safaricom_Care JL58L2UHS0 Confirmed. Ksh7,000.00 sent to NIC Paybill Account  for account 1000384786 on 5/12/15 no reflecting
Support: Hi. From our end the transaction is complete. Kindly call the bank on 0711041111(charged) for assistance. ^MC @164505
Customer: kindly call me.I want to renew my line. call me through
0724164282
Customer: i want to open my mpesa account. kindly call me. 0719304931
Support: We have been in touch and advised. ^SH
Customer: Have 1 GB Promotion Bundles bundles it does not connect me to internet. Kindly assist. My phone number: 0792336517
Support: Hi, the bundle will only work when you are on a 4G covered area and using a 4G Device.^TT
Customer: i deleted my safaricom sim cards contacts by mistake. is there a way i can recover them back? 0722498570
Support: Unfortunately we no longer have a service that can assist you recover your saved contacts. ^MU
Customer: Regards
Customer: is there a software or anything else i can use?
Customer: kindly  call my number. i need help. 0724164282
Support: Check under billing&gt;recent or unbilled usage on https://t.co/p2NkzIrbyj numbers you have been calling but without the names.^KS
Support: Hi kindly DM the number,name id no and Mpesa balance we will assist with the puk 2 .^TM
Customer: Kindly  call me now.  I nees assistance with renewing of line.  0724164282
Customer: mpesa balance 19ksh
Support: Hi, we are trying to reach you on 0724....282 unreachable, kindly advise on availability for assistance.^HM
Customer: kindly call back . im available. 0724164282
Support: We have been in touch and advised.^DN
Customer: have tried with nokia asha 205 and gives me an error ""pin 2 code rejected"". 0724164282
Customer: kindly call back. was in another call
Support: Hi, we are unable to reach you now. Kindly advise on the best time to call. ^KR
Customer: kindly call back
im available
Support: Share an alternative number via DM that we can use to reach you with since your number is unreachable ^WE
Customer: 0724164282
Customer: I want to replace my lost safaricom line....kindly contact through 0724164282. regards
Support: We have been in touch. ^KT
Customer: i enjoy your quality services. Regards safaricom care group
Customer: i want to help someone who blocked his mpesa account after forgetting pin. kindly call me 0724164282
Support: We have been in touch.^TM
Customer: kindly recall. He is still having problems with mpesa pin . 0724164282
Customer: my line has been blocked for entering voucher 3 times . kindly help 0724164282
Customer: kindly call me. need help 0724164282
Customer: my line has been block for entering wrong voucher 0724164282 .. serial no:8__credit_card__
Support: To top up the voucher card dial *141*voucher code*your number# okay the serial number of the voucher is active ^WE
Customer: I am lindah of no: 0702498171. kindly call me now. I need help
Customer: kindly unlock my number .0724164282.
Customer: kindly call me now. i need urgent help. 0724164282
Customer: kindly call me. i need help in transfering bonga points. 0724164282
Customer: i want to renew my lost safaricom line. contact me through :0724164282
Customer: you can contact me now. 0724164282
Customer: i  need help with my simcard. Kindly call me now through 0724164282
Customer: Kindly contact this number. She needs urgent help. 0717150386 .
Regards
Support: Hi, we've called her. Have a good day.^NK
Customer: kindly call me through 0724164282. I need help
Support: Good afternoon,brief us on the issue for  follow up call.^DN
Customer: i want to help someone who blocked her line .
Customer: kindly call me through this number . 0724164282. i want to assist someone who blocked her sim card.
Support: We have been in touch and confirmed issue been sorted.^DE
Customer: Kindly call at assist this number 0707962883. She is having problems with internet connection in her phone.
Support: It seems our calls are not being picked, give a brief of the issue for further assistance.^WO
Customer: Kindly call me.  i want to help someone renew line 0724164282
Support: Hi, advise if it is okay for us to call you at this hour. ^NO",
1cd28a359004a4377ef406d7f3247133,ArgosHelpers,"Customer: unable to get in touch with your phone team. Delivery problem, can I get a DM! You have awful customer service!
Support: Hi Lee, I'm sorry to hear this. How can I help you? - Ashley
Customer: ordered gaming chairs on the 23rd November, only one turned up next day... Can't get through for hours!!
Customer: @ArgosHelpers what happened to the gaming chairs?",
42b5d701a9c98d18a86cd94ec380adf1,SouthwestAir,"Support: Show your love for Santa in our #12DaysofLUV #Contest by taking a selfie w/ his look-alike! https://t.co/2TiQ84Rkda https://t.co/mLfy8eG1D3
Customer: Ho Ho Ho...Merry Christmas#Ohyeah!!! https://t.co/29vZtEGqdF
Customer: Happy Holidays my peeps 🤗🤗🤗
Support: Happy Holidays to you &amp; yours! Hope to welcome you onboard w/ us soon! ^CT",
fa68caaa3fda0e99c389be9c5fcaff0d,GreggsOfficial,"Customer: Patisserie cream doughnuts! Where are they? Why have they gone? You are ruining lives! #fatmanproblems
Support: Which shop have they disappeared from Alex?
Customer: All of them!

Where have they gone? :(",
f33aaac89a067d9a82cc23cfa4da9809,VerizonSupport,"Customer: well that wasnt helpful. Sorry we cant charge you what you were quoted. https://t.co/Ky9hb0d6Tf
Customer: @307060 @VerizonSupport Verizon Wireless: the best. Verizon FiOS: the worst. I'm continually stunned how one company's two branches can provide such dissimilar customer experiences.
Support: We'd like to change your Fios perception. Please let us know if you are having any issues with Fios. ^DDD",
2f4cc1c9b0bf8590aec21e9127181e09,idea_cares,"Customer: worst network has provided by idea in our area. Complaining you from last 3years. No improvement. Faltu Faltu.
Support: we understand &amp; regret the network trouble that you are facing. Please message us your contact details for investigation.
Customer: aree pehle apna 2g tower thik kar phir 3g k bare me bolna. Kabhi tower hi nehi rehta. My no 9434999754
Support: has been discussed and addressed. For further assistance, kindly contact our Idea customer care helpline. 2/2
Customer: tower kharap Hai idea ka. Thik kar pahle phot 3g 4g k bare me bolna
Support: For further assistance, kindly contact Idea customer care helpline. 3/3
Customer: Tere bahut bad jio aye aur gaon gaon mr jio ke tower dekh. Par ab bhi tum logon ka tower nehi hua. Amazing.
Support: We're awaiting for your response to resolve ur issue. Pls provide the same within next 24 hrs. Rgds, Idea Care
Support: Sorry for trouble. Request you to specify your exact concern, so that we can assist you better. Regards, Vicky",
4436246e712aaa51117b9608075751f1,GWRHelp,"Customer: Hi, booked some tickets on your website earlier but need to change one from day return to open return. How can I do this?
Support: Hi Kimberley. You would need to apply for refund and then buy the appropriate ticket. -Ollie
Customer: Ok, and will I be charged the £10 admin fee? Haven't printed the tickets from the machine at the station yet.
Support: Did you buy the tickets today? -Ollie
Customer: Yes, I bought them this afternoon and they're not for use until January.
Support: If you put reason as same day refund and explain got wrong ticket, I'd expect the £10 will likely be waived. -Ollie
Customer: @817936 Did Kimberley get the fee wavered because I've just done a similar thing! Need to change a return to a single.",
422da1e7dd02d55c142b6b5c01856e03,ArgosHelpers,"Customer: 2.5 YEARS later and still no fix from your IT dept. THERE ARE NOT 2 NORTHAMPTONS in the UK https://t.co/NVZxsBE5XQ
Support: Hi Ian, there is an area of Droitwich called Northampton.

Rob
Customer: The only place there is Northampton Lane. There is NO area called Northampton in Droitwich. https://t.co/IcYcHOm5At
Customer: @116245 #Argos Now, nearly 5 years of telling you that there is ONLY 1 town called Northampton in the UK. Yet still you can not remove the error from your database. Still the same problem. Who do I need to speak to in your organisation to get this fixed? https://t.co/D8DqHUP9Em
Support: Hi Ian, there is an area Ombersley, Droitwich, Worceshtershire which is locally referred to as Northampton (please see https://t.co/XGNdkATZB3), so this will remain on our website. I am sorry if this disappoints you - Paul
Customer: It is a HAMLET consisting of 5 houses. Not a city, not a town, not a village but a hamlet. You are the only major UK company that lists this 1st as a town of choice. And you get this information from a Ancestry/Genealogy site.
Precedence over a shire town with a pop of 250000.",
af87c6ef2e76da0ec15ea6c1ffba09ba,AirAsiaSupport,"Customer: LJ21XK this is my mums booking ID.
I add on baggage and why unable to print boarding pass
Support: Hi, you may reprint/ resend the boarding pass here https://t.co/YCf7kQmxgj. Thank you.
Customer: i haven't  book!",
a75f384ecc685f565d9978d60c128547,AskPlayStation,"Customer: any way to change user name yet??? I created my account username when I was like 14..15. I want to change it..thanks .
Support: Once you have created your PSN account, you cannot change the Online ID registered.
Customer: Never answered^^
Support: Sorry for the delays, Please tell us how can we help you?",
d5f20e8357019eef02c34b9d4cd8b7c1,GWRHelp,"Customer: why are concourse indicator boards at Reading in journey end order and on the platforms in departure order? First is confusing.
Support: Once on the platform. It will then list the calling order to the destination. Apologies for any confusion. Grant
Customer: I'm getting out Goring on 9:57 ex reading I need the lift - luggage, sciatica and tired
Support: Not aware of any issues with lift at Goring. -Ollie
Customer: what has happened to the 6:30 from Goring to London  paddington. Now standing on a crowded 125. What the hell is gong on? Nightmare
Support: Hi Rolf. We had to cancel due to a train fault. Sorry for difficult conditions on the new service. Lewis
Customer: every time I opt for a train from Goring &amp; streatley, it's late/cancelled. 7.13 just late enough to miss my London meeting. Why?
Customer: @484804 Another train fault eh? Very regular excuse recently -= Poor investment in maintenance and training = poor management but the customers suffer.  @125047 what is the quango doing about holding GWR to account?
Support: Hi Rolf. Many apologies for the delay. This service was delayed due to congestion on this line. I do appreciate this is frustrating. Rach
Customer: why is the 16:35 from Reading to Pad wandering around like a lost sheep? I get on a train and something happens. Reliability?
Support: Hi Rolf. That service was delayed just outside Paddington but arrived at 17:08, 1 minute late. Lewis",
d06c30753b495c7ae87add8fb4cef1f0,marksandspencer,"Customer: have no reply for the lack of adult Spider-Man Christmas jumpers... I bet @Tesco would get something done!
Support: We're as sad as Peter Parker at the death of his Uncle Ben that we've let you down with our jumper choices. Maybe in 2016...
Customer: there's still time to get them made! With great production line comes great responsibility! #jumpergate
Customer: Okay @marksandspencer last year you said maybe in 2016 you'd be able to sort out an adult Spider-Man X-mas jumper. #tellmeyoudidit?
Customer: Okay guys I'm giving you a few months notice this time... Adult sized Spider-Man Christmas jumpers... where do we stand?? #thirdtimelucky
Support: the webslinger's people and see if they can help. Thanks and have a great weekend Oliver! 2/2
Customer: Trust me it hurt me to type more than it hurt you to read. I believe in you! You can make this happen!!!! #trustinM&amp;S
Support: Oh yes, Oliver - we love to make dreams come true so watch this space! ;)
Customer: You guys are the best ;) Could it be that this year my dreams come true? #imdreamingofaspideychrsitmas
Support: As long as you're a good boy and keep wishing upon a star, you may find your dreams come true... ;)
Customer: So... the time is now! I'm looking for a Christmas jumper. Have you... have you managed to make my dreams come true? #thewait #itwouldgoviral #prettyprettyplease
Support: Not this year, Oliver, but you never know what the next 12 months will bring... ;)
Customer: Does that mean I've not been a good boy 😭 #brokenheart #notsospideychristmas #unclebensdeathhurtlessthanthis",
ece99781884829f1973791e12f23cd5a,AmericanAir,"Customer: First never last, another flight @AmericanAir ✈️💋 https://t.co/YGqMJYUNxX
Support: We're happy to have you on board again, Sybil! Enjoy the First Class perks. #VIP
Customer: @508852 Ohh my god!! :)
Customer: @508852 Thats soo cumming :) :P 😗",
859b8c1d8ede479e993737474b170b88,Safaricom_Care,"Customer: Make a Wish! A short, exciting game that could see you win a 4-star hotel dinner experience, Mbuzi &amp; much much more! https://t.co/rwvWZLKkKw
Customer: how can I send money from mpesa to my Equity bank account @Safaricom_Care
Support: Enter the amount&gt;then follow prompts to send money.^NN
Support: Hi,on the M-PESA menu select Lipa na M-PESA&gt;Select Paybill&gt;Under Business number enter 247247&gt;Enter your Account Number&gt;(cont)",
b766a4499c9105140e72c7ddacd05ca1,AmazonHelp,"Customer: The sound quality of The Deer Hunter on Amazon Prime on the Xbox is the worst thing I've ever heard. @AmazonHelp @XboxSupport
Support: Let us know if you have any other questions or concerns after you've spoke with our Support team! ^ME
Customer: @342936 Googled the sound issue &amp; discovered these tweets...the sound quality is still off, tinny..totally unwatchable. I'm On the PS4 app.",
d6f1f20771074e0c8f3a370c44bde1d1,AskPlayStation,"Customer: Is there something wrong with PSN its been two days since i cant log in in my psvita :/
Support: Sorry to hear that. What error message or error code do you see?
Customer: @339578  Help!! https://t.co/IthURrR3wP
Customer: @AskPlayStation @339578 Same to me like ps vita have problems",
e4b9654c693994203fa50df3a9ab034e,AirAsiaSupport,"Customer: My booking no is NI1RRA. I mistakening put MR instead of MS for my mother. Can help to rectify?
Support: `Hi,may we have the name that need title amendment please.Thank you =)
Customer: It supposed to be 'Ms Kui Yu Chai' instead of Mr. Thx and happy new year to you.
Support: Hi, correction done. Please check your mailbox for the revised itinerary. Thank you.
Customer: Done. Thanks
Support: Hi, you are most welcome. Take care and have a wonderful day ahead!
Customer: Booking ref: GHFTTV. Can i change my daughter ticket to my son because she can't travel that day. Got important event to attend.
Support: Hi There, we have respond you via DM , see you there!- Anwar
Customer: What is DM?
Support: Hi there, DM mean direct message. -Jimy",
cbfb0a415f4a0f6b23aa2d96b01b760a,VirginAmerica,"Customer: Back to my second home (or is that the first?) @virginamerica and planes in general.… https://t.co/S31ZpqJoVY
Support: So fierce. #moodlighting
Customer: @766094 Fierce at 8am! I'll take it. #priority seats rock btw! https://t.co/gdEWiBiuJd
Customer: @VirginAmerica I love you Sadie Nardini",
549cf64b0da482f37294c0b34a7b205a,AWSSupport,"Customer: Follow us for the lastest cloud computing news &amp; updates!
Customer: I ain't able to complete my phone verification ...can u have a look??
Customer: I have been trying to see how best to use your services,  especially with respect to hosting apps! @123644 @AWSSupport
Support: Sorry for the trouble, David. Check out this doc for help: https://t.co/ofObjQO2St ^ET
Support: Check out these guides: https://t.co/SWMqj0cl8r &amp; post any questions you have along the way, here: https://t.co/NewLiJrQCR 📝 ^TI",
af933f7597f69245497568b7e82b94b6,JetBlue,"Support: From the Speedway to Broadway! Now flying Flight 500 (get it?!) from #DaytonaBeach to New York! 🏁 #DestinationFriday https://t.co/fO1D6syhLK
Customer: is it really flt 500?
Support: You let us know which flight you'd like us to check on and we can do it for you.
Customer: when can I book a flight for February 2017?
Support: Our schedules are typically released 6-8 months out, so it'll probably be a few more months.
Customer: When will you release flights for August 2018?
Customer: When will july 2018 open for booking?
Support: Hi Sara, Our next schedule extension will be Sunday, November 12, at 2PM ET.
Support: We don't have the dates for the next schedule extension yet, but stay tuned! We'll make an announcement as soon as we know.
Customer: Got it, 2 PM not noon, correct?
Support: Correct, 2 PM.
Customer: @200290 Ok, it's after 2 PM Eastern. where are the July dates? :)
Customer: @JetBlue @200290 Hey guys - what am I missing?
Still says we can only book through June 13...Did I do something wrong?
Thanks in advance!
Support: @200289 @200290 If you need assistance please give us a call at 1-800-JETBLUE (538-2583). We can help you get those flight booked!",
714307701166ce22450721406b480b33,YahooCare,"Support: We don't post public #YahooSupport phone numbers - if you see one on the Internet, it's a scam! Learn more: https://t.co/HXl8LM8kro",
8bb782437b686e282a1e060780173015,O2,"Support: Market Street in Manchester just got an upgrade.

Our new shop's a lot more than phones: https://t.co/hyEPKr1I73 https://t.co/izfNBCaJUn
Customer: Love the store! Who's the music posters by????
Support: Hi Jake, thanks! We'll see if we can find anything out for you 😃",
cae62bbf2d642d91b31be41f79a914a9,ChipotleTweets,"Customer: We need some branches in the Middle East please... https://t.co/oivVVqTZk5
Support: I hope we can make that happen someday. -Joe
Customer: I'm still waiting 😞😞😞",
96c02df55c33801fa8bed40ce44b9a89,AskRobinhood,"Customer: What's going on with expanding the app abroad? Been waiting since the early days but still nothing :( It's just what i need!
Support: We're still excited to share Robinhood internationally, but we're just not ready to share new plans at this time. Stay tuned! 😊
Customer: 1 year and almost 10 months later still no update for international expansion :(. Been waiting for @122481 since 2014 :'(.",
d88f9213754293056559160f832eca7c,NeweggService,"Customer: I paid $350 for a working TV and @116593 sent a broken one and refused to make it right. #BoycottNewegg
Customer: @116593 They stole 50 bucks from me and say they never Received it but pay pal says otherwise.
Support: You may be experiencing a pending charge. It can take anywhere from 1-5 business days to be put back into you account. -J",
c631a7d8eec251449cd79f7b562312f4,YahooCare,"Customer: My yahoo account doesnt want to recover! ""Uh oh, looks like we cant recover your account online. Please our help site...""
Support: Hi, our Accounts team can help you with accessing your Yahoo account and updating the recovery email a... https://t.co/eyB3mYzoXF",
ebba53a84653538a8589024ee0069cfa,ChipotleTweets,"Customer: this morning I was hungry, and I wanted breakfast, but I also wanted Chipotle. Thoughts on breakfast burritos?
Support: We've tried it out, but it's not really our style. Thanks for the suggestion! -Pete
Customer: Hey Pete, any chance you guys have reconsidered?
Support: Not yet. But check out Dulles Airport if you're ever flying through there. We have it there. -Tay",
41b59f8a1d6a38463153108d199ca77c,AsurionCares,"Customer: You focus on life. We'll take care of the tech. https://t.co/S9knIaT7C4
Customer: What a joke. I’ve been paying for this coverage on my phones for years. Cracked my brand new  S8 Plus and you kept arguing I wasn't covered.
Customer: I got sent a refurbished phone kept getting hot and making a weird noise I got sent another phone ad this one gets hot but no noise
Support: Rest assured, many replacements come with a 1 yr limited warranty. We're always here to help! ^AW
Support: We do use both new and certified-like-new devices in order to provide this service. 1/2 ^AW
Support: The device does come w/ a 1 yr warranty. Who's your carrier? ^AW
Customer: T mobile
Support: Please DM us the claim # or mobile # associated. ^AW",
b14ef239fabefe2f06ca1fe0a93581be,AmazonHelp,"Customer: My grandfather received a call from 206-508-4014 claiming to be from Amazon.  Is this actually from Amazon or a scam?
Support: That is not one of our numbers. Please make sure he didn't provide them any information. ^MR",
3622aec3012ec3cc633e240205c06550,Safaricom_Care,"Customer: kindly help this customer to do reverse. Contact 0726926314
Customer: thanks.. For being concerned..
Customer: kindly help my customer with simswap... Contact 0720012688
Support: Hi, we have been in touch.^DA
Customer: Thanks for your help..
Support: You're welcome.^PE
Customer: kindly help my customer with simswap.. Contact 0720012688
Support: We are trying to reach them but the number is continuously busy , kindly advise on the best time to call ^VM
Customer: call now. I need simswap.. Contact 0720012688
Support: We have been in touch.^TM
Customer: My customer need simswap.. Kindly help contact 0720012688
Support: We have been in touch.^FY
Customer: Still waiting for the call.. My client need simswap. Contact 0720012688.
Customer: my client need simswap.. Kindly help. Contact 0720012688.
Support: We have tried to contact you but there is no response. Please advice when available for call back. ^WP
Customer: help me with simswap.. Contact me on 0705 376606....
Support: Hi, we have been in touch and advised. ^KR
Customer: help me I can't get my actual mswari bal.. Contact me on 0717318424
Support: We have been in touch and advised. ^AO
Customer: good morning.. Help me I can't get my mpesa bal... Contact me on 0714 441487.
Support: We have been in touch and advised. ^KL
Customer: ...why was my mpesa till suspended. .I didn't get any reason from your side. .Help me 0720688633
Support: Kindly share the till number  or advise if we can contact you at this hour. ^KO
Customer: till 371028. .
Customer: good morning. .kindly help me to do reversal. .contact me on 0729 292568
Support: Kindly advise if we can contact you at this hour. ^KO
Support: We have tried calling you but you are currently not available, kindly advice on the best time to call ...contd
Customer: yea. .you can call
Customer: help me. I can't receive messages in my phone. .contact me on +254 790 139836
Support: We have been in touch. ^WN
Support: Your number is currently unreachable kindly advice on the best time to call. ^ED
Customer: help me i can't remember my mpesa pin. .contact me on 0722291824
Support: Hi, we have been in touch and advised. ^NO
Customer: help i can't make calls. .contact me on0719 267888
Support: We've advised on call.^NR
Customer: good morning. .Help me to do a reversal. .contact me on 0702 834266
Support: Hi, we have been in touch and advised. ^WN
Customer: how do I enter to viusasa
Support: Hi,kindly clarify on this.^BD",
66a529b81b969c8814194b7d164e9b57,Uber_Support,"Customer: This is the second time I've had a @115873 driver named Muhammad start a conversation by asking what my ethnicity is.
Customer: For those replying years later: this isn't a simple ""where are you from."" They asked where my family is from originally and refuse Brooklyn.
Support: Here to help! Connect with us through https://t.co/zUe0dj6yoX and we'll be in touch.",
b6d6fe09b0ef8553b704846d36067953,AskPayPal,"Customer: #paypal Shout out to Sup Drew ID-47650. Best #customerservice . He stayed on the phone 1.5 hr till everything was fixed.
Customer: @115993 Just had drew on the phone and he was absolutely terrible!! he hung up the call on me mid-sentence because he didn't have an answer for me.
Customer: @115993 I’m not sure I understand what you’re talking about or who you are.
Customer: @115993 talking to paypal not you. just commenting to show that your experience with Drew isn't universal
Customer: @115993 @askpaypal
Support: Hi there. We're sorry to hear about this recent interaction. This isn't the kind of experience we like to hear ab... https://t.co/JYh93yVy7q",
c0e0c2b1a5e01eb54be322fc463f5af4,AirAsiaSupport,"Support: Hi, correction done. Please check your mailbox for the revised itinerary. Thank you.
Customer: thank you so much! have a nice day
Support: You are most welcome. Take care and have a nice day too!
Customer: hi I have purchase 40kg baggage allowance ... What if I exceed the amount around 5kg?
Support: Hi, I can help you add it at pre-booked rates. Just follow me and DM (Direct Message) your booking number and preferred KG.
Customer: what is a pre booked rates? and what is the pricing? Thank you.
Support: Hi, you may pre-book Baggage Allowance online via Manage my Booking up 4 hours before departure. Thank you.
Customer: I would like to pre-book baggage allowance (20kg)? Is it RM 102?
Support: Hi, sorry but I can see that you've pre-booked 40kg baggage allowance and that's the maximum can be pre-booked. Thank you.
Customer: but I was told that I could add on more baggage allowance?
Support: Hi, sorry for the confusion but maximum baggage allowance can be pre-booked is only up to 40kg per person. Thank you.
Customer: @AirAsiaSupport Hi, I have sent you a dm. Please advice on the issue.
Support: Hi, kindly refer to your DM as we replied accordingly. Thanks - Ed",
b29db74d108f5f3789f2751e1ff2a505,AmericanAir,"Customer: .@AmericanAir confirms I can take my #yoga mat as carry on luggage. Namaste 🙏🏻
Support: The mat would need to fit in your carry-on allotment, Hayley. Here are the dimensions: https://t.co/AqqDo7IbvB #Namaste
Customer: My yoga mat is 70cm x 11cm rolled up. Can you confirm it's within carry on limit? I was given okay by your call centre.
Support: Hayley, here's a great link with all our carry-on info: https://t.co/AqqDo7IbvB
Customer: Thanks, I've seen the link but want to confirm. It says 115cm overall but individual dimensions have max 56cm? My mat is 70cm.
Customer: @AmericanAir Dear Hayley could you share what was the end of this controversy about flying with a yoga mat through AA? I'll appreciate!
Customer: @AmericanAir Hi Dave! There was no controversy - I was able to take my yoga mat carry-on (in a yoga bag) without any issues.",
3068237901e52d0e4d11480c898a5b5e,comcastcares,"Customer: The @116136 speed test is when your connection times out waiting for the speed test page to load.
Customer: @116136 This is awesome.
Support: I can definitely assist with the speed problem you're having. Could you please DM me your address and phone number to begin? -NFM",
9873fbd163fa924f0ea32f92b009cb46,AskPlayStation,"Customer: I have a problem with activating my account its saying someone on another system is on mine and mine deactivating
Customer: I have a problem with activating my account it’s saying someone on another system is on mine and mine is deactivated
Support: Here to help you! Please follow the steps in the next link to deactivate all other consoles via PC: https://t.co/BZwY1dGjre",
db349566cb0e1d7d2863215e9f2b55fb,ATVIAssist,"Customer: found this glitch on skyjacked within 30 seconds of playtime https://t.co/ckF9Ujn40b
Support: Hi there, thank you. What game mode are you playing and map is Skyjacked, correct? ^ZR
Customer: Game mode was ffa but that’s irrelevant
Support: Be sure to report exploiters in-game as well. Thanks a lot Alicia. ^DL",
6581c7911c09f96094713a7c3975653a,ChaseSupport,"Customer: can you hook up a huge knick fan with tickets to tonight's game?
Support: We provide tickets through marketing offers occasionally. We'll let you know when we have some available! ^AW
Customer: Can you hook up a huge KNICK fan with tickets to tomorrow’s nights game? Thanks!!",
4e6481c8d19d9e043262101f1248578a,AskeBay,"Customer: I hate your seller ""protection"" 
You won't give a final value fee credit since package was lost in transit despite refunding buyer.
Support: How was the refund issued? You may qualify for a credit: https://t.co/DjX0W7vL69. Let us know!^CJ
Customer: because the item was lost in transit they requested a refund &amp; were awarded. I was charged refund amount + shipping + final value
Customer: @AskeBay trust me it was not lost, it's a scam  buyers , order something then claim it didn't come it's automatic refund, you think I am talking sh*t get a few friends test it out, if they honest they can send money back to seller later. good as money in the bank",
e0d9c6027487d4a55390106fd9801871,BoostCare,"Customer: Don’t get shut off w/ payment flexibility. Now 14 extra days to pay.  https://t.co/t6OnYsIj1N https://t.co/mvegXWjVAD
Customer: How do I sign up for the grace period
Support: Hi there, Kathy! Be aware The Grace Period (VIP Premier) can only be sent via invitation. Customer Care is unable to enroll  a customer manually to the program. Thanks. -JC",
719653e675f24537d4cb647537a2a04f,Safaricom_Care,"Customer: #safaricomcustomercare 0723605565 I have losit Kshs. 10.00 twice please remove this weird deductions.
Support: The Premium subscription 21660 has been deactivated. ^JM
Customer: Hello, I have tried to top up credit on my number..0724682816 my account was blocked. Please I need your assistance.
Support: We've unblocked the line. You can DM voucher serial for assistance if still having issue with the top up. ^EW
Customer: please activate my m.pesa. 0797230077.ID 29903193. Names. Ali Wafula Munira. Date of birth. 06/12/1991.
Support: Hi, we have been in touch and advised. ^NO
Customer: am done with chosing language, you can proceed.
Support: Hi, the line is now active. ^KW
Customer: bado inaulizia pin
Support: Weka pin iliyo kwenye card. ^MA
Customer: pin one or two
Support: Hi, kindly check our previous response.^FG
Customer: the reason why I contacted you was to activate my m.pesa again you are reffering me to agent.  Agents are controlled by you.
Support: Hi, we have been in touch and advised .^CH
Customer: please opt this number from 0704963680 from 21556.
Support: Done. In future, kindly dial *100#OK&gt; My Subscriptions &gt; Premium Services and Games&gt; and follow prompts. ^PM
Customer: thanks alot .... I like Safaricom.
Support: You're welcome.^CN
Customer: Activate this number 0796898600,DOB 22/12/97,NAMES:NIXON AKETCH BARASA. Last topped credit 10.00. M.pesa bal.110.
Support: We have been in touch .^EO
Customer: please contact me. 0796898600
Support: We have been in touch.^EO
Customer: please, swap for me this No.0790638448, pin 2154, Name Riziki Adhiambo Baraza. ID 29530626. 
IMSI 9840309475. New pin 1222.
Support: Hi, kindly DM us a contact number that we may reach you on for further assistance.^DO
Customer: 0704963680
Support: We are unable to get you on the contact number provided. Let us know of the best time to call or offer an alternative.^DO
Customer: Please contact me 0704963680. Am having registration problem.
Support: Hi, we've been in touch. Advised to confirm number in question and contact us back for assistance. ^GB
Customer: Please contact me, I have confirmed the number
Support: Kindly confirm if its ok to call you at this time.^PY",
2a7b34be62f2047d4b47b38ca2f3fe76,comcastcares,"Customer: Internet and cable out in Delray beach.  On now. Why does it keep going out all the time !
Support: I would to assist with your internet and cable services. Please send me a DM with your account number. -PTL
Customer: Is there a problem with NBC ? I cannot get a feed for “the voice” that is being recorded !
Support: I would be glad to check this for you. Please DM your address/phone so we can get started. - GW",
84e1ff8a2651456b760d01c0aecb59d5,AskCiti,"Customer: Tried asking question on CC website and error ""Certain special characters not allowed"" but does not tell what char isn't allowed
Support: Hi, I would be happy to look into any questions that you may have about a Citibank or the best buy CC's. ^FM
Customer: When at BBCCs site and trying to send a secure message, turns out an apostrophe isn't allowed https://t.co/O9sJqQdHpw
Support: Thanks for reaching out. We appreciate and value your feedback. Please let us know if we can try &amp; assist further. ^WJ
Customer: @494956 Apparently not just apostrophe... Still getting the error after find-replacing all of them. ""Certain"" is really not a specific enough error.
Customer: @AskCiti @494956 In case anyone at Citi is paying attention, this is *still* happening. Just had to remove all punctuation from a message to get it to send.",
6255ed454a96b95d8acf795ef09900a4,MicrosoftHelps,"Support: See how easy it is to find solutions and ask questions on our Community: https://t.co/u3hmLA8Brb
Customer: Does any one at Microsoft actually care about customers?
Support: We'd be happy to assist you, Sam! Can you DM us some details on the issue you're experiencing? Thanks.
Customer: Just found this reply.  Used MS help and my computer is really messed up.  I don't open IM/DM.  Supply e-mail address please.  Meed help.
Support: Hi, Sam! We'd love to help. Which version of Windows are you using? Any steps tried so far? Share us a screenshot of the error.",
0d1e3137a40b5d8c7be761bcf39b77f7,VirginTrains,"Customer: https://t.co/F1TynC1kTb
Support: Yeah we do that all the time, @757756 https://t.co/ETgj1LUtwT
Customer: @757756 Bit late to the party on that one, some things never change hey?
Customer: @VirginTrains @757756 Underrated tweet, nearly a year old but still",
982d01a97bbc13d2d89a26d482629fce,airtel_care,"Customer: I cant download with my airtel line, why?
Support: Hello @752403, Please provide the affected mobile number via DM for checks and assistance. Thank you.
Customer: here is my number. 08085413167
Support: Hello @752403, please be informed that the mobile number has been worked on. Kindly restart the device and revert with the.. cont1
Customer: pls I sent u a DM about my bbz3 not browsing which is on bis complete plan
Support: Hello @752402, please be informed that issue has been acknowledged and being worked on. Kindly be patient. Thank you.
Customer: Hello cc I have sent you a private Dm yet no reply",
c6710243bf3b6dc39accc8347e04cda9,ATVIAssist,"Customer: cud you please sort out the servers on black ops 3
Support: Hey there, are you on a wired or wireless? Can you go ahead and link us the results from https://t.co/Swg9RG61nS ^KO
Customer: i am wireless
Support: Are you still having issues connecting online? What platform are you playing on? Can you attempt a wired connection? ^EG
Customer: yes im still having problem im on xbox and I've tried wired its just the same
Support: Xbox One or Xbox 360? Please unplug your Xbox and Router for a solid 10 mins. Keep me posted with your results. ^EG
Customer: its xbox one and its still not working
Support: Go ahead and give these steps a go: https://t.co/Nt2T6WMm3G . Also, provide me with a screenshot of the error. ^EG
Customer: its ok now it works
Support: Glad to hear that! Reach out if you require additional assistance. Have a nice day! ^EG
Customer: thank you very much",
f433c4b7904cc7f1649ad939716f8a8a,MicrosoftHelps,"Support: Sure thing! Which version of Windows are you using? If you can locate the font in the fonts folder, you can delete it.
Customer: I'm using windows 8.1
Support: Just checking in! Keep us updated. Help Twitter support assist you even better. Tell us here: https://t.co/P2qJEk740N.
Customer: Yes i got the font uninstalled successfully. thank you!
Support: Glad to hear it! If you run into any other problems let us know and we'll respond faster than Rainbow Dash.
Customer: @78416 @334894 Just because not everyone’s a brony doesn’t mean you can go flying off the handle at Microsoft. It was a JOKE - a little reference. So what?",
be14aeb9df66eea61a3e12035a53cd21,SouthwestAir,"Customer: I love SW airlines!
Support: We love you too, Cleondrya! When's our next trip together?! ^SF
Customer: OMG!! I just got back from Orlando!!  I am horrible with checking my Twitter account😧
Support: That's okay, Cleondrya! We'll catch you in the skies next time. Hope you enjoyed your trip. ^KJ",
0e349dbb862357eff79e405098ee3c27,AirAsiaSupport,"Customer: do I have to check in before I change my date of flight on Sunday ? I am premium flex
Support: Hi, not necessary. You may do the flight change anytime up to 2 hours before departure. Thank you.
Customer: if so , how do I change it ? Please guide as I don't find any way under "" manage my booking ""
Support: Hi, may I have the booking number and email ID?
Customer: booking number zcv9us , I need to knw how much to pay if I change to Saturday flight , a day before
Support: Hi, you can only check the fare difference when you try to make the flight change. Thank you.
Customer: ok thank you
Support: You are most welcome. Take care and have a wonderful day ahead!
Customer: I am trying to check in Tmr flight  , booking number DBPS6S,not able , why ? Thank you.
Support: Hi Wei Juin,please clear your browser's history, cookies and cache. Try to change browser and try again.Try via Mobile App too.
Customer: ok I had done check in , can I print bag tag and boarding pass in the counter in KLIA ? As I don't have printer around ,tq
Support: Hi, yes, you may print the bag tag and boarding pass at the Kiosk machine in the airport. Thank you.
Customer: thank you very much , have a nice day .
Customer: my flight Tmr YWWJ6U can't check in
Support: assigned a seat accordingly. Thank you =) Yana
Customer: Hi may I ask a question ? Thank you",
f39b9c358df3a8f558133775045a20ad,AskCiti,"Customer: Add your Citi card to Samsung Pay and make purchases almost anywhere you can swipe or tap your card. https://t.co/jphU2lUWLE
Customer: Bullsh*t! Another disappointing solution from @117157 No Citibank accounts or Diamond Preferred cards are accepted. It's not @10068 it is @117176
Support: Larry, I'd like to help. Please send a DM with more details, so I can better assist. Are you trying to link your card to Samsung Pay or are you trying to use Samsung Pay and selecting your Diamond card. (NO account numbers or PINs) I look forward to your reply. ^Mike
Customer: Tried to link the @117157 card to my @10068. Same answer for both cards. Tried picture and manual. No positive outcome. @116988 worked and even @134015. What's wrong with Citi?
Support: Larry, I hope you were able to add your card to Samsung Pay. If you need assistance let us know. ^Mike M",
c7602768a214451d3d91346fed37176b,idea_cares,"Customer: kindly waive off my vas charges of RS 6628/ as we have no used of  this service
Support: in order to resolve your concern, we need your Idea mobile number &amp; alternate contact number.
Customer: Idea no is 8935028309
Support: We are here to help.Elaborate on your concern and we will address it.Please delete your mobile number from post.Rgds,Pradnya https://t.co/LBfZgLCSfr",
bb8275c322314dd97adb4fa2461bc9fc,Ask_WellsFargo,"Customer: why doesn't your mobile app have Touch ID sign in yet? #touchid #behindthetimes
Support: Thanks for inquiring. We plan to offer TouchID on the mobile app early 2016, but can’t provide an exact date. ^SN
Customer: Still working in that TouchID?
Support: You may sign on with Touch ID when using the app. To enable Touch ID, make sure you've downloaded the most recent version of our app and use a Touch ID capable device. For more info, please visit https://t.co/CPW8hA5R8K or call 1-800-956-4442 for more help. Thanks. ^DC",
03f4dc85f68c86478b6a6c8b3cb251c8,Morrisons,"Customer: your meal deals don't go through as £3. How many people do you think don't notice and are overcharged? https://t.co/UzYDVvzrOz
Support: Oh no! I'm so sorry about this Kieran. Can you advise which store this is in please so I can have this raised - Taz
Customer: it's the one in Piccadilly Gardens
Support: Thanks for this info. I can confirm it's been passed to our store manager and he's now looking into this to have it amended - Taz
Customer: cool! They had been aware it was happening for quite a while. Should have looked into it themselves to avoid overcharging
Support: It should have been Kieran, so sorry it wasn't :( - Taz
Customer: Your meal deals still often don’t go through at £3 (same store). It can’t be that hard to sort so you don’t overcharge your customers.. https://t.co/Yww1eHOo4h
Support: Hi Kieran. I'm really sorry about this! Please can you send me a copy of your receipt so I can speak to the Store Manager? Thanks
Customer: You can see in m picture though that it went through as £5.35 before someone came over to sort it
Customer: Someone came over to sort it, but the point is that other customers won’t notice. I don’t keep receipts, but even if I did it would show £3
Customer: @129854 @Morrisons You shouldn't have to deal with things like this
Customer: @Morrisons You seem really cheesed off
Support: Sorry Keiran, could you let me know the Store :) - Madeeha
Support: ...soon as possible. Thanks for letting us know :) - Madeeha
Support: Hi Kieran, sorry for the delayed response. I've passed your comments onto Store Manager so this can be look into and fixed as ...",
4f519f103299fa8baffe02ad4b18b85f,comcastcares,"Customer: this is your high speed $90 Internet. #Really  https://t.co/T3EdwXuXyS
Support: Could you please follow us &amp; DM your full address, phone # or account #? I would like to help investigate your
Customer: Done",
1fc5b7a1557c65da3ccd96da424712d6,Safaricom_Care,"Customer: Goodmorning @Safaricom_Care ?
Support: Good morning how may we assist you?  ^CK
Customer: No am okay, nilikuwa nawaambia kuna madharau sipendi mnanipea storo bonus jana 11:59 pm na  inaexpire 00:00 nipeleke wapi?
Support: Unapewa storo bonus wakati unapofikisha kiwango ulichowekewa kila siku. Muda wa matumizi wa hio nyongeza ni hadi saa sita usiku^JM
Customer: I send money to wrong number I need your assistance.
Support: Hi, kindly DM the mpesa transaction id or your number, name, wrong number and amount for us to check and assist. ^NJ
Customer: transaction ID KBR95RG6H3  MY NUMBER IS 0725364388 NATHAN CHERUIYOT THE WRONG NUMBER IS 0714683721 amount ksh 220
Support: Kindly check DM. KW
Customer: Thanks.
Support: Welcome ^CK
Customer: what about the line which fails to get activated on  mshwari,,, How can I get assisted?
Support: What is the affected number as well as  exact error message you are getting when try to activate mshwari. ^MU
Customer: The affected number 0792064987...   The error message reads ""Your M-shwari activation was unsuccessful. Plz retry""
Support: We have been in touch, Menu has been pushed. ^MR
Customer: thanks
Support: You're most welcome,have a good one.^PJ
Customer: any phone worth 5000 bonga?
Support: Unfortunately, we do not have a phone for 5,000 Bonga points. Dial *126# select Flexible Bonga phones for available options.^RP
Customer: what of phone,, which you use 5000 bonga and additional money,,
Support: Dial *126#ok, select flexible bonga phones to check available options. ^MP
Customer: have locked mpesa pin,,, need your assistance
Support: Hi Albert, DM your number, full names,id number &amp; mpesa balance we assist. ^GL
Customer: Name Geofry kipyegon Langat.   Id  30479866. Mpesa balance 0.
Support: Account unlocked. Please ensure you use the correct PIN. ^SO
Customer: Thanks
Support: Welcome. Have a good afternoon. ^SM
Customer: Hi, my mpesa line is blocked,, how can I get assisted?
Support: Hi, you are unreachable on call. Please let us know when best to call. ^NN
Customer: mpesa balance 1031. Id number 30524893. Name  Evans Kipkorir chepkwony
Support: Our interactions with you show that you had been assisted already. Kindly confirm. ^PI
Customer: we registered a new card mpesa agent, bt the account is inactive, number 0715260896. Under ID number 25637894. Name JAPHET
Support: Hi,the above line has not been registered.Please register it from any Authorised Dealer/Retail Shop.Be sure to carry your ID^NN
Customer: Hi care, we send money via mpesa to an inactive number, n I would like it get reversed.
Support: Hi, kindly share amount and transaction ID for assistance. ^ZJ
Customer: the number is 0715446635.
Support: You are unreachable. Advise when available. ^ME
Customer: The line got lost, can it be possible you transfer for me me the money to a different line,,?
Support: It's not possible.Just replace it to access mpesa funds.^DN
Customer: give me the pin I will use to open the new line,,
Support: Once you have replaced the line., The Sim pin is indicated on the new sim replacement plate. Please check to confirm.^KC
Customer: it has been months now, since then line was functioning and can remember pin which will be required as I replace sim,
Support: for mpesa pin assistance kindly DM your 
phone number, id number, name and Mpesa balance. ^KI
Customer: 0715446635, 10771073, Sarah chalengat talam, can't remember well the balance.
Support: Hi. Kindly buy a SIM replacement line at 50/- in an M-PESA shop and when you have it, inbox your number and a different ....
Customer: you can now call,
Support: We have been in touch. ^SH
Customer: I do request the best possible means I can have to line replaced.
Customer: Hi care, phone number 0727509480,,,  got Mpesa. Problem , I seek your assistance.
Support: Hi, we can't reach her. Please advise us on the best time to call back. ^MC
Customer: well, I will text you in minutes time.
Support: Okay. ^MC
Customer: what's wrong the transactions. 0
Customer: see the text He is sending me,,,
Customer: its 0796518872,,, not as earlier stated... See the texts it sending,,,,
Support: Cont.. and deal accordingly.^PJ
Customer: , can you assist on the line 0729 928 510,, it's network is not functioning...
Support: Hi, the number is in the expiry state. Top it up with airtime to activate it. See the link https://t.co/imkgiZrlgv ^NG
Customer: Hi, have tried to recharge airtime but it writes to me ""call bairring""
Support: Hi, DM affected  number for us to check. ^LW
Customer: 0729 928 510,,
Support: Hi, please DM an alternative contact number we call and assist. ^OO
Customer: Safaricom, you can use 0708 185 129,,, to call me,,
Support: The calls are not going through .Advise when available.^SK
Customer: it's on,, you can call the line, 0708185129
Support: Hi, we have been trying to reach you. Kindly advise on the best time to contact and assist. ^RI
Customer: it now you can reach...  I tried receive you call but it hanged...  Call me back...
Support: Hi, we have been in touch. ^OS.
Customer: please I would like to get assistance from you ASAP
Customer: could you please reverse money 0725454962. Sent to 0727407751 instead of 0727407451
Customer: reverse to 0725454962,,,
Support: Check our previous response.^JM
Customer: kindly assist,
Customer: can you call me through 0727407451.
So that I explain the problem?
Support: We have been in touch. ^KT
Customer: thanks
Support: Always a pleasure, have a good evening.^AW
Customer: what do I do when I want to transfer the ownership of a simcard to someone else?
Support: ...both ID's &amp; PIN/PUK certificate for help. Dial *100#Ok&gt; find a shop to locate a shop.^CW
Support: Hi, visit our Safaricom retail shop with a transfer ownership authorization letter by the registered owner, copies of (cont)
Customer: how about the photocopies of 1 ID current owner, then ID of the one to transfer to?
Customer: LK642DH002 Confirmed. Ksh800.00 sent to KEVIN OMONDI 0704562666 on 6/11/17 at 12:38 PM. 
Reverse transaction to 0727407451
Customer: reverse transaction of ID. LK642DH002
Support: Hi Albert, no photocopies, they have to be the original national ID.^DA
Customer: well.",
2c76d0df75af52b346739d0a27ef729e,AppleSupport,Support: Welcome to... https://t.co/EZA8eRycDs,
1809a7e15a7044098141e4ed09f41ca3,AppleSupport,"Customer: Howdy. Today I started getting a ""No Sim Card Installed"" message on my iPhone 6. I'm running 9.2.1
???
Support: We would love to help fix this. Follow these steps and DM us if you need further assistance: https://t.co/UTP2qBzCA0
Customer: Howdy. I will be upgrading my 7 to the X very early in the morning on the 27th. Will there be an Apple battery case for the X eventually?",
48cd3d365e86d30cefed704241336126,AirAsiaSupport,"Customer: why all flights to Clark have been changed to Manila as I have booked for travel in may and Aug 2016
Support: Hi, sorry for the inconvenience as flight route KUL-CRK-KUL is already suspended and affected guests are automatically &gt;&gt;
Customer: may i know when is clark route resumed
Support: Sorry, we unable advice on that . You may check at our website time to time.Thank you- Mariya
Support: Hi Lucus. Sorry, Once add on is done, the amount unable be cancelled or reverse. Thank you- Mariya",
8e885baa8ab59be5e6a15d8580a5aeb5,SouthwestAir,"Customer: Rainy skies ahead on @southwestair. 
#airplane #travel #airport https://t.co/R4ABS71t5X
Support: We appreciate you choosing Southwest Airlines. Enjoy the flight! ^AS
Customer: @190297 OkAy.   Southwest.  Airlines.   Enjoy.  The.   Flight.   From.   Burbank.   Airport.   Today.   Kim belknap. Meteorologist",
e78ac4399f675d072efac77e135a87c3,Safaricom_Care,"Customer: my number is 0700586902
Support: Hi, sorry for that. Our official Safaricom contact is 0722000000. Do not give your personal information to Strangers.
Customer: safaricom plaese help me replace my sim card no 0707741672
Support: Hi, kindly DM an alternative contact number that we can call you for further assistance as advised earlier. ^OS.
Customer: 0714904550
Support: Hi, we've been in touch and successfully replaced the line. Good evening. ^PM
Customer: Please help me top this air time  with serial number 6__credit_card__ the nos have rained on
Support: Hey Ken, share the number you wanted to top we assist you. ^MU",
c5cb3362d5e07ce0b6e99b7e0b6cc8d5,askvisa,"Customer: Verified by @131742 is so stupid, I can't believe I can't use my @116827 card because I don't have a SSN! It's 2016 people, catch-up
Support: you’re interacting with your financial institution. For assistance, please contact Wells Fargo at 1-800-869-3557 (2/2)
Customer: I already did call @116827 and was informed I cannot use pay through verified by visa sites unless I have a SS Number
Customer: @askvisa @116827 Were you able to solve the situation? It makes non sense... I can’t believe it....
Customer: @askvisa @116827 Unfortunately no, ended up using a different card
Customer: @askvisa @116827 Thanks for your response, let’s see if I can do something about it. I’ll let you know.",
f87045be7b50981c8c093e0d712022f5,TMobileHelp,"Customer: @TMobileHelp My galaxy note 5 has stuck ""forwarding all video calls"" notification. TMO store couldn't help. Help!? Thanks :-)
Customer: @115911 @TMobileHelp I have the same problem with S7.
Support: Hey Ne if you need some help with that we are here for you. Send me a DM here https://t.co/LCoTGMV7tC. *KennethStone",
92c0a2b0ad758bc5c5595c4b243704ce,AmazonHelp,"Support: Have you received an e-mail confirming the refund? If so it will be reflected in your account in 5-7 business days. ^KL
Customer: No i have not recived any email like what you are talking
Support: As requested earlier please do fill out the form &amp; we'll be in touch. ^RK
Customer: I have share my details
Support: Hey, we've received your details. We're looking into the issue and shall get in touch with you soon. ^SH
Customer: what the hell you guys are doing
Support: Hi there, the concerned team is looking into it and will get in touch with once there's an update.^HS
Customer: @376508 You really want to keep my money? I'm waiting for 3 months now!!!!!!! Please resolve the case 4534957581
Support: I'm sorry for any trouble. Are you a seller on Amazon.in or https://t.co/nUUp5MLhYl? ^RW",
57c2dfeee8dd920b2420a11489c04573,AirbnbHelp,"Customer: puedo pagar una renta a meses sin intereses con @115993?

@AskPayPal
@AirbnbHelp
Customer: @115783 @115993 @AskPayPal @AirbnbHelp I have the same question :( tengo la misma pregunta, no me deja
Support: Hi there, we're here to help. Would you like to DM us with your email address and some more info on how we can assist? https://t.co/WCQEFGIlXC",
cff3bab5128bacdf5c7755681d88047e,Ask_WellsFargo,"Customer: what's the story with commercial cards and Apple Pay? Waiting for support or is it just not in the roadmap?
Customer: any word on commercial card support for Apple Pay?
Support: (2/2) We look forward to adding them in the future, and will keep our customers updated as these changes are made. ^EB
Customer: haven't seen any updates, so just assuming nothing has changed yet regarding Apple Pay support.
Support: We are still evaluating the addition of the product you're referring to. When updates are available, we'll be sure to let you know. Thanks. ^TL",
f76b3cc2a0e2c34b2140a5c0fe494d1c,Uber_Support,"Customer: open one in Vancouver please
Support: We're expanding quickly, so stay tuned for any changes. You can keep up to date with our cities on https://t.co/u3rIywe9ei.",
7b2d288557524fdede25941e96563c53,YahooCare,"Customer: Any chance you'll be introducing NEW support for @11027 again?
Support: I don't have any specifics yet, but we're currently investigating this issue. Thanks for your patience while we look into it!
Customer: WONDERFUL integration with IFTTT; no explanation of dropped support, but it was explicit. IFTTT plus Yahoo Fantasy was amazing.
Customer: @YahooCare Looking for a New Alternative for IFTTT that supports Yahoo Fantasy ?
Well Everyone may be in Luck! I just started using and have found the new best system which will put me ahead of the game amongst my friends.
With https://t.co/4hcpcvTCvp.
Fantasy Edge kills it! and its free!",
ca5e65f58b13c3db243a3164d26d2612,sprintcare,"Customer: Just got a galaxy 7..... its been great so far! Thank @115714 for da new phone 😀
Support: Great! Glad to hear that you our enjoying your device. Let us know if you need any assistance. We're here to help. JJW
Customer: Never mind the phone sucks ass #iphone",
633066ce4e2819f7ef97ee3b2e041d73,CenturyLinkHelp,"Customer: Does anyone have .@116072? Called 5 times now, they are trying to say this is a normal first bill. No way https://t.co/wIW7iPWAvt
Customer: @116072 First bill?   How many articles did you have connected??
Support: @289495 I hope everything is going well for you both! If you ever need assistance, we'll be here anytime! -Alex
Support: I'd be glad to take a look over that bill! @289495, if you could DM me, I'll be able to look over it from there. -Alex",
749756fbdec17b0a8d94090526ae2b4e,AppleSupport,"Customer: Awrite av got a problem with my iPhone
Support: We’re happy to help with your iPhone. DM us the model, iOS
 Version and the issue and we can go from there.
Customer: i was just wondering how you get rid of the padlock icon at the top right of the screen? https://t.co/8YQiB4R4sl
Customer: @AppleSupport @108852",
8b0b9c2f8ef879d627817293255ce154,,Customer: can I have a follow regarding my recent visit to greggs please,
46c6d981122619182b66a15c3b0b7951,TMobileHelp,"Customer: @115911  Congratulations! You and your company has failed me and many other users. I thought communication was keys to success?
Customer: @115911 can I help? Email me! __email__
Customer: @776078 @115911 I am an existing T-Mobile customer and moved to the T-mobile ONE plan so that I can avail the BOGO offer listed for Thanksgiving and now when I am speaking to the customer service, no one is clear what to offer to customer! FRUSTRATING!
Support: @115913 Hey! I'd love for you to be able to get in on this great offer. Send me a DM so we can chat. https://t.co/3sF8qpf2nx *AlissaFast",
87756d39190c5d9adf4bb83c3085c1fc,Safaricom_Care,"Customer: hello, please reverse the mpesa transaction in my phone sent to me by error. Thank you.
Support: Hi, we appreciate this kind gesture, kindly send the Mpesa Transaction ID/code and the amount transacted for assistance.^DA
Customer: @772281. Please reverse the amount to my account those are the transactions messages I made. https://t.co/tFFFNNcDDc
Support: Hi. We have initiated the reversal and it will be completed within 12 working hours as from 8AM. Please use Hakikisha (Contd)
Customer: Thanks am highly hopeful for your reversal of my money.Am waiting.
Support: You are welcome.^BK
Customer: At what time should I wait for refunding/ money reversal am stranded aki.
Support: Hi, our apologies the reversal is still within the stipulated time. Once completed you will be advised via sms. ....cont
Customer: morning",
65f0f429fc556fb9c44ef3817a40d214,TMobileHelp,"Customer: why are emails sent to @43541.net address's being blocked via barracudanetworks? (Email to SMS)
Customer: @115911 @43541 I've had the same issue
Support: Great question, Micheal! Send us a DM, and we'll take a closer look! *KellenF
Customer: its Michael",
650759548e85892a950aa04d7c3a1aca,,"Customer: Hey @115879, I want you to #BringMeLyft because in Guatemala the cabs are too bad ans we need a compny like you to travel easier uber not here",
bb6112fd582a8fb2130bc91e5aeb01ef,,"Customer: Ex-shelter leader pleads no contest to stealing funds
https://t.co/0scqrqzn39
Customer: UPDATE: She's out. Participated in a BM yesterday @WALMART. Full court PRESS also in effect. Details at SATURDAY's NEW YEAR POST.
Customer: It is NOT WALMART behind it, but the ""HONOLULU HOKUM"" system/gang.
Customer: However, a heads-up to WALMART. These actions can sometimes put their employers in jeopardy, and sometimes is the motive.
Customer: Also. POSSIBLE TAPE edit/update.
Customer: P.S. P.S. Why does WALMART discriminate against in-store purchasers by charging them higher prices than those that order ONLINE?",
97b688470f9ddbd90c9d01246451ef3a,AirAsiaSupport,"Customer: my booking have mispelling name. Correct name is Ayu Dewy puspa ismail. No booking XGW1VD
Support: Hi, changes not allowed once checked-in. Just approach the Document Check counter on departure date for verification. Thank you.
Customer: Nak tanya kalo bawak anak naik flight check in nanti kena bawak mykid ke surat lahir
Support: birth certificate is accepted =) Yana
Support: Hi Zul, is your flight Malaysian domestic or international flight? IF it is domestic, both My kid and&gt;&gt;
Customer: Ooh sorry. Yup domestic. Ok tq bawak my kid je la ya. Anak sy 3 tahun
Support: Yes, Zul. MyKid should be fine, make it great day. Thanks-Sha",
6d40a94f4c0a3e975713694ead32edc3,LondonMidland,"Customer: what great excuse you coming up with for 5:51pm being delayed tomorrow. Everyday this week! #ridiculous
Support: I understand this is 18 mins late as there was a fault with the train. Apologies for the hold-up Jade.
Customer: 18minutes we were waiting an hour until we left, this is unacceptable You need to provide fencing if the issue is trespassing,we pay enough!",
c7baba1b6e42ed48efb91a0587626e13,airtel_care,"Customer: Hi please  does your 9GB for 3500 work  on window phones?
Support: Hello @172745 Yes please.
Customer: hi please unsubscribe me from any caller tune.my number is 08088727339.Thanks.
Support: Hello @172745, the service has been deactivated as requested. Thank you.
Customer: pls activate 3G BB bonus PLan for 1500 with the code *440*161#.my number is https://t.co/7Pc7LZIcdh sent SMS for the offer
Support: Hello, @172745 Please elaborate on your query and kindly state the affected number. Thank you.
Customer: Hi Airtel,please what time does your shop at spar port Harcourt mail (govt house) closes.
Support: Hello, Please note that the showroom opens until 7 PM. Thank you for choosing Airtel.",
f676429e19c8331b98fd9063537197cc,Delta,"Customer: 
Support: How may I be of assistance? *PL
Customer: For my flight today. Conf #H762IF can you help change my seat to 13A or another window/aisle
Support: Yes, you are all set in 13-A. We certainly thank you for checking with us.  *HRO
Support: Sure, one moment as I take a look.  *HRO",
71baa8723e031177c199758527e30e74,Uber_Support,"Customer: your web account management is super broken. Can’t get my receipts. Keeps telling me to verify number and add cards.
Support: We've been in touch via DM!",
8675b5271f47158003cf2d27fe848bba,AmazonHelp,"Customer: @115821 Have issues with subtitles being out of sync for Prime videos. Specifically Dr Who. Any fix? Is this an issue on my end?
Support: I'm sorry about the subtitle trouble! Have you tried reinstalling the app? Is the timing completely off for the subtitles? ^ME
Customer: @139186 Same issue with This Is Us and French subtitles. R
Watched with a Sony TV app. Impossible to watch like this !!
Support: I am sorry to hear this. Can I ask, have you cleared the app data please?^GA
Customer: How could i clear the app data ? This is a TV, not a laptop or a smartphone...?
Support: So sorry about that; in the case of your Samsung TV, have you checked for any updates to your TV's firmware? ^GS
Customer: And btw I encounter the same issue with my smartphone. So I guess this is not related to the platform or the app, but to the video file and/or subtitle encryption.
Customer: Actually this is a sony TV as mentioned 2 messages before. And yes it is up to date.
Support: We'd like to get the details so we can investigate further. Will you e-mail us an example of the title (season and episode number) a time frame of when the error occurs and include your device name again: https://t.co/hApLpMlfHN ^MG",
d5e200f7b988ab696b007c0cbad0d3fc,ArbysCares,"Customer: of Mount Pleasant, you have proven yourself stingy yet again. Three sauce packets for four sandwiches. Unacceptable.
Customer: This is an ongoing problem with the drive-thru. I even asked for extra sauce today, and still: 3 packets. This is why I usually eat in #mad
Support: Sorry to hear that. Please email us more details about your visit to __email__ &amp; we will address.",
5f80c2d722bbb5ffc940486bdf579656,nationalrailenq,"Customer: .@nationalrailenq Is there a problem with the enquiries web site? Every search is giving me ""Oh no! There's been a problem!""
Support: Hi Colin, seems to be working our end. Have you tried using a different internet browser?
Customer: This page : https://t.co/SXfMrjro8l : search for DHM -&gt; BEB on 04/05/16 leave after 09:30. Fails in Firefox, OK in Chrome.
Support: Thanks, most strange. It's working okay in Firefox our end. Have you tried clearing your internet cache?
Customer: It works fine if I put the actual search URL into the browser : https://t.co/9NJOVqt32f : I'll try clearing the cache.
Customer: OK, so that's worked, although now I've lost the cache for everything else I was doing. There's a fairly major problem ...
Customer: ... with your search back end if clearing the cache fixed a ""Oh No!"" problem, and it's really annoying.
Customer: So I've saved the URL and am likely to get directly through editing that rather than using the fancy graphical search page.
Customer: Thanks for responding, though, and I hope you get it sorted.
Support: No problem, glad it's now working. I will pass your feedback on.
Customer: You might also pass on that it's *extremely* annoying that they capture Ctrl-W and other keys to prevent common navigation.
Support: Thanks for your feedback Colin.
Customer: No problem, but to let you know, the search page is failing.  Again.
Customer: @142000 Happens to me every time I use, for last 2 months. Clearing cache resolves only temporarily. Mac OSX 10.13, Chrome v.62.
Customer: I really don't want to have to clear my cache every time I come back to book journeys. I travel a lot - this is not good.
Customer: @nationalrailenq Forgive me piggybacking on your old chat; this appears to still be a problem, I've had with this website for months. No sign of fixing yet..",
9b8a930ef25018b251c89970b473a19a,AmazonHelp,"Customer: .@115821 CEO @115851 inducts India MD Amit Agarwal into core team https://t.co/kDUdMIVr4E https://t.co/GJ4hZYYZYW
Customer: @115821 @115851 Received a Fauly mobile EMEI # __credit_card__, Z2132. Without using single day got serviced two times, still unable to get Problem solved from Lenovo I PAID FOR NEW, NOT CHEAP ASSEMBLED SET OR SERVICED SET WHICH WE GET IN  LOCAL MARKET.REFUND OR REPLACE #405-0201312-7177957
Customer: @115821 @115851 I hate Amazon .. They not delivery on time .. But I paid for one delivery 1100 RS but they didn't delivere
Support: I'm sorry for the unpleasant experience. Kindly get in touch with us here: https://t.co/vlvfJr4nN9 and we'll assist you accordingly. Please don't provide your order details, as we consider it to be personal information. Our Twitter page is visible to the public. ^AU
Support: My apologies, Vicky. Please reach out to us via: https://t.co/yNWEGdxO5E and we will have this checked. ^KS
Customer: one day delivery  u ll post and u guys ask extra 100rs and prime amount 1000 everything paid but not delivered my mob Wat hell",
86853dda13170bbcc30036496c7e84ec,British_Airways,"Customer: thanks for subbing 8768 to some operator we've never heard of, then getting them to turn up 30 minutes late. Cheers.
Support: delayed this is due to the late arrival of the aircraft. ^Natalie 2/2
Customer: you told me at 14:45 today that the operator was changed to Jota Aviation. And now they're late. Original was BA Cityflyer.
Support: I'm sorry your flight was delayed. We can see you're on your way now. We hope you have a nice flight. ^Ashleigh
Customer: I particularly liked the vintage smoke detector in the loo. https://t.co/e1gPuGv7Bq
Customer: @British_Airways Want
Customer: @British_Airways Holy thread resurrection Batman! 😬",
c22d94f24df4930fc0c1f591008c3764,Safaricom_Care,"Customer: lead on procedure to shift from prepay to postpay.
Customer: how can one join postpay.
Support: Hi. Please see https://t.co/t0ZDNGpCCP  and https://t.co/nvueCTP1k7 for more information.^LA
Customer: hi kindly provide customer care like for kcb mpesa
Support: Hi, you can contact kcb on 0711087000 (chargeable). ^OS
Customer: Thanks.
Support: Welcome. ^CK",
d4150a19a9769a7c2bbd5281dd1f6e30,Tesco,"Customer: Cool. Banks can delete your Apple Pay cards when you close the account. Tesco didn't do it but Amex has. https://t.co/fo0IUtvOLf
Customer: Tesco aren't good for much when in comes to technology
Support: @234248 Bit harsh! Can I ask why? #Feedback
Customer: I have some feedback. You still haven't fixed the problem with stores not taking Amex Apple Pay ☹️ #Feedback
Support: Apologies Matt, I can now see we've spoken about this before. I'll see if there have been any updates since then - Christie
Customer: Thanks Christie, looking forward to your response.
Support: I do hope that we can get it up and running as soon as possible. TY - Lloyd 3/3
Customer: Any update on this?
Support: Hi Matt, I've had a look into this for you &amp; sadly it appears that this is still something we are looking into and resolving.
Customer: Okay. Thanks for the update.
Support: No worries Matt, take care and enjoy the week ahead. Give me a shout if you need anything else. :) - Rob
Customer: Hey, any updates on this?
Support: Once complete, we'll be looking to implement this in a following release across all stores. I hope this helps, TY Jess 2/2
Customer: Hey any updates on this? Any sort of timeline for a fix? A month, a year?
Support: Hi Matt, there is no timeline I can advise at the present moment sorry. It will be sorted as soon as possible - David
Customer: Hey any new developments on this?
Support: Hi Matt, I am sorry there is no further information regarding this. TY - Joanne
Customer: Hey, any updates on this?
Support: Hi Matt, I am sorry we have no further updates from previous messages. I hope this helps - Dani :)
Customer: any updates on this?
Support: Hi Matt, we're still unable to provide you with an update on this buddy. Sorry for any inconvenience caused. Thanks - Isaac
Customer: Merry Christmas! Any update on this?
Support: They need to add new software to the contactless readers instore. Unfortunately this isn't planned until 2017. TY - Isaac 2/2
Customer: Hey, any more precise timescale for this other than ""2017""?
Support: Hi Matt, thanks for getting back to us. We have only been advised 2017. I am sorry that I can't help more. - Paul.
Customer: Hey, any further updates on this?
Support: Hi Matt, the only update we have on this is that it'll be the later part of 2017. Apologies for the delay. - Isaac
Customer: Good Morning 🌞, any further updates on this?
Support: They need to add new software to the contactless readers in store and this isn't planned until later in 2017. - Rocsi 2/2
Customer: Good morning! Any progress on this?
Support: Hi there Matt, no update as of yet I'm afraid. I hope you have a great day. TY - Jess
Customer: Morning! Any more progress on this?
Support: Hi Matt, I am sorry, however they are going to start update our software later this year, however we do not have a date - Allyn
Customer: Hey guys, how is the software update going? Do you have a completion date?
Support: Hi Matt, sorry for the wait. At this moment in time there is no updates on the timescale but we are working on this. Thanks - Lee
Customer: Hey, just a few weeks before the end of the year. Is this still going to be fixed by the end of the year?
Support: Hi Matt, my support team are looking in to this further from their end and will get back to you with a response within the next couple of days. Thank you for your patience. - Peter",
758824c83c3aebb893c690aa92d3c568,AskTigogh,"Customer: ""What's really exciting about Mbirth is the use of mobile tech to gather real time info"" -Tigo CEO #MbirthGh https://t.co/mXWyeXDjwq
Customer: #tigo the best network to me.
Support: Thanks for the compliment! Trust you are doing well this afternoon.
Customer: by the grace ofGod am good as tigo network#
Support: Wonderful!
Customer: @60441 about bad service tigo # dissapointed about influencing others to use tigo.Thanks.
Support: May we know the exact challenge you are facing for further assistance.
Customer: in fact the network is very bad these days at Pankrono.
Support: Apologies for the inconvenience this is causing you. Kindly share with us the exact challenge. Is it general network or internet service?",
1c9c64eb0833de21021bf1eee69d5ede,AskPapaJohns,"Customer: hey @116076 if i order pizza online using a debit card do i have to have the card present when the delivery man shows up?
Support: Please contact your local Papa john's to find out what their policy. Thank you!
Customer: . @AskPapaJohns my waitress' ass https://t.co/R1SBVwRZmv
Customer: @240687 @AskPapaJohns @23704
Customer: @AskPapaJohns legendary",
60b06337ed3f4eb20930c6d23d60c66b,AmazonHelp,"Customer: Hy friends don't buy any products form Amazon India because I have one product returned at 6-02-16 but still we not get any refund
Support: automatically to your original payment method. (2/2)^KJ
Customer: seller already received package before 2 month but not get still not get  any refund or help form your side
Support: Hi! you may file a claim against the seller in this case. Please reach to us here: https://t.co/vlvfJr4nN9 for more help. ^HK
Customer: I already A2Z claims 2 times on seller  in 23-3-16 but not get any result /refund even today I call but not any reason 😡
Support: Hi there! kindly refer to the email sent by our buyer guarantee team. I'm sure they must've sent a correspondence.  ^HK
Customer: all process are done but not get response your team I tried and I claim in grahak sursha because already more than 2 months so..
Customer: @AmazonHelp plz muje phone  kare muje bahut  tweet aata nahi",
e7ed3f6ef753b3986532593706186434,GreggsOfficial,"Customer: got cravings for a festive bake! Not sure I can wait six months 😔
Customer: Is it time? 👏
Support: https://t.co/0ifO4WkNGR",
c9c65fe9ffec90931f6817c6c25744c0,sainsburys,"Customer: It been upsetting me for years! Tonight when I went in the coleslaw shelves were almost bare. @sainsburys in question is Ripley Derbyshire
Customer: Please can u see what u can do. I can't be the only one who thinks this @sainsburys ! Thanks for ur attention Phil
Support: Hi Philip, I've logged your feedback with the relevant team. Thanks for bringing this to our attention. Steven
Customer: Hi @sainsburys I msgd u back in May about the coleslaw situation in Ripley Sainsburys! Well since then it's slowly got worse!
Customer: https://t.co/KcH347ZZbs
Customer: here are the shelves tonight! Energy drink shelves are overflowing with choice, just for example!
Customer: sure you know but a brand new lidl opens any time in Ripley. Something has got to change. Cheers Phil
Support: Hi there, I do apologise! What seems to have gotten worse? Robbie
Customer: ...Hi @sainsburys.The selection of coleslaw and the state of the shelves. It seems trivial but I'm serious. Please see previous msgs! Phil
Support: I've passed your comments onto the store to be monitored fully, to get this fixed ASAP. Thanks, Megan.
Customer: thanks Megan 🙂
Support: No worries. Hope you have a nice day. Megan.
Customer: Hi just over a year ago I msg u about the coleslaw situation at Ripley. U where goin to sort it out!
It's been getting worse ever since 😔
Customer: I not making it up! Tonight this is the situation 😳 https://t.co/t4o8Bena5W
Support: I'm sorry about that, Philip! I've logged this with the store's management team. Have a nice day! Marc
Customer: @sainsburys 27th May was the worst the coleslaw section had ever been! (see previous tweets) Until I popped in for pot earlier today! Iv never known anything like it! What can be done about matter?!? Phil https://t.co/vFzA0rP8JW
Customer: Hi what can we do to improve the coleslaw selection in Ripley?!?
Support: Sorry to disappoint Philip. When did you visit the store? Did you speak with a store colleague at the time? Naomi",
1e54daef1f48efb19a433f8274175552,HPSupport,"Customer: Hp office jet 6600. @HPSupport https://t.co/jn1p81oLfG
Support: It's crucial that we confirm that the printer &amp; computer are communicating prior to troubleshooting software :)  ^Christina 2/2
Customer: thank you!  I called hp support and the issue was with my server/ router.  It's working now.
Customer: @HPSupport Resolve technical queries related to  HP Network  Router just tab the https://t.co/AxFTaQEuho https://t.co/9E7oTLLAwE",
b9b0637d0ea5958f74ff19a1f694401a,hulu_support,"Customer: is there a way to enable 5.1 sound on @115786 one @XboxSupport
Support: Unfortunately that is not supported at this time, but we'll be sure to express your interest to our devs for the future.
Customer: @467920 Any further news on when Hulu will be provided in 5.1 surround sound for Xbox One? I'm considering cancelling in favor of another service.
Customer: @467920 It's been over a year since this issue was raised, why hasn't 5.1 audio support been enabled yet? Seems silly.
Customer: @hulu_support @467920 When will 5.1 be supported on the Xbox One HULU app?
Support: We'll continue letting our team know you'd like to see this implemented in future updates. If we can help further let us know!
Customer: @467923 Ridiculous not to support 5.1 in 2017!
Customer: @hulu_support Might be an Xbox thing, as Hulu isn’t the only app w/o 5.1",
11a28b9cc5cadc78159d0d9244d47205,hulu_support,"Customer: I'd like @115940 to stop trying to make me watch The Mindy Project.
Support: We can't block specific shows from autoplaying currently, we'll let the team know you'd like the option to do so in the future
Customer: @183633 Going to cancel our subscription if we can't stop this auto play madness. Just want to block the dumb stuff it picks.
Support: Sorry, Steve! Autoplay is designed to suggest similar content when you reach the end of a show. We'll share your feedback.",
e6c69d8c19af0650db7eecca23b724b1,Safaricom_Care,"Customer: please check DM.
Support: We are on it. ^RI
Customer: @Safaricom_Care @119309 Check dm please.
Customer: @119309 Please check DM @Safaricom_Care",
dfe44fe459e8e24dddb02af36fee3e78,GloCare,"Customer: I am 09052294666, am on twin bash and 1gig,now to get my data balance is problem.Kindly send my giftdata on twinbash to 09052287142
Support: Hello @469054, kindly dial *777# or *127*0# or send INFO to 127 or visit https://t.co/JI1oIB9W08 to check your data balance.  TT
Customer: @469054 My data is paused and is on a weekend plan, I want to switch back to my normal data plan . How please?
Customer: @469054 Owk... Just got my answer now😃👍
Support: @469054 Hello,
Kindly call 444 or 08070140444 for assistance on your data.
Thank you

PE",
d134af94707f65674c617aac2511b1a6,O2,"Customer: what's wrong with your mast covering EC3V 4AN? Hasn't been working for weeks!! #help
Support: Sorry we're having issues with a mast there. DM us your mobile number or email address, we'll keep you up to date.
Customer: is there any update on this please? It has been weeks since I've been able to use my phone!!
Support: We're sorry for the ongoing issue there Emma :( We're doing all we can to fix this &amp; will let you know when we have any news
Customer: is there any time frame for when it will be sorted? Would it be worth getting a SIM on another network?
Support: There isn't unfortunately Emma :( Sorry we understand it must be inconvenient.
Customer: this is getting ridiculous now.I've just spent ages on the phone to 202 and basically there's no way of knowing when it will be sorted
Support: Hi Emma, we're sorry to hear this :( Our engineers are working as quickly as they can. Did you download TU Go?
Customer: yes and it is completely useless- just flashes up that I have missed a call! What is the compensation procedure?
Support: Not good, you can change the TU Go settings so that you don't get notifications (on the App), this should help.
Customer: nope doesn't work. What is the compensation procedure please?
Support: We understand this is less than ideal Emma. As we're unable to guarantee a fault free signal we wouldn't compensate for this.
Customer: ok how can I cancel my contract? Thanks
Support: This isn't what we like to hear :( Rest assured, we're working hard on this. There may be a fee if you're still in contract.
Customer: any chance of an update on this please?
Customer: could you let me know what progress has been made on this please? Thanks.
Support: No updates right now, but we have our best guys on it. Keep track of this with the My Network app: https://t.co/E4ee5dGCLE
Customer: are you able to advise what the issue is please?
Support: We don't have access to that information Emma, sorry :( Rest assured, we're working as quickly as we can to get things sorted.
Customer: is there anyone who does have access to that info? 202 don't know, live chat don't know, staff in the o2 shop don't know?
Support: We wouldn't be able to access that information Emma, it's for internal use only. We can understand this may not be ideal.
Customer: thanks -I appreciate you can't access the info but please can you tell me who can? Two months is a long time to be without a phone....
Support: Due to the nature of the work, we'd be unable to advise on this unfortunately. Don't worry, we'll get it fixed ASAP Emma.
Customer: asap? That's not a very useful timeframe! This week? Month? Year? Sorry-not trying to be difficult but it has been two months now..
Customer: any update? Thanks
Support: We're still working to fix the issue Emma, we thank you for your patience while we get this sorted.
Customer: is there any update on this please?
Support: Sorry we haven't, we can assure you we're working to fix it as a high priority. Thank you for your patience.
Customer: sorry but it has been over three months now so I don't believe it is a priority at all let alone a high priority!! What is the issue?
Support: We have no further update. As soon as we do, we'll let you know.
Customer: what's the issue?
Support: We're unable to share any details with you.
Customer: ummm ok..... What do you suggest I do? Pay £200 to change to another provider or wait endlessly for you to sort it?
Customer: please could someone get back to me on this? Thanks
Support: Can you please drop us a DM https://t.co/Xe5i4kfJ97
Customer: I haven't had a response to my email and it's been more than 24 hours......
Support: We're sorry for the delay Emma, we'll respond as soon as we can! Thanks for your patience.
Customer: hi! Any progress on getting some signal in ec3v 4an? Been over four months now since my phone has worked.
Support: We're sorry for the ongoing issue in the area Emma :( We appreciate it's inconvenient.
Customer: yes it is extremely inconvenient! So has there been any progress in fixing the issue? After all it was a high priority a month ago...
Support: We can assure you, we're doing everything possible to get service restored as quickly as possible.
Customer: is that a yes or a no?
Support: Sorry Emma, we're unable to advise you of any specifics. However, we are working to restore service as quickly as possible.
Customer: another month has now passed. I haven't heard anything further and my phone is still not working. Has there been any progress your end?
Support: We can appreciate your frustration Emma. We're working hard to get everything back to normal for you.
Customer: that doesn't actually make sense as an answer to my question.
Support: We're working to get the issue sorted. We don't have specific info but rest assured, we'll have things back to normal ASAP.
Customer: normal?? Normal is for there to be no signal!!!
Support: Rest assured Emma, we're doing everything we can to get it sorted for you.
Customer: that is not good enough after six months I'm afraid
Customer: any update on this?
Support: Not as of yet Emma, we'll keep you updated though.
Customer: can you please advise if there is any update? If not unfortunately I will have to refer to the ombudsman under the services act of 1982
Support: Hi Emma, unfortunately there's no update at the moment.
Customer: hi there, me again! Just wondering if (seven months down the line) there is any update on this issue? Thanks.
Support: Hi Emma, we are sorry that this is still ongoing, unfortunately we don't have any further updates.
Customer: Is there any update on this please? It is coming up to a year now......
Support: We don't have any info on this currently Emma 😞
Customer: What do you suggest I do?
Support: If you're able to get to an area of signal for a moment try TU Go, this can help with calls and texts: https://t.co/QQdj0IRkYh
Customer: Are you kidding? Every time I want to use my phone I have to ""get to an area of signal""????? When are you going to refund me?
Support: As we don't offer a fault free service, this isn't something we'd compensate for.
Customer: I appreciate your can't offer a fault free service (nobody is perfect after all) but I was under the impression you offered A service?!
Support: We're always investing in the improvement of our network Emma.
Customer: That doesn't answer the question🤔 do you offer a service or not?
Support: We've checked again and we're aware of a recent issue in this area. We're working to get this restored ASAP.
Customer: Recent 😂😂 
that still doesn't answer my question.
Support: We'll get you back up and running as soon as we can Emma.
Customer: Ok great. In the meantime please could you answer my question? Not sure what I am paying for if you can't provide a service.
Support: We wouldn't be able to offer any compensation for this as we can't guarantee a fault free service.
Customer: Wow deja vu from an hour ago. What do you offer compensation for?
Support: We appreciate this is less than ideal Emma and we're sorry for any inconvenience caused.
Customer: Ok. Please can you answer my question?
Support: As advised previously, this isn't something we'd offer compensation for in this case.
Customer: Just to repeat my question: what do you offer compensation for?
Support: Compensation is down to the advisors discretion.
Customer: Can you give me an example of something you'd offer compensation for? Who are the advisors?
Support: We'd be unable to provide those specifics Emma, sorry.
Customer: Is there any update on the broken mast please?
Support: Hi Emma, are you referring to the same postcode you told us about in April?
Customer: It was May 2016 when I first asked - it's ec3v 4an. Thanks.
Support: We're not aware of any known issues in that area Emma. What issues are you having exactly? DM us. https://t.co/Xe5i4kfJ97",
258cde9faa22da3e79655f1ea4d79452,AskRobinhood,"Customer: please allow shares to short
Support: Hey Cameron! We hope to offer short selling in the future and will let you know if we have any updates to share. 🙂
Customer: Hi this is a year later. Do you have short selling yet
Support: Hey Cameron! There is no ETA for when that will be available.",
f6ed9ed10eaf1f4d95868477cdb631a7,AmazonHelp,"Customer: See what upcoming launch Amit Agrawal,country head of Amazon India,is excited about https://t.co/Ujb0A0uWVu https://t.co/dhwNtCkNVi
Customer: I've been such a loyal customer and have ordered products worth more than 50k n now dey do dis to me. Amazon clearly can't handle d pressure
Customer: Amazon the pathetic quality product seller in India
Support: want you to experience. Write to us here: https://t.co/GIJyeYqKE0 &amp; we'll help you with the available options. 2/2 ^MJ
Support: I'm sorry about the canceled orders, I can imagine this may be extremely inconvenient to you. That's definitely not we 1/2 ^MJ
Support: the manufacturer as the product has a warranty and the the manufacturer needs to honor it. (2/2)^HS
Customer: I won't write or talk anymore to you guys. It's a waste of time. Valued customers my foot. No more orders from us.
Customer: Amazon you are such a letdown. This is major level disorganization and lack of leadership. It's a shame. #shameonamazon
Customer: Pls go check it. You guys are lying to the customers. #shameonamazon #shameonamazon
Customer: Doesn't solve any propose.i still don't get products.
Customer: I will be filing a complaint in the consumer court after Diwali. Hopefully that will be better use of my time. #shameonamazon
Customer: Your executive finally told us that the courier guys didn't deliver as there weren't many orders from my area. Seriously. It's on record
Customer: what is the use of Amazon? If I need to contact manufacturer. Amazon are responsible for any misconduct of manufacturer
Support: Apologies, please fill in your details through the link provided earlier, we will contact you and assist with your concern. ^AH
Support: Hey, i understand your concern. Amazon does not manufacture or produce any goods. Amazon is a marketplace for sellers [1/2]
Customer: @561970 Amazon is a online shop to suck costomers hard earned money. Indian compabies are better
Support: Hey! I'm unable to comprehend your concern. Could you please elaborate so that we can assist you accordingly? ^RW
Customer: Bought a laptop online from amazon. Didnt like the product after receiving. Amazon say cant change, but shops do. Why not Amazon ?
Customer: @561969 You robots, u will never understand your customers concern.
Customer: Amazon can never parallel with the real physical stores in terms of connect with customers. Only indian companies can understand emotions
Customer: @AmazonHelp Yes. For last 21 days we are writing to them about our misplaced iphone but no solution. Just formal sweet replies. Cheats",
052dad57900fab4dddc72335dc89e4e0,JetBlue,"Customer: Well I won't be flying @jetblue again anytime soon. $40 to move out of the middle seat on a half full red eye flight. Makes sense.
Support: ...let others sit there for free. 2/2",
9ba04fa727ba41652caaa26f04cf497e,XboxSupport,"Support: We're starting back up for the day here! If we missed your question, feel free to Tweet us again and let us know what's up.
Customer: who can I call for a ban appeal
Support: through a case review, did you ever hear back from the enforcement team about it?  2 ^JR
Customer: yes, really fast though, like they didn't even bother contacting me about the problem
Support: Ah, if the decision was upheld, there wouldn't be any way to appeal it unfortunately. ^JR
Customer: so is that it I lost thousand of dollars within seconds
Support: If the decision was upheld, you'd need to reacquire the content again yes. All  1 ^JR
Customer: I got banned for something I did not do and the survey I failed and I would like to file a complaint on this. Oh wait I can't because of a survey that determines if u get help or not no fuck that I need help pls I'm begging to upheld this some sort of way because I did nothing.
Customer: i was supposed to get unbanned last week and never did...
Customer: I think it's utter BS how you excessively punish players. I'd go on to tell you how and why, but sadly I'm only limited to 120c
Customer: Fuck you Xbox nothing but banning pieces of shit
Customer: My xbox account was permenatly banned and i did a case review and the decision upheld i dont what that means. please help
Customer: @XboxSupport I was supposed to get unbanned like 4 weeks ago for Communication &amp; I never did still banned from sending messages and talking
Customer: I thing the reason why I got suspended is becaues Im going for a camo on bo3 that requires headshots and people thought I was hacking
Support: Hey there! Could you DM us your Gamertag as well as a screenshot of the latest email from the Enforcement Team? ^JS
Support: Hi there. Not sure we follow. Could you follow us back &amp; DM your GamerTag when you get a chance? 
 ^TJ
Support: We do not handle any enforcement action here. If eligible you can file for a case review here: https://t.co/U1yn6tkAAG ^IS
Support: Hi there! If you check here https://t.co/Z579G51AGW are you seeing any issues with your account? ^JL
Support: If you believe that your suspension was incorrectly levied against you please head over here: https://t.co/DKYj5dv910  1 ^XS
Customer: @185972 MR CLUTC0H
Customer: @142320 My gamer tag is combedturnip73
Customer: And my Gamertag is assassinjason66
Customer: I see your a bot 😂😂
Customer: Yah those are the problems idk what’s wrong? https://t.co/SAzDiDjIJ3
Customer: @185978 I did I told them how my frand whent and talked trash and got me banned but it just ses decision upheld and I’m 2 days from being unbanned I really didn’t do anything it was my frand on my account ww2 just came out and I’ve waited 2 weeks for them to unban me please help
Support: Thanks for reaching out! Did you have any Xbox support questions that we could help with today? ^EZ
Support: Thanks for that! Would you be able to provide us more info on how we can better assist you today?   ^RR
Customer: @XboxSupport Did You ever get unbanned?
Support: Bot's have feelings too but we assure you we are not robot's. Though we do have to make sure our responses comply based on your tweet's to us. ^IS
Support: If you check the case review tab what do you see? ^JL
Customer: Yea, could you kindly remove the permanent ban I have over my head? you know, the one for harassment and threats?
Customer: @XboxSupport Hahahahaha no.
Customer: First of all bots don't have any damn feelings... second of all your guys reporting system is a damn joke third of all you guys are useless tools
Customer: It’s just says https://t.co/lpgdmunZuZ
Customer: believe I couldve pissed off enough players to ban me 3 times in a row, and then get a permanent ban.That seems a bit excessive
Support: see any recent emails from the enforcement team? Be sure to check your spam/junk folders as well.  2 ^RR
Support: Thanks for that! To make sure, when you check the email that's tied to your account, do you  1 ^RR
Support: Thanks for the info. I'm afraid we don't have the ability to manipulate enforcement actions in any way here on Twitter. ^AK
Customer: @185976 mine does the same and what email
Support: We suggest submitting a case review https://t.co/7JrFMzXG9z if you're eligible. ^AK
Customer: You cant get more than one fucking case review due to your stupid system. Not to mention were only limited to what? 500c? Not to mention we cant submit any evidence to our own bloody case either. Its like going to court with a free lawyer. Youre gonna lose your case. Every time.
Support: to speculate on enforcement actions since we are separate from the Enforcement Team. We appreciate your understanding.  2 ^RR
Support: Heya! To view enforcement actions you can go here: https://t.co/2GEESPFuCo  for additional info. We would be unable  1 ^RR
Customer: So let me get this straight. After a review is denied, You can't do anything, xboxlive support cant do anything, is there anything anyone can actually do at xbox? Or are you all useless?
Support: We're sorry to hear about the frustration! However, we are a separate team from Enforcement so we wouldn't be able to speculate on your suspension.^JA",
4bbc84b8241970bada86c9f7a32f11d4,ChipotleTweets,"Support: You shouldn't study on an empty stomach. You shouldn't study on a full stomach. Stop studying on top of stomachs.
Customer: Was advised the the Military Discount was ""DISCONTINUED"". Can this be confirmed? Please Advise...Thank you.
Support: We don't have a national discount so not sure what was discontinued. Our stores can discount at their discretion. -Shane
Customer: @233530 Was told by cashier corporate told them no more discount.  Hmmmmm
Customer: @ChipotleTweets Now The Plot Thickens ... Corporate's ""Talking Point"" was, that each individual Chipotle Restaurant had the (so called) OPTION to to offer a Military Discount. Was odd that I could never locate any of them. NOW I KNOW WHY. Thanks for the INTELL. Chuck, good looking out.
Support: Could you tell us more here https://t.co/nrhUDiEk7G? -Jillian",
cf4ed64beca2e2a83eff58d72238a844,Delta,"Customer: can I get a local number to the military and gov desk? I'm out of the country and can't make the call. 8003251771 doesn't work here
Support: Hi Blake, please refer to this link to reach someone in your area: https://t.co/tUdK9Ec6d6 *SD
Customer: I'm in Alaska and called the numbers that are applicable.... 2 hours. Who else could I possibly contact?",
0f769923666546a49207e505efbde801,AmazonHelp,"Customer: Compré un #ajedrez  por @115821.Moderno,vino con 2 reinas y un rey. Como no me lo solucionan, tendremos que jugar a otra cosa @59863
Support: Gracias por notificarnos. Nos gustaría reportarlo. ¿Nos puedes dar el link del producto? ^ST",
9fa9fd05d589f6b3248ff0880ff820fd,AskAmex,"Customer: All signed up for the Delta skymiles card from @116988 👌🏻🙌🏻 yay!
Support: 800-952-7560. They’re available Monday -Friday 9a.m – 12 a.m and Saturday 10 a.m - 6:30 p.m Have a nice day. ^K
Support: Hi Katie. Congratulations! On becoming part of a long list of valued card members. Pls contact our New Accounts team at
Customer: Thank you I’ve had an account I am missing my upgraded card! I went from a gold to platinum and it’s been almost 2 weeks and No card:(",
4c44888621aba89bc91a41f600bfca13,AskRobinhood,"Customer: Hood day to you too.
Customer: Trailing stops coming soon, or nah?
Support: Hey Scott! We don't have an ETA to share, but we would love to offer trailing stops in the future! 😄
Customer: How's this coming along?
Support: Hey Scott! We do not support trailing stop loss orders at this time.",
e6129e0dc8239ba459f6ecfe1ebdacb6,Safaricom_Care,"Customer: swines.....stop stealing my airtime. nanunua bundles sipatiwi na credit inaendelea kukatwa.
Support: Hi, sorry for that experience.DM us the affected number for assistance.Register your number (ctd)
Customer: sasa leo sitatuma hata message moja whatsapp. naweka bundles mnakula. Kwani bundles zangu ndizo zinafanya campaign?",
902d0df639eb45422ae9faa9f2bd0f0a,AskPlayStation,"Customer: I can not access my account in Brazil. What is the status of the PSN service in my region?
Support: Hi there! PSN is currently up and running, Do you receive any error codes or messages?
Customer: This is the code C82E10193
Customer: @AskPlayStation Yeah I've been facing the C82E10193 error for about half a month now and I even reseted my modem and yet it hasn't been resolved. I can access it when my ps4 has been turned on, otherswise I can't.",
07645f17ded0ff2ea4f9b1359723fcdd,NeweggService,"Customer: If you're a veteran or in active military, sign up for Newegg Premier for FREE &gt; https://t.co/D8ZDSYb7eN https://t.co/UnZbu7GKuZ
Customer: Is this still available?
Support: Hello @759488 this offer is still available, see the link provided: https://t.co/6HwNgrNJVa   -L",
0b3161384cdac0ee5b53dbe194cf3745,Safaricom_Care,"Customer: how do I unsubscribe I try calling stuff it makes my phone mteja yet am on😓
Support: Hi, you deactivate the Missed Call Alert service by dialing ##62#. Or you may also use ##004# which cancels all diverts. ^WS
Customer: thank so much..saf the best option
Support: Welcome, enjoy your afternoon. ^PI
Customer: why is it that the credit used to buy tunukiwa stuffs does not account in kujaza storo bonus 😕😕
Support: Subscription price for Tunukiwa offer will not be considered in the achievement of the stori Ibambe target. ^WP",
151b234b193f7a0d3ded2024d992f8c6,UPSHelp,"Customer: I liked a @126972 video https://t.co/fYqHMdhu4o wtf ups ruined my sephora order
Customer: I apologize your package was damaged. Please e-mail our team at __email__ with your tracking details. ^TV
Customer: what does operational service package may be dalayed mean
Support: We can look further into this for you if you email the tracking# to __email__. ^SB
Customer: DUE TO OPERATING CONDITIONS, YOUR PACKAGE MAY BE DELAYED. / DELIVERY WILL BE RESCHEDULED.
Customer: @UPSHelp Well that was helpful.... 😂",
56313c18795e39afd30a34a8409cd4c0,IHGService,"Customer: Delighted that @123448 CEO, Richard Solomons, has been named one of @369620's Highest Rated CEOs for 2016! #TopCEOs https://t.co/QdPSpjNxDd
Customer: Wanted to invite you to sign up the Fortune 100 Best Companies to Work For list. Deadline is 7/29: https://t.co/WkzZwEl0Vb
Customer: @123448 Hi thr , have some complaints about your arrogant staff in chennai mahindra world hotel , can u please share your email id
Support: Pls use this __email__. Thank you and regards. ^jo 2/2
Support: Sorry to hear this. I've forwarded your feedback to hotel's mgmt team for review. Should you wish to email them 1/2 ^jo
Customer: Htl team has spkn to me &amp; asked me to shift to anthr property as holide inn model is not for me , also 0 apologies wer exprsd frm thr end",
8ce9e74620e67aefda30b2cdeb930674,AmazonHelp,"Customer: Save $30 on the Fire HD 6 #Amazon https://t.co/giPiZfmEHl https://t.co/tgFIui6Xdp
Customer: Rolled over on my Kindle one night and now it's good for nothing unless I get into electronics and repair it https://t.co/1Pxkl5T9vG
Customer: I ordered a new Kindle Paperwhite but I didn’t get a discount for sending in my old broken Kindle. How would I have done that? Can I still get the discount applied?
Customer: My new Kindle came this morning. I'm charging it with the USB to the computer. Will my previous Kindle's charger work? https://t.co/Aq19C2Gu9h
Support: Hi, Jeff! The charger for your previous Kindle should work on your new one. We can look further into that and the trade in discount with you here: https://t.co/hApLpMlfHN. ^WJ",
5a6ddbb805fa3bc00422cec80c598bbf,SpotifyCares,"Customer: how can you launch a new family plan but give users no way to filter out explicit content to protect kids #explicitbutton
Customer: @147836 I have no idea why SPOTIFY are ignoring 10'000 requests

#ExplicitToggle
Support: @202120 @147836 We hear you. Don't worry, we've let our developers know this is something our listeners would like to see /SX",
851a29d9e062935f0b4661a6c1d8fe3c,ChaseSupport,"Customer: Pay attention to who is actually selling what you're ordering because if it's not Amazon it might not get shipped till Monday! #help
Customer: Paid credit card bill @ChaseSupport but teller had difficulty w/ cash counting machine then shorted me a dollar in change. Manager gave nod
Support: Your concern is important to us, and I'd like to help. Please DM your name and zip code. ^CM https://t.co/znUu1VJn9r
Customer: @ChaseSupport The message is perfectly simple. The meaning is clear. Don't use banks in Simi Valley, CA https://t.co/4dLr3tTzxV #gangstalking #REDRUM
Support: 2/2 We have also replied to your DM and will continue to assist you there. ^HK
Support: 1/2 We can understand your frustration, and we will be sure to share your experience.",
b1d840f10a09de983451db62388483f2,GreggsOfficial,"Customer: hi! I’m just wandering if you guys do flavoured coffee? Like a caramel latte etc?
Support: We don't, sorry! Would you like to see them?
Customer: Only took 502 days to bring in caramel lattes!! Thank you! 🙌🏼🤛🏼😊✔️ #poweroftweeting",
9fc25bd8808e0a97a5f04707d46295bb,British_Airways,"Customer: LCY-JFK 3h delay. Crew: tech issue known for 48h. Cust svcs won't act until &gt;4h. Cld have made LHR-JFK 17.15 if they had :(
Support: Apologies for the late reply. I can see the BA003 was cancelled. Is this the flight you were on? ^Linds
Customer: Yes. Irrops handling appalling. EC261/DoC claim already in. Top service recovery req'd. Full story: https://t.co/FFh6Zibijz
Support: Customer Relations team will be in touch with you soon. 2/2 ^Emma
Customer: Delay of 14h, got EU261+DoC but zero further comp. Would've been worse but I req'd LCY-DUB-JFK, saving time &amp; DoC cost. Very underwhelming.
Support: Hi Michael, if you can DM us your full name, booking reference, customer relations reference, email 1/2
Support: address and home address (inc postcode). We can look into this for you, but we can't guarantee our response will change. 2/2 ^Cody
Customer: Thanks, DM on its way.",
7d34e8125951e76aa24711dff2f2a2b4,AskRobinhood,"Support: General questions? Tweet us or visit our FAQ site: https://t.co/M9aAKo7vPg
Need account or trading help? Email __email__ 📧",
4eefd09dc32a1ada2bbf02526288c9a3,Uber_Support,"Customer: ""You must be ready to burn yourself in your own flame; how could you rise anew if you have not first become ashes?"" Friedrich  Nietzsche 🔥
Customer: you have a systemic problem of your drivers not accepting to take service dogs accompanying blind clients..Your drivers are breaking the law
Customer: Can you please help me !!! I been Kick out of uber and they don't want to give any reason Iam a very good client pleas help me
Support: We want to look further into this, Ellen! Please have your husband reach our team at https://t.co/NLib7M6cfM so we can further assist.
Support: We weren't able to find an account with the email provided, Luis. Can you think of any other email you may have used during sign up?
Customer: Why you don't respond",
f4ab06c12bdb2f87eaee170472cad7f7,McDonalds,"Customer: Someone please bring me mcdonalds I will pay u 20 dollars
Support: Let's see if we can help: The person below this tweet has to go and get some McDonald’s for Tanya! :)
Customer: @363964 I don’t fucking think so",
16556ae292eeeb13ab2d0ece6ea15e35,TMobileHelp,"Support: The good news is you got all of the goodies; you're not missing out on anything! I recommend pulling up the app any off day... 1/2
Customer: I highly recommend Feedster app. All news from social networks and RSS in one app. Link: https://t.co/uXUuDdiFVc
Support: Looks like a sweet app. Thanks for the tip. Our way of giving back to you is waiting for you in your T-Mobile Tuesdays app :) *RyanCulpepper",
793add07af06e74849a4fddd2f7ebc0b,AdobeCare,"Customer: Never scanning my work again, looks so much better as clearly digitally faked mock-up https://t.co/gWHIL9QH1F
Customer: They're like, Raf you've taken it too far, and I'm like, I haven't taken it far enough yet https://t.co/oLRdM1inlM
Customer: Mocking up Rare Earth purely in InDesign maybe one of the stupidest things I've ever done https://t.co/ygwnNigDOi
Customer: I love digitally mocked look (as opposed to scanning). Are you doing this solely in Indesign? Is it a book template you're using?
Customer: I do all this in InDesign because I hate myself https://t.co/kRwphT40zU
Support: @463990 Let us know if you need any help! ^RB",
9b0623a72588b7d8fff6b2e85cef01c6,idea_cares,"Customer: I am not an idea subscriber was not in past as well, still recieving emails for account no 100037968484.i am sending this 4th ti
Support: our efforts in contacting you could not be established. Please share your suitable time for us to reach you &amp; address your query.
Customer: you can contact me any time on 9860306969, 8237306969 by the way i got call from idea 3 times. appreciate the efforts!
Support: as per our recent telecon, we wish to affirm that your concern has been discussed &amp; resolution has been communicated.
Customer: Hi i thought  this issue get resolved but it still exist now also i am getting emails, please fix this. thanks
Customer: Notice.No.:- 9445/LOK/Dec-17

Dear Customer,

Greetings of the Day.

This is to inform, you are requested to attend Lok Adalat at Morwadi court on 9th Dec 2017 from 10.30 am to 3.00 pm for settlement of your account

 100037968484 / 8308849353.
Support: Sorry for the trouble caused.As cheeked your outstanding is still pending we request you to clear the same to assist you better.We request you to delete your number for safety reason.
Regards,
Shweta
Customer: Why I am still getting these emails
Customer: Like a said this is not my number just my email id is updated against that number told that last time also. Please update the correct mail id I am not the intended recipient of this mail
Support: As checked, your the number is issued on your name which is permanently disconnected which has outstanding pending for your number. Regards,Sneha.
Customer: That's what I am trying to tell you the person with same name has that numbe I never had any idea number in past. last time the team agreed their mistake in updating the email id against that number they have mistakenly updated my email. And again I started recieving mails annoy
Support: Apologies for trouble caused to you. We request you to share your contact details, so that we can assist you better. Regards, Vicky https://t.co/LBfZgLCSfr
Support: We're awaiting for your response to resolve ur issue. Pls provide the same within next 24 hrs. Rgds, Idea Care",
c52de165bc7bea84ac9faa48511a5154,McDonalds,"Customer: Danny knew that I wanted a Mcflurry and not a milkshake from McDonalds before I did. #goodfriends #goodcontent #DCM18
Support: Give Danny a high-five! He's the real MVP!
Customer: Hi McDonalds i just wanted to tell you that i started dating Danny very soon after this. thank you for reminding me he's an mvp",
b307c6ad060778df87b329d00b2ebbdd,AskCiti,"Customer: Hello! I'm currently overseas and I'd like to know if I can use my Debit card to buy things or only at ATM's?
Support: Hello! If ur banking card has the MasterCard logo u can use it for purchases. If it does not, it can only be used at the ATM's. ^YJ
Customer: I tried at a Citi ATM and I got a message regarding a problem with the account. What should I do?
Support: Oh no. Sorry to hear this. Please DM your phone number and best time to call. We're happy to see how we can help. ^PB
Customer: Hi I'm experiencing another problem. When I tried to log into my account, I was asked to introduce my ATM card number and my mother's name
Customer: When I did that my online account was blocked. It gave me a number and a reference number but Since I'm abroad I have no way to communicate
Customer: Can you guys call me? Please answer ASAP!",
a5445e0755238517e914936da8b87689,AmazonHelp,"Customer: Quite disappointed in the shipment I received today. Makes me re-think about ordering discreet items! https://t.co/2EyMA7bkau
Support: I'm sorry your order arrived like this. Was anything inside damaged or missing? ^JR
Customer: thankfully no, but my ups driver and every handler from Lexington to Cali now knows my taste in sex toys,lingerie and lube!
Customer: @AmazonHelp And now all of Twitter does as well! 😂
Customer: @AmazonHelp They don't know my taste, you all just know I have a healthy sex life.😂
Customer: @AmazonHelp Active !=Healthy but I ain't judging. 🤣🍆🍑",
781e3f0d785a37df86d5b31765bec0b3,Uber_Support,"Customer: We’re back online. Thanks for everyone’s patience.
Customer: I planned on trying you for first time.  Set up my account and you disable it and don't respond back to email.
Customer: UberEATS server is bad and I’m trynna get som McDonalds without having to go out☹️😭
Support: We're here to help! Send us a DM with your email address so we can connect.
Support: Here to help. Send us a note at https://t.co/0IjoFxOrn5 so our team can connect.
Customer: You keep on saying here to help and I’m still hungry and Uber eats still doesn’t work. because of this a lot of people have movedto doordash
Support: We're so sorry about that! Please send us a DM with your email address with details so we can connect.
Customer: I already did
Support: Hello! Thanks for your patience. Please check your DM for our reply.",
dd7ff2b7baa47e4bf4297e09964a0dd7,idea_cares,Support: We regret the inconvenience caused to our Idea family due to the network disruption in #Kerala,
3ad6dbe871bf4eb2c3eb92b807fa2b09,idea_cares,Support: We are happy to inform you that all our services have now been restored in #Kerala,
21d86ea56f577e14fb04116bef7d1a44,idea_cares,Support: Thank you for being with us and we will continue to provide you with our best services. #Kerala,
ceca0677240e44dd2c5ff8b8d12d85f6,ATVIAssist,"Customer: iv just jumped online and I'm missing my gun
Support: Hey there. What platform are you playing on? Are you receiving any error messages? ^RN
Customer: I need help",
f9673550ab7d2c322c6319a129739cee,VirginAtlantic,"Customer: can we please have a copy of our tax payment for our flight to stop us being charged an exit fee from Mexico?
Support: Hi Sam, we include all departure taxes in the cost of your ticket, so you will only need to show this if asked ^CB
Customer: we are doing a border crossing to Belize and have been told a breakdown is required for land crossings to avoid paying again
Support: Hi Sam, try emailing __email__. They should be able to send you the info. ^J
Customer: just tried emailing but I'm getting a reply saying it failed to send to that address. Is it the correct email? Thanks!
Support: What email address are you trying, Sam? ^CB
Customer: __email__
Customer: @VirginAtlantic @VirginAtlantic I sent an email to __email__ requesting for the receipt of the $200 payment I made at JFK.",
5b968a763df6d8111ade9ed5d775a366,TMobileHelp,"Customer: how long does it take to deliver a phone It's been a week already
Customer: @TMobileHelp Haha
Support: Hey Daniel, how's it going! Thanks for reaching out to your friendly, neighborhood T-Forcer! 

Please DM me for assistance :  ) *TaahirM",
ec792ecea67373ef97c738446c4c40b3,British_Airways,"Customer: That’s the next five weeks sorted…
#snus 🇸🇪 
• https://t.co/BYVjGHdgsr
Customer: Kan fortfarande inte stava till necessär.
Customer: You know you’re in Gothenburg when…
#MadeByGöteborg 🇸🇪
#gbgftw 
• https://t.co/eiQsVYKPky
Customer: Egg @ mayonnaise. 👌 https://t.co/QSOuWNBzEY
Customer: Jumbo. 
No filter. 
• https://t.co/f9Lc8Jl6wp
Customer: You know it’s hot when…
• https://t.co/s4DZJjNEwd
Customer: It really is grand. 
Pics don't do it justice. 
#GrandCanyon 
@6543 
• https://t.co/eMKmZR4RAZ
Customer: #GrandCanyon
• https://t.co/qH9XglpxC3
Customer: 43-46°C ☀️
I’d have this over 30°C at home any day though. 
• https://t.co/tnqh10y247
Customer: Lightning. 🌩
No filter. 
• https://t.co/2zMAG1RitF
Customer: What happens in #Vegas…
• https://t.co/Uxw9Ivz2pt
Customer: LIVE on #Periscope: #BuddaDoesVegas 🇸🇪 1 https://t.co/NA7aWfdnyt
Customer: FIRST bet in Vegas.
Walked up to the table.
$20 on 7. (Always 7)
Just like that, I’m up $700. ✌️

#BuddaDoesVegas 🇸🇪 https://t.co/AXnodlNwnL
Customer: LIVE on #Periscope: #BuddaDoesVegas 🇸🇪  2 
@19193 (&amp; the strip if the wifi holds).  https://t.co/dogIzSBV8i
Customer: LIVE on #Periscope: #BuddaDoesVegas 🇸🇪 FIRE!  https://t.co/M6dBubYbiG
Customer: LIVE on #Periscope: Good night Las Vegas, and thank you! #BuddaDoesVegas 🇸🇪  https://t.co/0V4MKdfdnn
Customer: Good bye Las Vegas! 
#BuddaDoesVegas 🇸🇪 https://t.co/tBXmmrBgFH
Customer: Figured I’d place one last bet before leaving The Palazzo.
$15. 
On 7, of course.
Another $525 in the bank. ✌️ https://t.co/94PhsKX4DM
Customer: Roses are red.
Violets are blue.
Breakfast buffet at the Luxor.

A love poem. https://t.co/N0MGLFM8L9
Customer: LIVE on #Periscope: The Luxor. #BuddaDoesVegas 🇸🇪 https://t.co/mkI6lw6v0Z
Customer: Before heading back, we swung by the Hoover Dam(n)!
It’s big. Very big.
Massive even. 
#TWSS

#BuddaDoesVegas 🇸🇪 https://t.co/MRc222SkRg
Customer: #HooverDam
The water level apparently used to be up were the line between white and brown is.
#BuddaDoesVegas 🇸🇪
• https://t.co/3kqbnoqLLr
Customer: First time firing a handgun today.
#Glock 17. #9mm.
Most things here are enormous.
Except bullets.
Bullets are tiny. https://t.co/yiU8IXG6G6
Customer: Instructional video on firing a handgun.

(I know, I know… #TWSS)

#Glock 17
• https://t.co/7We9vbiApA
Customer: In the military I was the worst shot.

We started of trying one shot each. Mine’s the one between white and pink.
• https://t.co/YjuEPcFUM6
Customer: “Coffee.”
3 more sleeps and I’m having ristretto at home with @19010. 
• https://t.co/qc2kGahXeD
Customer: Shopping. ✅
New model! 
Should be way faster than the old ones I have at home.
@18999
#fashionista 
• https://t.co/PE4S3gn6HQ
Customer: Cash for coffee.
• https://t.co/QvMDN8cvW2
Customer: Packing for home. 🇸🇪
Thank you America. 🇺🇸
It’s been hot, big and very interesting.
I’ll be back as soon as I can.
• https://t.co/sXRdvwEOkS
Customer: Only one way to kill those last 40min.
Planting myself by the pool for the first time.
Ice coffee in hand. 
• https://t.co/uySPabZQAG
Customer: 11 hour Intercontinental flight. 
Empty seat next to me.✌️
Slept like a baby. 
• https://t.co/w4Q6RdFqbD
Customer: Back in Europe. 
Three cornered sandwiches might be the best thing about traveling abroad on this continent. 
• https://t.co/9vsWoNxq48
Customer: Last leg. 
London - #Göteborg 🇸🇪 https://t.co/XpziTxsrqE
Customer: On Swedish soil. 
In my town. 
#Göteborg 🇸🇪
• https://t.co/2mnd3rKmaU
Customer: Home. ❤️
One month since I was inside her last. 
Started without batting an eye.
I think she’s missed me.
#BRZ 🇸🇪
• https://t.co/7XcZUeasS2
Customer: That’s the next few weeks sorted. 👌🏽
#snus 🇸🇪 https://t.co/cR60bm2xEe
Customer: #London https://t.co/MNfJoMPaba
Customer: So close... But first, “Sir, you’ve been selected for a random security check”. https://t.co/ndJ5anDY0b
Customer: Inflight WiFi. 
Nicely done @British_Airways. 👌🏽
Only seen this on Norwegian before. https://t.co/80gnOnbMn4
Support: Hi Chris, we're happy to hear you've enjoyed the connectivity on board. We hope you'll be joining us again soon! ^L
Customer: Thanx guys. Yes I will. :)
Support: Hi Chris, this is great to hear! We're available 24/7 if there's ever anything else you need. We're always happy to help! ^L
Customer: There is as a matter of fact. I’ve sent some questions through DM. :)",
74d49c1a8dfd273a7fefc248d6609f71,AppleSupport,"Customer: Hi I have an iPad Pro 9.7when I click Mobile Data then EE I get 'An error has occurred while getting user information (TMF12) can u help
Customer: @118101 @AppleSupport unable to use iPad pro 10"" with @118101 via apple sim. Get ""An error has occurred when getting user information (TMF12)"" after selecting available ee plans. 

VERY inconvenient.
Support: We'd like to help get your iPad Pro activated. DM us and we'll get started. https://t.co/GDrqU22YpT",
bf937f97a46c30cf920aacbc724f8068,HPSupport,"Customer: I changed my ID and pw to connect to the router.  My laserjet P1102w is not connecting. What do I do? #hpcspt #hpprnt
Support: Do you still have the USB cable that came with the printer, and the HP software installed? ^Nikki
Customer: I do have the cable and HP Support Assistant - and it was fine before changing router info.
Customer: @HPSupport Resolve technical queries related to  HP Network  Router just tab the https://t.co/AxFTaQEuho",
104f6f46fe7e9aa5dcde416a6a81ef14,IHGService,"Customer: I'd pay a premium to not have a TV blaring while eating my breakfast.
Support: (1/2) @172766 sorry to hear this. I noticed you mention @117164 . If there is anything you need, pls. do not
Customer: @172766 @117164 Trying to contact Randy Jones in 
Lufkin TX",
389312bd035a097f77580fad81f6c4e2,XboxSupport,"Customer: @XboxSupport your new iPad app is the pits!
Support: Hey there! Can you clarify what exactly you're having an issue with so we can look into this? ^BZ
Customer: whips isn't the recent players list in chronological order? Why don't captures from my Xbox appear on the app straight away?
Support: Are you able to let us know when you're following us? We'd like to DM some questions :)  ^NX
Customer: @807585 Mine is the same. Help?
Support: Hi there! Mind sending us a direct message https://t.co/nPX1yNXCi5 with your gamertag so we can further assist?  ^JA",
3c82f2fbaa6bb7fa2e74c49208b2b6de,AskTarget,"Customer: if you're going to have 7 rows of women's shoes &amp; 1 of men's, can you carry  women's up to size 14? Cute shoes are never in my size.
Support: We want to make sure you can find what you’re looking for and then some! We’ll share your feedback with the right teams.
Customer: @503286 So size 14 still isn't available in-store or online. Did those right teams have a reply? I can be an arbiter of big shoe style if necessary.",
e1481eee653aad44424939a1fefd70d5,AirbnbHelp,"Customer: It's impossible to book from Safari 9.1. Spinner goes on forever after instant booking.
Support: Hi Rustram. We'd always recommend that you use Google Chrome to browse the site: we've optimised things for this browser. Thanks.
Customer: @788062 We'd always recommend that you use HouseTrip to rent apartments: we've optimised things for that site. Thanks.
Customer: @788062 Optimised for a browser !== broken for all others
Customer: @788062 Terrible answer 🤔
Customer: @788062 what sort of ""we have no idea how to develop for the web"" answer is this?
Customer: @788062 Pfffffttttt.
Customer: @788062 But... why?
Customer: @788062 That... that isn't how the web works.
Customer: @788062 lol, what?
Customer: @788062  https://t.co/CvCGHXw7CF
Customer: @788062 Rich Company with Lazy Devs. The good old Times ""This page is optimized for IE6""
Customer: @788062 Maybe they can collect data on chrome more easily? nah, It's my imagination.
Customer: @788062 Ugh. As a member of the Chrome team, please don't do this.
Customer: @788062 You can do better.
Customer: many users with disabilities rely on safari’s accessibility features to browse the web. your product actively discriminates against them.
Customer: @788062 And here dev's want to not use CSS Grid just because uncle IE doesn't support it. Shit :(
Customer: The number of times I’ve had to use an oooollllld internet cafe/hotel/loaner computer to check and manage an @115783 reservation is astounding.
(Cc @3301)
Customer: @788062  https://t.co/j6w890iA5l
Customer: @788062 BOOOOOOOOOOOOOOOOOO
Customer: @788062 Sorry but isn't this like the ""World Wide Web""? Or maybe it is the ""Chrome Web"" now or what? It's like IE6 all over again. Please use web standards. Safari and Chrome are really related. I'm afraid to ask if there are similar issues on Edge or Firefox :(
Customer: @788062 Why would you even do this? Never mind suggest it! Mind. Boggles.
Customer: @788062 ewwww
Customer: @788062 👎
Customer: @788062 https://t.co/WziY6brW0w
Customer: Hi support. We'd recommend you remind the developers working in your company that their job is not to make a website that works on their computer, but a website that works for everyone. Thanks.
Customer: @788062 Then I won't use Airbnb, I use Firefox
Customer: @788062 I’m a Web Infrastructure engineer at Airbnb, and this is completely false. Please reach out to me internally and I’ll share or supported browser list, and please do not ever tell people to try a different browser.
Customer: @788062 You guys have some of the best frontend developers out there. I'm confident none of them would be ok with this tweet.
Customer: @788062 Well everyone else recommends that you fix your damn website. That’s not how the web works.
Customer: @788062 oof. i’d recommend having a good development team that codes to standards and checks for compatibility with all browsers. BAD @115783
Customer: @788062 Hey, Airbnb. You want folks to download a different browser to use your site? Screw you.
Customer: @788062 Come on. Theres no excuse for this at all. This is exactly the reason the web went into a dark age for 10 years. Be the solution, not the problem.
Customer: @788062 Echoes of the past. Not good.
Customer: @788062 You are decades late.
Customer: @788062 We always recommend that you use a BMW to get to your destination. We’ve optimized things for this vehicle.
Customer: @788070 @AirbnbHelp @788062 Should've built the site in Flash. That renders reliably across different browsers ;)
Customer: @AirbnbHelp @788062 oh dear airbnb
Customer: @AirbnbHelp @788062 So much excitement around AirBnb in javascript world. Enzyme (it's great BTW), their code style is official in a lot of places, etc. And a person from Twitter marketing can ruin it in seconds :D Hope it isn't real official way to do programming there.
Customer: @AirbnbHelp @788062 Thank you fro what you are doing right now, Jeffrey! You are awesome :)
Customer: @AirbnbHelp @788062 Thanks, Jeffrey. :)
Customer: @AirbnbHelp @788062 you're the best
Customer: @AirbnbHelp @788062 Not supporting the default browser installed on every Mac (and every iOS device) seems like a really poor decision
Customer: @AirbnbHelp @788062 But it's OOOoooptimised. https://t.co/IQrCDKyxKG
Customer: @AirbnbHelp @788062 You’re doing great work.
Customer: @AirbnbHelp @788062 Safari 9 isn't even supported by Apple anymore. I don't see why devs have to support something the makers don't?? Unless everyone is still using it, then maybe.
Customer: @788085 @AirbnbHelp @788062 Fired..
Customer: @788087 @AirbnbHelp @788062 “Optimized for Internet Explorer 5. Best viewed in 800x600 256 colors.“ 😉
Customer: @788062 https://t.co/TuxmFTEeqc says the recommendation for Chrome either isn't their policy anymore (note I replied to a 1.5-year-old tweet 😳) or was never their policy. Sorry for loudly shaming @115783 for an old tweet, and thanks @787286 for correcting.
Customer: @AirbnbHelp @788062 Meanwhile Google Apps offer Safari and Chrome as default for opening links but not Firefox even if it’s installed and Chrome isn’t? https://t.co/iAFDNak7J3
Customer: @AirbnbHelp @788062 THANK YOU!
Support: Hi Ari we're sorry that you've been having issues. Our site is designed for use on all browsers and we will always investigate any issues with connectivity. We will be sure to pass your feedback on to our product team for follow up. Please let us know if you need anything further
Support: We understand the importance of your feedback, Francois. We are working every day to improve the Airbnb platform and your great ideas can help to improve the quality of services that we provide. Here is a link to submit your ideas to our team: https://t.co/mCeclXTzBx. Thank you.
Customer: If your devs can't be bothered to test, your company makes enough money to deploy WebDriver tests and make sure your website's core scenarios never breaks like time for some of your users.
Customer: @788077 @AirbnbHelp @788062 Lots of people browsing from work are stuck with IE. Support it.
Customer: @788077 @AirbnbHelp @788062 Look at age of original tweet. Over 500 days ago.
Customer: @788077 @AirbnbHelp @788062 Original tweet is 500 days old…. he just wanted to say that you should never optimize for one browser but instead use standards working in all, I guess.
Customer: @AirbnbHelp @788062 @115783 @787286 Their current policy isn't much better. Latest versions of Chrome or Mozilla, and IE9 or later. No mention of Edge, Safari, or Opera. https://t.co/E5bLf5QFes
Customer: @AirbnbHelp @788062 @115783 Was never. Just a misinformed customer service rep.
Customer: @AirbnbHelp @788062 @115783 @787286 Just to hold my hand up, that was probably my fault: https://t.co/sFXlkrijEh Didn't realise it was old when I tweeted. Although there are many other example tweets and @AirbnbHelp are still tweeting similar responses, just now with added Firefox: https://t.co/dgV8lDMoDM
Customer: @788091 You just said that you've optimised the site for Chrome. 😂🙈
Customer: @788081 @788077 @AirbnbHelp @788062 oh well, yes, there is your obvious answer. 500 days ago was almost 18 months back. we cannot be expected to support such an ancient period.
Customer: @788081 @AirbnbHelp @788062 Hah, I saw a reshare and didn't notice the age. Even if it were recent, though, the right answer for @AirbnbHelp to give is ""upgrade Safari"", not ""use Chrome"".
Customer: @788077 @AirbnbHelp @788062 @115783 Regardless, our internal support policy for engineers is distinct from our general support advice, which *obviously* is “use the latest version of your browser” at a minimum.
Customer: @788077 @AirbnbHelp @788062 @115783 We definitely support Safari and Edge. Opera is just Blink now, so Opera always === Chrome anyways.

In general, we support ES5+.
Customer: @AirbnbHelp @788062 @115783 @787286 Sorry to Airbnb for misrepresenting. I don't normally tweet ranty negative things like that. But I'm not feeling *that* sorry, because sometimes you have to call things out when they're unacceptable and I've been seeing this more and more recently.
Customer: @AirbnbHelp @788091 Airbnb is designed to work with all web browsers. However, it is optimized for Chrome/FireFox browsers.
Customer: @AirbnbHelp @788091 Look at the date of the tweet.
Customer: @609777 @AirbnbHelp @788062 Agreed.
Customer: @609777 @788081 @AirbnbHelp @788062 Got a repeated 403 error on a button click/ajax request a few weeks back in Safari 11. Official response was still ""use Chrome"".
Customer: @364265 @AirbnbHelp oh wow good point! someone quoted this recently and I didn’t realize it was old. I retract my hot take
Customer: @364265 @AirbnbHelp To be fair it should still work in Safari or at least tell user to update older version safari.",
9270ed65887df039e9270acf3e6d083a,BofA_Help,"Customer: how do I get a payoff statement or a deed to my home.  I paid it in full several years ago.  Who do I contact and how?
Support: Hi Debby, I'd like the opportunity to assist with your request. Kindly DM full name, property address &amp; contact number. ^jg
Customer: Deborah B Boyer 111 Dudley drive  Rockledge Fl 32955 3215368090
Support: Please allow us some time and our Social Care Team will follow up with you. ^mm
Support: I left a message for you today with additional information. Please let me know if you need anything further. ^gc",
36036d16823aa29e27c04888c2648e75,SpotifyCares,"Customer: When will India get Spotify?😞
Support: We don't have any more info to share about this right now, but hopefully we'll be available there soon :) /AJ
Customer: Still waiting:(
Support: We're afraid we're unable to give you an exact date yet. Don't forget to add your email to the link we've sent earlier to get updates /MG",
44cf4e4c5b13c5f94151556cdc3130c3,,"Customer: Could one of the 6,500 store vacancies we have this year be right for you? Follow us to see our latest vacancies &amp; application tips.
Customer: Never seen a happy @AldiUK  employee yet. Having to put a thousand items through the til an hour, no wonder",
15346c4eb48549a6fa2c194fbebc9948,AskRobinhood,"Customer: when are y'all going to let Personal Capital track my money?
Support: Hi Walter! We don't have plans to integrate with Personal Capital but we'll let you know if this changes!
Customer: Any changes? Would still love this integration!
Support: Hey Walter! No plans to integrate!
Customer: 😭",
9005e22c1f6a91269cfaf51aedb6e83b,Uber_Support,"Customer: Take your pick. UberEATS now delivers from over a hundred local restaurants. https://t.co/FuTTiMNoJG
Customer: What are the delivery people bring paid?
Customer: Is uberEATS perth a thing yet?
Support: We deliver the food you want, from the restaurants you love, at Uber speed. Learn more at https://t.co/6rZp3XyWol
Support: Hi, Paige! For more information on this, click here; https://t.co/bl5B9dVLvX. Feel free to reach out with any further questions.
Customer: you don't say if drivers are receiving award wages.
Customer: cheers
Support: Happy to help answer your question! Sign in and visit us at https://t.co/wLKQOAMWCk so our team can follow up.",
a1301ed9bb1afd2afc85f404cecfdbbd,HPSupport,"Customer: [ASK YOUR QUESTION HERE] #hpiilpchat does not work, phones do not work, web takes you in circles - so how do you get help?
Support: Thanks for using our Twitter support - we'd love to hear your feedback #TakeHPSurvey link below https://t.co/2EeAA8Q7Sy
Customer: @121548 calls daily and asks that I contact them. That would be impossible
Customer: HP - very incompetent people @121548
Customer: Most rude, unhelpful people on earth - that would be HP
Customer: Worthless customer service - how’s that!
Customer: @121548 HOW STUPID DO YOU HAVE TO BE TO WORK IN CUSTOMER SERVICE FOR @121548
Support: Hi, please click to send us a private message and I will look into this. Thanks! ^Trinity https://t.co/a2xkfCrUG1",
0093d531e2af3fd8c00d4132cbbf8d40,Safaricom_Care,"Customer: my number 0701517214 can't access incoming call service, plz help me
Support: ...dealer or mpesa agent with your ID for assistance.Dial *100*8#ok to find a shop.^SB
Customer: i would Like to get PUK for my number 0700623288 id 1744383 my name joseph langat Date of birth 1959, ,,
Support: Hi, DM the M-pesa balance we assist.^WO
Customer: some shillings lessthan sh.10,always calling 0700628344,0726371602,0710703440,0729230202
Support: We are unable to DM, so share a contact number. Also delete the info shared from the public timeline to avert fraud. ^MI
Customer: my till can't allow diposit, call me at 0718274952 thanks inadvance
Support: Hi, we have been in touch and advised. ^NO
Customer: am Richard Kipkoskei ruto my number 0712592803 access only incoming but no outcalls. Call me at  0790605453
Support: We have called and advised. ^NJ
Customer: i would Like to replace my lost simcard number 0718564697
Customer: i would Like replace my lost simcard number 0718564697, call me 0790605453
Support: Hi, we have been in touch. ^KW
Customer: my mpesa till can't perfom self reversal, 2530, call me at 0718274952, thanks inadvance safaricom
Support: We have been in touch with you and advised. ^KI
Customer: am agent kipyegon, a costomer needs to replce his simcard, call me 0718274952
Customer: i was going on talking with costomer care to replce my simcard but ikakatika plz cal me 0718274952
Support: We have been in touch and advised.^FG
Customer: am kirui i forgot my mpesa pin plz call 0790605453
Support: We have been in touch ^MT
Customer: i hav  a costomer who made replacement and the same new sim has no netwok, plz call me 0718274952
Support: Hi,provide us with the number that was replaced and the serial number of the new plate we check and advise.^EA
Customer: i diposited to wrong number am kipyegon mpesa agent, call me 0718274952
Support: We've contacted you. Glad that you have been assisted ^EW
Customer: is swapping system working Ok,?,,, *180# am kipyegon mpesa agent, call me call 0718274952
Support: Hi advise what error you are getting for follow up. ^GL
Customer: hi safaricom i lost my simcard yet i don't know original pin ,call me 0718274952 to replace
Support: Our team has been in touch and updated on the issue. ^WE
Customer: am juliana chepkoech tonui i locked my mpesa pin accidentaly pls would unlock for me, 0723982161
Support: Hi, your number is currently unreachable. Kindly DM your Id number and current mpesa balance for further assistance. ^OS.
Customer: my mpesa pin  account got locked by my children, call me 0718274952 thanks
Support: Hi,we have been in touch and advised.^KF
Customer: hie i lost my simcard and now i can't remember original pin, now want  to replce it, call me 0790605453
Support: Hi, we are trying to call you but the number is currently busy. Advise when best to call again.^NR
Customer: thanks nimesaidika
Support: You are welcome. ^JC
Customer: i lost my simcard yet i can't remember original pin, Please replace for me call me at 0718274952,
Support: Hi, we have been in touch and advised. ^RI
Customer: my mpesa pin account locked, plz unlock for me, 0714162655, call me at 0790605453
Support: We have been in touch and assisted. ^KL
Customer: am hillary i completely forget my mpesa pin, call 0790605453
Support: We have been in touch and advised.^GO
Customer: my mpesa till can't allow diposit nor witrawal yet i hav completed my two weeks suspension, call me 0718274952
Support: Hi,kindly contact your admin as advised.^UA
Customer: i lost my simcard and now i try to replace its saying wrong pin, Please call me 0718274952
Support: We have been in touch.^BD
Customer: am kipyegon mpesa agent, my till selfversal 2530  failed since last sunday,, call me 0718274952
Support: Hi, we have been in touch and advised. ^RI
Customer: my mpesa account is locked call me 0718274952
Support: Hi,you are not picking our call. DM your name,ID number and M-PESA balance for help. ^JC
Customer: my mpesa account is not active,,, pls call me 0718274952
Support: The number 0718***952 is off advise on the best time to call. ^EM
Customer: i lost my simcard and now i request for replacement, plz call me 0718274952
Support: We have been in touch and assisted.^EO
Customer: i bought a new safaricom simcard but was not  fully registerd call me 0718274952
Support: Hi, we tried reaching you in vain, kindly advise when we can call and assist. ^KW
Customer: i registerd a new safaricom simcard but not go true due to system, plz call me 0718274952
Support: Hi, we have been in touch and advised. ^ER
Customer: i witraw amount to a wrong agent yesterday but upto now i hav not get reversal, call me 0718274952
Support: We have been in touch and advised. ^JC
Customer: i lost my simcard some days ago, and now i request for replacement call me 0718274952
Support: Hi, we have called and advised.^LA
Customer: i lost my simcard and now i want to replace, call me 0718274952
Support: Hi, we have been in touch. ^OS.
Customer: hie safaricom my simcard got lost a mounth ago, now i want replacement, call me 0790605453
Support: We believe you were contacted on this issue? If not yet assisted let us know. ^NC
Customer: hie safaricom i witraw amount to a wrong pls help me, call me 0718274952
Support: We have been in touch and assisted. ^GR
Customer: i lost my safaricom simcard yet i can't remember original pin, i want to replace it call me 0718274952
Support: Hi,our call was disconnected, confirm availability and advise so we can call back.^EA
Customer: i lost my simcard and now i want to replace it yet i don't remember original pin call me 0790605453
Support: We have called and confirmed you have been assisted. ^KD
Customer: i experience dalay in my mshwari loan plz help, call me 0713279469
Support: Hi, we have been in touch via call and assisted. ^NG
Customer: I forgot my twitter paswad would yu help me, call 0713279469
Support: Sorry we cannot intervene on that. The advisable option is click on Forgot Password and follow the guide. ^AB",
5970fc6e76dbdffe22d1e3c2a05ca752,GloCare,"Customer: :-Hello please tell me how do I share my mobile data with wifi?
Support: Morning,to share dial *127*01*[friend’s number]# or Send “Share [friend’s number]” to 127.
e.g. Dial *127*01*0805XXXXXXX# . AP
Customer: hi thank you but i wanted to share my mobile data  with my wifi router kindly help me on this
Customer: @GloCare https://t.co/pIQSWZHs3g",
e88d73575d8e8da4ee0d70dc1be33270,HPSupport,"Customer: am having issue installing laser jet pro mfp m125nw printer into my toshiba mini laptop. please i need help  #hpswdd
Support: Hey there, I'd like to help! What operating system is your PC running? What happens during install (error, etc.)? ^Christina
Customer: the issue is when it gets to install software it will read a fatal error occurred preventing product use
Support: Thanks for the info :) What operating system is your computer running? For help, see here: https://t.co/BBTvpl0s5r  ^Christina
Customer: window 7, and Toshiba mini laptop
Support: Thanks! Let's try these steps: https://t.co/qRsX0FDMOe Let me know how this goes! :) ^Christina
Customer: I HAVE TRIED THE STEPS STILL NO SOLUTION BECAUSE THE OPTIONS THERE DOES NOT MATCH  WITH THE ISSUE/ PROFFER THE DESIRED SOLUTION
Support: You mentioned that you're getting a Fatal Error. What is the Fatal Error numbered code? ^Christina
Customer: there is no code just a message like that",
73dc87365bc14a78e22ba5334e0d4310,GoDaddyHelp,"Customer: Well, you can check this one off right away. #MotivationMonday https://t.co/LtKj6Pabey
Customer: @92782 You too ! You guy's are awesome! I just wanted to stop by and say thank you for helping so many! Love above all 💞👍
Support: Thanks so much for your message. We love having happy GoDaddy customers!",
d91d39327f8c522f69aa434a5c46b92c,AdobeCare,"Customer: Anyone else keep being asked to sign in to access trial versions of Adobe CC even though you have a paid subscription? @116233
Customer: @116233 every time I use acrobat. #killingme
Customer: @116233 haha. Mine hasn't been Acrobat, only PS AI and ID
Support: Hi there, Please let us know the exact issue you are facing with PS &amp; LR. ^MG",
b6bf20b8db6c039d90efb59a2a141a1d,Morrisons,"Support: All our stores have contactless, Apple Pay &amp; Android Pay making your checkout time  quick &amp; easy. #ThatsGoodToKnow https://t.co/q7xAIwUiYk
Customer: Is the limit still capped at £30 for petrol stations?
Customer: Does this include filling stations?
Support: Please can you confirm which petrol station so I can check with them? - Lauren
Support: Yes it does :) - Jenna",
2c3d95a638c69be0a891d9cf3df48870,Uber_Support,"Customer: We’re sold out of August POOL passes. Check back next month for info on the September pass. https://t.co/WG1vtvc1Mr https://t.co/hgz8OIsETG
Customer: I've been on the waitlist for an Uber pass for 4 months. I use Uber 2ce daily and use it to commute to work. Still no update on the pass yet
Support: We're sorry to hear about this - please check out https://t.co/GVAGxjbUoV for additional details.
Customer: @122799 Will Uber have ride passes for October
Support: Thanks for reaching out! It appears all passes are sold out for October.",
dd10d4a609ef3b821003c68370eaa8fa,AirAsiaSupport,"Customer: Flight cancel today AK126 and how to chose an option to reschedule or just repurchse and claimlater ?
Support: Hi, may I have the booking number and email address used for a check?
Customer: AIT5RA  . __email__@askairasia  . __email__
Support: Hi, sorry, please confirm that you opt for Refund for booking AIT5RA. Thank you.
Customer: OK,please go ahead to refund. Pls let me know how long it take and where to check.Thanks.
Support: &gt;&gt; You will be notified accordingly via Email on the status. Thank you.
Customer: waited for my refund after few communication &amp; now 1 years plus still not refunded ? Please expediate.",
196ac5c0bcb52965c39500bcb3104853,Uber_Support,"Customer: Download the UberEATS app, find what you're craving, and we'll deliver it fast.  https://t.co/iTzRLLrg97
Customer: When are you expanding in Melbourne?
Customer: 45 minutes late (he was charging his iphone)
Support: We're working hard to expand our service area. Stay tuned to our website for updates: https://t.co/Mf9vzZ0uru
Support: Let's take a further look into this. Please send us a DM with your email and phone number linked to your account.
Customer: I tried already (on the spot)
Customer: @620916 The amount required from me 198. 70 , the correct amount 33.88, because I paid using the Visa 164.82 and the page was not changed
Support: Please DM us using the following link.  https://t.co/sd7yH5jmbJ
Support: Help us take a further look into this. Please send us a DM with your account email for assistance!
Customer: @620916 Damage control!",
05d314e5450e470ff0d099c895e19810,airtel_care,"Customer: kindly assist me on how to subscribe to a data plan I can share. I am a post-paid customer.
Support: cont1.. default password from 1234. Thank you.
Customer: what you did is not what we discussed. My post paid account has been charged N2000, why?
Support: Hello @589857 please be informed that the data bundle will be reversed. Thank you.
Customer: kindly assist to remove the plan on my line 07082773531. What I only need is N1000 monthly data plan.
Support: days. Thank you.^POmere (2/2)
Customer: kindly remove the strange caller tune on my line 07082773531, I did not request for it.
Support: Hello @589857, please be informed that the Hello Tune service has been deactivated. Thank you. ^ANopo",
a606e6b2ed889f0172e80982c04dc4e1,TMobileHelp,"Customer: Join me, T-Mobile CEO, on twitter now and then thank me later when I give you FREE stuff. ;)
Customer: Why bother? You don't even have a working tower in the North end of the capital of Florida and your staff just makes excuses over and over.
Customer: T-mobile had 2 promotions which I Renewed my contact.. Both were dishonored. Shame on T-Mobile
Support: @115913 It's important that we are being transparent with coverage. Send a DM my way. https://t.co/UzntwNlvhm *MariahDaigle
Support: @115913 Hey, Kathy! We're all about honoring our promotions. DM us, so we can turn this around. https://t.co/ZxXpYRedaq *NicholasTomchik
Customer: @115913 Don't believe their crap. They have NO SERVICE at all on one side of a state capital and they haven't for four years. They don't give a crap
Customer: I offer #Twitter #Instagram #reverbnation #Soundcloud #Tumblr promo so if u are interested Dm me or add me https://t.co/PyF2gnwWA4
Support: @115913 We're dedicated to bringing you the service that you need. Send a DM my way so we can work this out. https://t.co/plE6XCdHhz *CharlesOpacki
Customer: @115913 I returned your phone to the store after they tried to sell me a $300 wifi calling router. Two months later they tried to bill me for tax.
Customer: @115913 You guys make Verzion look like choir boys.
Support: @115913 We don't want you getting charged for anything you shouldn't be. Send a message our way and we'll get you taken care of. *CharlesOpacki
Customer: @115913 You idiots only wanted to send me a refund on a prepaid visa for $4 lol
Customer: @115913 I got it taken care of myself. I told my credit card company what happened and they told you guys to stuff it.
Support: @115913 We are here to help with anything we can. I'd love to turn this around for you, send me a DM https://t.co/PbJEgtqanO *JeromyBingham",
8b5c1ef6e71479436ee7ceb8910fb338,LondonMidland,"Customer: standing room only on 0927 from Bletchley due to so few train carriages. Total BS
Support: I am sorry for any inconvenience caused.
Customer: Yay. Another train with standing only. Why not just remove all the seats and make everyone stand . Then you can run even less carriages ?",
36c4a37a4bbf65c51a1fafe7ab5ccb2f,Uber_Support,"Customer: how do i get uber codes for rides for customer for a certain business?
Customer: @Uber_Support Yes I would be interested in this also for my mother
Support: Hi, Bev. Thanks for reaching out, please check out the following page to submit your inquiry: https://t.co/5xMCRPfmRY.",
569db5bffb532653fd0006bcfd3cf37c,ChipotleTweets,"Customer: How come you don't have melted queso like @116273 &amp; @157288? Breaks me every time! 🧀🌯
Support: Queso usually has a bunch of chemicals &amp; we've worked hard to get rid of these from our menu. -Shane
Customer: Shane, one year later, you have some explaining to do.
Support: Little did you know, we were working on perfecting our recipe this whole time. 😉 -Becky
Customer: Ahhh. That’s the tea, Becky with the good hair.",
8ebda540cbcc4d7336496819a46a1b68,Delta,"Customer: i booked my flight using delta amex card. Checking in now &amp; was being charged for baggage
Support: Glad to check. Pls, DM your confirmation number for assistance.  *QB https://t.co/6iDGBJAc2m
Customer: DM sent",
6bff8f8f7bd0f172660549f4fb16435e,AskRobinhood,"Customer: when will you support ACATS so I can migrate from @34631 to RobinHood?
Support: Hi Brady! We don't have an ETA to share, but we do hope to support ACATS in the future!
Customer: you'll have me as a customer as soon as you do! 🙃
Customer: Finally! Thanks @122481; it’s also so easy to submit the transfer request. https://t.co/CmisnDJLX0",
7c13dc7b28a4b756d40ac62a4d1b4965,sprintcare,"Customer: I'm Proud to be A Sprint Customer Every Since March 2005. I'm getting Ready to Get My New Upgrade Phone in Sept. 2016 Thanks!
Support: @116447 Thank you for the positive feedback and for being a loyal customer.
Customer: @116447 I Love Sprint !!!!",
a70314384ddc19dea64e79044867fff3,Safaricom_Care,"Customer: maybe should change their name from customer care to customer frustration. especially postpaid section.4hours down &amp;no help
Support: How may we assist. Apologies for the experience. ^IS
Customer: @362379 i just bought airtime instead of sending money help
Support: Hi, Kindly ensure the full amount is available in your line as airtime then share the transaction number we assist. ^KR
Customer: sorry i bought it to a number which i was to send the money to
Support: Advise the recipient to send back the airtime to your line via sambaza. Remember to share the transaction ID once done.^NR
Customer: everything done
Support: We are yet to receive the transaction number to enable us assist. ^KR
Customer: hey i need a reversal i did yesterday to a wrong number to 0743285105
Support: Kindly provide the transaction code you received from Mpesa. ^MM
Customer: LKO5CMJXXV
Support: The reversal decline due to insufficient funds. Use MySafaricom App in future to cancel wrong transactions before completion.^TT
Customer: ok let me engage him",
33ac574ea0345770bd2d162a2eb0d708,Safaricom_Care,"Customer: Terrible service at Moi Avenue service right from the lady guard at the entrance. Counter 8 unfriendly staff.
Support: Our apologies for the experience. We have shared your feedback with the shop. Thank you. ^NP
Customer: how can a service centre be that unfriendly n unhelpful. Such a pity state
Customer: having to run a paybill number has been a very painful experience n process.  Total mess. Paybill 771499
Support: --(contd) if not yet assisted. ^NP
Customer: 0721323780 is my telephone number
Customer: just been sorted.
Support: Great, good day. ^NJ
Customer: Hello
Support: Hi, how may we assist? ^EW
Customer: Hi",
2079458a0683cfbfece5d1d2e20c5996,TMobileHelp,"Customer: so are you going to release the note 7 early?
Customer: @TMobileHelp Note 7 It would nice to look
Support: Hey we're here for you! Shoot me a DM let's talk https://t.co/BMDMqsRi3P *DebKlajbor",
f93c941bbda2632ffe2838078a0fb970,airtel_care,"Customer: please please stop collecting my money whenever I recharge or you ask me to port to another network thanks
Support: Hello @126945, please provide the affected mobile number via DM for checks and assistance. Thank you. ^NMartha
Customer: 08088676583 that's my number, please kindly unsubscribe all whatever that takes my money whenever I recharge thanks.
Support: Investigation shows that you were billed from your main account for data bundle activation. Thank you
Customer: please refund my airtime I beg you
Support: cont1.. confirm. Thank you
Customer: then please stop sending me unsolicited SMS please thanks
Support: All inconveniences regretted. Thank you
Customer: please I beg airtel please stop sending me unsolicited SMS I beg you
Support: Hello @126945, please provide via DM your mobile number for assistance. Thank you.
Customer: 08088676583
Support: cont1.. recharge of N100 or more. Thank you.
Customer: pls stop sending me all those unsolicited football sms 080888676583
Support: Hello @126945, kindly not that the provided number is incomplete. However, please send STOP to 2442
Customer: 08088676583
Support: cont1.. getting calls and sms advert from the network. Thank you for choosing Airtel.
Customer: ok if you can keep to your word
Support: Hello @126945, thank you.
Customer: am been disturbed even when you have promised
08088676583
Support: Hello @126945, please be aware that your request for full DND service has been implemented. Thank you.
Customer: pls stop send me football sms 08088676583
Support: Hello @126945, please be aware that the DND service has been activated on the line. Thank you.
Support: Hello @126945, thank you for your tweet. ^ANopo",
aba7fd53304c46e06a9401af3657f977,SpotifyCares,"Customer: Agust D - 'Agust D' Full Mixtape available on 
SoundCloud: (https://t.co/lR58cgSJRz)
Customer: Agust D-'Agust D' Full Mixtape available on Apple Music (US) 
(https://t.co/KYg9rxyxCl)
Customer: Agust D-'Agust D' Mixtape available on Spotify (https://t.co/O4aCdsGXXU)
Customer: @115888 WHAT? https://t.co/G4ENItzmGz
Support: Hey, helps here! Can you let us know in what country are you located? /BE
Customer: @410858 I'm from Canada and it's still not working ://////
Support: Hi there! We're afraid the album isn't available in your region yet. For more info, click here: https://t.co/MEjmIRL2eB /AU
Customer: I've heard recently that Suga said his music has been banned hahahahahaha (i think it's because of some cursed words he's saying in his songs hehe)
Thank you for your response anyway! Have a great day~~~",
751d79bc44904bc99785a65443128a0b,JetBlue,"Customer: where is this alleged weather that has 656 delayed by an hour and a half? SYR looks downright placid 'til 2a.m. #frustrated
Support: ...Control. Flight #656 is expected to depart at 9:15. https://t.co/lFNUUJfceZ 2/2
Customer: @781253 Why the delay?
Support: @781253 The aircraft needed to be swapped out for maintenance. We know it's frustrating to wait, we appreciate you hanging in there with us.",
3fd19d8c7ee52add517d25f4be1df7a5,XboxSupport,"Customer: @46596 told me that you removed the game N+ from the market, if so, can you replace it in Chile? Thank you very much!
Support: Hello there, we'd love to help if we can - were you previously able to download the game in that region? ^BB
Customer: I do not, but of course could do. The demo of the game was included with the console. @390534
Support: available in your region. If you would like you may want to reach out to them here: https://t.co/DyiFpNoUFi  2 ^TE
Customer: I already did it. I wrote to @390534 and they say that you removed the game from the market! https://t.co/izn6kaE0du
Customer: @XboxSupport I don't think either Metanet or Xbox Chile removed the game -- perhaps it was never for sale in that market...
Customer: Thanks for your help, @XboxSupport! Ok, it's being looked into, @390533, thanks for your patience! We'll keep you posted.
Customer: @XboxSupport Thank you very much!!! ✌✌😇😃😀🙆🙌
Customer: Hello again. Something new? Still I can't buy N+ on #Xbox360 Please help. 😔😑 https://t.co/TAandGFh67
Customer: I'll follow up with MS again, sorry you're still experiencing this problem!
Customer: +2 months and it is still impossible to buy N+. You have created a great game... for nothing if the game can't be buyed 😑😔 https://t.co/NTVIIHOHdG
Customer: we keep following up with Microsoft but there is no reply. Not sure what we can do, but we'll keep trying.
Customer: Thank you!! 😊😊👍👋👋👋
Customer: Hello again. Last time was November 24/2016. Now, +- 1 year later, N+ still can't be buyed in Chile. Can @XboxSupport help, please?Thank you
Customer: @XboxSupport What's going on, @390534 , you don't want to sell N+ in Chile? Please read this thread! Thank you!",
481ac5dc6a133a8f483e545e88dac174,ChaseSupport,"Customer: Great Ad @116016 has with that fantastic man on a HUGE Ring .wish I knew his name @ChaseSupport can U help me find his name. He deserves fame
Support: Hello, the man's name is Isaac Hou. Please visit https://t.co/pclWjHS0hm to view the commercial. ^WP
Customer: @133789 Is the music an original composition, or can you buy it somewhere?",
d58c0941aacb205356093f00d89d1555,AirAsiaSupport,"Customer: Hi there,  I have booked a ticket to Bangkok in September, can I just check in my return ticket, without check in depart?
Support: Hi Ashley , you may reprint/ resend the Boarding Pass here https://t.co/Dk0aFXViiH. Thank you.
Customer: My issue is, I can't depart with AA, but will back via AA with same return ticket
Support: Hi Ashley, may I have the booking number for a check?
Customer: HI, The booking nymber is XG5HVZ. The guest name IVY Kow, she will not fly with this flight, but return with same flight
Support: Hi Ashley, you may just leave it if you opt to not board the flight. Note that payments made are non-refundable. Thank you.
Customer: OK. which means I just check in for return flight. Thanks alot
Support: Hi, yes Ashley. You may request for Airport Tax Refund via E-Form at https://t.co/K6AyoYyEnJ once all the flights departed.
Customer: Another question, my sister book another flight to taiwan Feb2017, but just found that she's pregnant. Wonder can change date?
Support: Hi, you can do it online via Manage my Booking up to 48hours before departure subject to CHANGE FEE + FARE DIFFERENCE.
Customer: Hi there, kindly check for me Booking no:AHMU9A, how much I can claim back if I do not take the flight. Thanks
Support: Hi Ashley, we are sorry but we are not able to advise regarding the amount. Kindly write in to https://t.co/JHgCEvT2LQ for &gt;
Customer: Noted with thanks. I can only claim back after the date of flight right?
Support: Yes correct Ashley =)
Customer: I have submitted the e form. CAS-17842278-VBSR9G, I need to re-submit doctor letter?
Customer: Hi, can you pls check this booking is completed? Booking no: EWPKGK. tq
Customer: ** Bookings that have flight/s within the cutoff time for making payments online. what does this note meant?
Customer: @115798 @115798 Hi there, I have done my web check in but found that one of the passenger's passport was key in wrongly. Please advise how do I amend? TQ",
ab0f4b2ad58e75b56cea141b4fa180ee,AmazonHelp,"Customer: Very unhappy with @115830 @AmazonHelp item I ordered sold by Amazon dropped 15~ % 1/2 days after ordering and won't honour price drop
Customer: @AmazonHelp Can you help please? Haven't received response
Customer: @AmazonHelp Can I get some sort of response please, third time asking?
Customer: @AmazonHelp 4th day requesting any kind of response
Customer: @AmazonHelp 5th day requesting any kind of response
Customer: @AmazonHelp 6th day requesting any kind of response
Customer: @AmazonHelp 7th day requesting any kind of response
Support: Please don't DM Amazon_Help3. We do not DM and they are not affiliated with Amazon. They've been reported. ^CD
Customer: @115830 Thanks, but it would be great to get a reply to my original tweet, at least the fake account replied. 8th day
Customer: @115830 9th day requesting any kind of response
Customer: @115830 11th day requesting any kind of response
Customer: @115830 12th day requesting any kind of response
Customer: @115830 13th day requesting any kind of response
Customer: @115830 14th day requesting any kind of response
Customer: @115830 15th day requesting any kind of response
Customer: @115830 16th day requesting any kind of reponse
Customer: @115830 17th day requesting any kind of response
Customer: @115830 19th day requesting any kind of response
Customer: @115830 20th day requesting any kind of response
Customer: @115830 22nd day requesting any kind of response
Customer: @115830 23rd day requesting any kind of response
Customer: @115830 24th day requesting any kind of response
Customer: @115830 25th day requesting any kind of response
Customer: @115830 26th day requesting any kind of response
Customer: @115830 27th day requesting any kind of response
Customer: @115830 28th day requesting any kind of response
Customer: @115830 29th day requesting any kind of response
Customer: @115830 30th day requesting any kind of response
Customer: @115830 31st day requesting any kind of response
Customer: @115830 32nd day requesting any kind of response
Customer: @115830 33rd day requesting any kind of response
Customer: @115830 34th day requesting any kind of response
Customer: @115830 35th day requesting any kind of response
Customer: @115830 36th day requesting any kind of response
Customer: @115830 37th day requesting any kind of response
Customer: @115830 38th day requesting any kind of response
Customer: @115830 39th day requesting any kind of response
Customer: @115830 40th day requesting any kind of response
Customer: @115830 41st day requesting any kind of response
Customer: @115830 42nd day requesting any kind of response
Customer: @115830 43rd day requesting any kind of response
Customer: @115830 44th day requesting any kind of response
Customer: @115830 45th day requesting any kind of response
Customer: @115830 46th day requesting any kind of response
Customer: @115830 47th day requesting any kind of response
Customer: @115830 48th day requesting any kind of response
Customer: @115830 49th day requesting any kind of response
Customer: @115830 50th day requesting any kind of response
Customer: @115830 51st day requesting any kind of response
Customer: @115830 52nd day requesting any kind of response
Customer: @115830 53rd day requesting any kind of response
Customer: @115830 54th day requesting any kind of response
Customer: @115830 55th day requesting any kind of response
Customer: @115830 56th day requesting any kind of response
Customer: @115830 57th day requesting any kind of response
Customer: @115830 58th day requesting any kind of response
Customer: @115830 59th day requesting any kind of response
Customer: @115830 60th day requesting any kind of response
Customer: @115830 61st day requesting any kind of response
Customer: @115830 62nd day requesting any kind of response
Customer: @115830 63rd day requesting any kind of response
Customer: @115830 64th day requesting any kind of response
Customer: @115830 65th day requesting any kind of response
Customer: @115830 66th day requesting any kind of response
Customer: @115830 67th day requesting any kind of response
Customer: @115830 68th day requesting any kind of response
Customer: @115830 69th day requesting any kind of response
Customer: @115830 70th day requesting any kind of response
Customer: @115830 71st day requesting any kind of response
Customer: @115830 72nd day requesting any kind of response
Customer: @115830 73rd day requesting any kind of response
Customer: @115830 74th day requesting any kind of response
Customer: @115830 75th day requesting any kind of response
Customer: @115830 76th day requesting any kind of response
Customer: @115830 77th day requesting any kind of response
Customer: @115830 78th day requesting any kind of response
Customer: @115830 79th day requesting any kind of response
Customer: @115830 80th day requesting any kind of response
Customer: @115830 81st day requesting any kind of response
Customer: @115830 82nd day requesting any kind of response
Customer: @115830 83rd day requesting any kind of response
Customer: @115830 84th day requesting any kind of response
Customer: @115830 85th day requesting any kind of response
Customer: @115830 86th day requesting any kind of response
Customer: @115830 87th day requesting any kind of response
Customer: @115830 88th day requesting any kind of response
Customer: @115830 89th / 90th day requesting any kind of response
Customer: @115830 91st day requesting any kind of response
Customer: @115830 92nd day requesting any kind of response
Customer: @115830 93rd day requesting any kind of response
Customer: @115830 94th day requesting any kind of response
Customer: @115830 95th day requesting any kind of response
Customer: @115830 96th day requesting any kind of response
Customer: @115830 97th day requesting any kind of response
Customer: @115830 98th day requesting any kind of response
Customer: @115830 99th day requesting any kind of response
Customer: @115830 100th day requesting any kind of response
Customer: @115830 101st day requesting any kind of response
Customer: @115830 102nd day requesting any kind of response
Customer: @115830 103rd day requesting any kind of response
Customer: @115830 104th day requesting any kind of response
Customer: @115830 105th day requesting any kind of response
Customer: @115830 106th day requesting any kind of response
Customer: @115830 107th day requesting any kind of response
Customer: @115830 108th day requesting any kind of response
Customer: @115830 109th day requesting any kind of response
Customer: @115830 110th day requesting any kind of response
Customer: @115830 111th day requesting any kind of response
Customer: @115830 112th day requesting any kind of response
Customer: @115830 113th day requesting any kind of response
Customer: @115830 114th day requesting any kind of response
Customer: @115830 115th day requesting any kind of response
Customer: @115830 116th day requesting any kind of response
Customer: @115830 117th day requesting any kind of response
Customer: @115830 118th day requesting any kind of response
Customer: @115830 119th day requesting any kind of response
Customer: @115830 120th day requesting any kind of response
Customer: @115830 121st day requesting any kind of response
Customer: @115830 122nd day requesting any kind of response
Customer: @115830 123rd day requesting any kind of response
Customer: @115830 124th day requesting any kind of response
Customer: @115830 125th day requesting any kind of response
Customer: @115830 126th day requesting any kind of response
Customer: @115830 127th day requesting any kind of response
Customer: @115830 128th day requesting any kind of response
Customer: @115830 129th day requesting any kind of response (Merry Christmas)
Customer: @115830 131st day requesting any kind of response
Customer: @115830 132nd day requesting any kind of response
Customer: @115830 133rd day requesting any kind of response
Customer: @115830 134th day requesting any kind of response
Customer: @115830 135th day requesting any kind of response
Customer: @115830 136th day requesting any kind of response
Customer: @115830 137th day requesting any kind of response
Customer: @115830 138th day requesting any kind of response
Customer: @115830 139th day requesting any kind of response
Customer: @115830 140th day requesting any kind of response
Customer: @115830 141st day requesting any kind of response
Customer: @115830 142nd day requesting any kind of response
Customer: @115830 143rd day requesting any kind of response
Customer: @115830 144th day requesting any kind of response
Customer: @115830 145th day requesting any kind of response
Customer: @115830 146th day requesting any kind of response
Customer: @115830 147th day requesting any kind of response
Customer: @115830 148th day requesting any kind of response
Customer: @115830 149th day requesting any kind of response
Customer: @115830 150th day requesting any kind of response
Customer: @115830 151st day requesting any kind of response
Customer: @115830 152nd day requesting any kind of response
Customer: @115830 153rd day requesting any kind of response
Customer: @115830 154th day requesting any kind of response
Customer: @115830 155th day requesting any kind of response
Customer: @115830 156th day requesting any kind of response
Customer: @115830 157th day requesting any kind of response
Customer: @115830 158th day requesting any kind of response
Customer: @115830 159th day requesting any kind of response
Customer: @AmazonHelp @115830 160th day requesting any kind of response
Customer: @AmazonHelp @115830 161st day requesting any kind of response
Customer: @AmazonHelp @115830 162nd day requesting any kind of response
Customer: @AmazonHelp @115830 163rd day requesting any kind of response
Customer: @AmazonHelp @115830 164th day requesting any kind of response
Customer: @115830 165th day requesting any kind of response
Customer: @115830 166th day requesting any kind of response
Customer: @115830 167th day requesting any kind of response
Customer: @115830 168th day requesting any kind of response
Customer: @115830 169th day requesting any kind of response
Customer: @115830 170th day requesting any kind of response
Customer: @115830 172nd day requesting any kind of response
Customer: @115830 173rd day requesting any kind of response
Customer: @115830 174th day requesting any kind of response
Customer: @115830 175th day requesting any kind of response
Customer: @115830 176th day requesting any kind of response
Customer: @115830 178th day requesting any kind of response
Customer: @115830 179th day requesting any kind of response
Customer: @115830 180th day requesting any kind of response
Customer: @115830 181st day requesting any kind of response
Customer: @115830 182nd day requesting any kind of response
Customer: @115830 184th day requesting any kind of response
Customer: @115830 185th day requesting any kind of response
Customer: @115830 186th day requesting any kind of response
Customer: @115830 187th day requesting any kind of response
Customer: @115830 188th day requesting any kind of response
Customer: @115830 189th day requesting any kind of response
Customer: @115830 190th day requesting any kind of resposne
Customer: @115830 191st day requesting any kind of response
Customer: @115830 192nd day requesting any kind of response
Customer: @115830 193rd day requesting any kind of response
Customer: @115830 194th day requesting any kind of response
Customer: @115830 195th day requesting any kind of response
Customer: @115830 196th day requesting any kind of response
Customer: @115830 197th day requesting any kind of response
Customer: @115830 199th day requesting any kind of response
Customer: @115830 200th day requesting any kind of response (happy 200th!)
Customer: @115830 201st day requesting any kind of response
Customer: @115830 203rd day requesting any kind of response
Customer: @115830 204th day requesting any kind of resposne
Customer: @115830 205th day requesting any kind of response
Customer: @115830 206th day requesting any kind of response
Customer: @115830 207th day requesting any kind of response
Customer: @115830 208th day requesting any kind of response
Customer: @115830 209th day requesting any kind of response
Customer: @115830 210th day requesting any kind of response
Customer: @115830 211th day requesting any kind of response
Customer: @115830 212th day requesting any kind of response
Customer: @115830 213th day requesting any kind of response
Customer: @115830 214th day requesting any kind of response
Customer: @115830 215th day requesting any kind of response
Customer: @115830 216th day requesting any kind of response
Customer: @115830 217th day requesting any kind of response
Customer: @115830 218th day requesting any kind of response
Customer: @115830 219th day requesting any kind of response
Customer: @115830 220th day requesting any kind of response
Customer: @115830 221st day requesting any kind of response
Customer: @115830 222nd day requesting any kind of response
Customer: @115830 223rd day requesting any kind of response
Customer: @115830 224th day requesting any kind of response
Customer: @115830 225th day requesting any kind of response
Customer: @115830 226th day requesting any kind of response
Customer: @115830 227th day requesting any kind of response
Customer: @115830 228th day requesting any kind of response
Customer: @115830 229th day requesting any kind of response
Customer: @115830 230th day requesting any kind of response
Customer: @115830 231st day requesting any kind of response
Customer: @115830 232nd day requesting any kind of response
Customer: @115830 233rd day requesting any kind of response
Customer: @115830 234th day requesting any kind of response
Customer: @115830 235th day requesting any kind of response
Customer: @115830 236th day requesting any kind of response
Customer: @115830 237th day requesting any kind of response
Customer: @115830 238th day requesting any kind of response
Customer: @115830 239th day requesting any kind of response
Customer: @115830 240th day requesting any kind of response
Customer: @115830 241st day requesting any kind of response
Customer: @115830 242nd day requesting any kind of response
Customer: @115830 243rd day requesting any kind of response
Customer: @115830 244th day requesting any kind of response
Customer: @115830 245th day requesting any kind of response
Customer: @115830 246th day requesting any kind of response
Customer: @115830 247th day requesting any kind of response
Customer: @115830 248th day requesting any kind of response
Customer: @115830 249th day requesting any kind of response
Customer: @115830 250th day requesting any kind of response
Customer: @115830 251st day requesting any kind of response
Customer: @115830 252nd day requesting any kind of response
Customer: @115830 253rd day requesting any kind of response
Customer: @115830 254th day requesting any kind of response
Customer: @115830 255th day requesting any kind of response
Customer: @115830 256th day requesting any kind of response
Customer: @115830 257th day requesting any kind of response
Customer: @115830 258th day requesting any kind of response
Customer: @115830 259th day requesting any kind of response
Customer: @115830 260th day requesting any kind of response
Customer: @115830 261st day requesting any kind of response
Customer: @115830 262nd day requesting any kind of response
Customer: @115830 263rd day requesting any kind of response
Customer: @115830 264th day requesting any kind of resposne
Customer: @115830 265th day requesting any kind of response
Customer: @115830 266th day requesting any kind of response
Customer: @115830 267th day requesting any kind of response
Customer: @115830 268th day requesting any kind of response
Customer: @115830 269th day requesting any kind of response
Customer: @115830 270th day requesting any kind of response
Customer: @115830 271st day requesting any kind of response
Customer: @115830 273rd day requesting any kind of response
Customer: @115830 274th day requesting any kind of response
Customer: @115830 275th day requesting any kind of response
Customer: @115830 276th day requesting any kind of response
Customer: @115830 277th day requesting any kind of response
Customer: @115830 278th day requesting any kind of response
Customer: @115830 279th day requesting any kind of response
Customer: @115830 280th day requesting any kind of response
Customer: @115830 281st day requesting any kind of response
Customer: @115830 282nd day requesting any kind of response
Customer: @115830 283rd day requesting any kind of response
Customer: @115830 284th day requesting any kind of response
Customer: @115830 285th day requesting any kind of response
Customer: @115830 286th day requesting any kind of response
Customer: @115830 287th day requesting any kind of response
Customer: @115830 288th day requesting any kind of response
Customer: @115830 289th day requesting any kind of response
Customer: @115830 290th day requesting any kind of response
Customer: @115830 292nd day requesting any kind of response
Customer: @115830 293rd day requesting any kind of response
Customer: @115830 294th day requesting any kind of response
Customer: @115830 295th day requesting any kind of response
Customer: @115830 296th day requesting any kind of response
Customer: @115830 297th day requesting any kind of response
Customer: @115830 298th day requesting any kind of response
Customer: @115830 299th day requesting any kind of response
Customer: @115830 300th day requesting any kind of response (happy 300th)
Customer: @115830 301st day requesting any kind of response
Customer: @115830 302nd day requesting any kind of response
Customer: @115830 303rd day requesting any kind of response
Customer: @115830 304th day requesting any kind of response
Customer: @115830 305th day requesting any kind of response
Customer: @115830 306th day requesting any kind of response
Customer: @115830 307th day requesting any kind of response
Customer: @115830 308th day requesting any kind of response
Customer: @115830 309th day requesting any kind of response
Customer: @115830 310th day requesting any kind of response
Customer: @115830 311th day requesting any kind of response
Customer: @115830 312th day requesting any kind of response
Customer: @115830 313th day requesting any kind of response
Customer: @115830 314th day requesting any kind of response
Customer: @115830 315th day requesting any kind of response
Customer: @115830 316th day requesting any kind of response
Customer: @115830 317th day requesting any kind of response
Customer: @115830 319th day requesting any kind of response
Customer: @115830 320th day requesting any kind of response
Customer: @115830 321st day requesting any kind of response
Customer: @115830 322nd day requesting any kind of response
Customer: @115830 323rd day requesting any kind of response
Customer: @115830 324th day requesting any kind of response
Customer: @115830 325th day requesting any kind of response
Customer: @115830 326th day requesting any kind of response
Customer: @115830 327th day requesting any kind of response
Customer: @115830 329th day requesting any kind of response
Customer: @115830 330th day requesting any kind of response
Customer: @115830 331st day requesting any kind of response
Customer: @115830 333rd day requesting any kind of response
Customer: @115830 334th day requesting any kind of response
Customer: @115830 335th day requesting any kind of response
Customer: @115830 336th day requesting any kind of response
Customer: @115830 337th day requesting any kind of response
Customer: @115830 338th day requesting any kind of response
Customer: @115830 339th day requesting any kind of response
Customer: @115830 340th day requesting any kind of response
Customer: @115830 341st day requesting any kind of response
Customer: @115830 346th day requesting any kind of response
Customer: @115830 347th day requesting any kind of response
Customer: @115830 348th day requesting any kind of response
Customer: @115830 349th day requesting any kind of response
Customer: @115830 350th day requesting any kind of response
Customer: @115830 351st day requesting any kind of response
Customer: @115830 352nd day requesting any kind of response
Customer: @115830 353rd day requesting any kind of response
Customer: @115830 354th day requesting any kind of response
Customer: @115830 355th day requesting any kind of response
Customer: @115830 356th day requesting any kind of response
Customer: @115830 357th day requesting any kind of response
Customer: @115830 358th day requesting any kind of response
Customer: @115830 359th day requesting any kind of response
Customer: @115830 360th day requesting any kind of response
Customer: @115830 361st day requesting any kind of response
Customer: @115830 362nd day requesting any kind of response
Customer: @115830 363rd day requesting any kind of response
Customer: @115830 364th day requesting any kind of response
Customer: @115830 365th day requesting any kind of response (happy first birthday @115851 one year trying to fix Amazon issue)
Customer: @115830 @115851 366th day requesting any kind of response
Customer: @115830 @115851 367th day requesting any kind of response
Customer: @115830 @115851 368th day requesting any kind of response
Customer: @115830 @115851 369th day requesting any kind of response
Customer: @115830 @115851 370th day requesting any kind of response
Customer: @115830 @115851 371st day requesting any kind of response
Customer: @115830 @115851 372nd day requesting any kind of response
Customer: @115830 @115851 373rd day requesting any kind of response
Customer: @115830 @115851 374th day requesting any kind of response
Customer: @115830 @115851 375th day requesting any kind of response
Customer: @115830 @115851 376th day requesting any kind of response
Customer: @115830 @115851 377th day requesting any kind of response
Customer: @115830 @115851 378th day requesting any kind of response
Customer: @115830 @115851 379th day requesting any kind of response
Customer: @115830 @115851 380th day requesting any kind of response
Customer: @115830 @115851 381st day requesting any kind of respons
Customer: @115830 @115851 382nd day requesting any kind of response
Customer: @115830 @115851 383rd day requesting any kind of response
Customer: @115830 @115851 384th day requesting any kind of response
Customer: @115830 @115851 385th day requesting any kind of response
Customer: @115830 @115851 386th day requesting any kind of response
Customer: @115830 @115851 387th day requesting any kind of response
Customer: @115830 @115851 388th day requesting any kind of response
Customer: @115830 @115851 389th day requesting any kind of response
Customer: @115830 @115851 390th day requesting any kind of response
Customer: @115830 @115851 391st day requesting any kind of response
Customer: @115830 @115851 392nd day requesting any kind of response
Customer: @115830 @115851 393rd day requesting any kind of response
Customer: @115830 @115851 394th day requesting any kind of response
Customer: @115830 @115851 395th day requesting any kind of response
Customer: @115830 @115851 396th day requesting any kind of response
Customer: @115830 @115851 397th day requesting any kind of response
Customer: @115830 @115851 398th day requesting any kind of response
Customer: @115830 @115851 399th day requesting any kind of response
Customer: @115830 @115851 400th day requesting any kind of response (happy 400th)
Customer: @115830 @115851 401st day requesting any kind of response
Customer: @115830 @115851 402nd day requesting any kind of response
Customer: @115830 @115851 403rd day requesting any kind of response
Customer: @115830 @115851 404th day requesting any kind of response
Customer: @115830 @115851 405th day requesting any kind of response
Customer: @115830 @115851 406th day requesting any kind of response
Customer: @115830 @115851 407th day requesting any kind of response
Customer: @115830 @115851 408th day requesting any kind of response
Customer: @115830 @115851 409th day requesting any kind of response
Customer: @115830 @115851 410th day requesting any kind of response
Customer: @115830 @115851 412th day requesting any kind of response
Customer: @115830 @115851 413th day requesting any kind of response
Customer: @115830 @115851 414th day requesting any kind of response
Customer: @115830 @115851 415th day requesting any kind of response
Customer: @115830 @115851 416th day requesting any kind of response
Customer: @115830 @115851 417th day requesting any kind of response
Customer: @115830 @115851 418th day requesting any kind of response
Customer: @115830 @115851 419th day requesting any kind of response
Customer: @115830 @115851 420th day requesting any kind of response
Customer: @115830 @115851 421st day requesting any kind of response
Customer: @115830 @115851 422nd day requesting any kind of response
Customer: @115830 @115851 423rd day requesting any kind of response
Customer: @115830 @115851 424th day requesting any kind of response
Customer: @115830 @115851 425th day requesting any kind of response
Customer: @115830 @115851 426th day requesting any kind of response
Customer: @115830 @115851 427th day requesting any kind of response
Customer: @115830 @115851 428th day requesting any kind of response
Customer: @115830 @115851 429th day requesting any kind of response
Customer: @115830 @115851 430th day requesting any kind of response
Customer: @115830 @115851 431st day requesting any kind of response
Customer: @115830 @115851 432nd day requesting any kind of response
Customer: @115830 @115851 433rd day requesting any kind of response
Customer: @115830 @115851 434th day requesting any kind of response
Customer: @115830 @115851 435th day requesting any kind of response
Customer: @115830 @115851 436th day requesting any kind of response
Customer: @115830 @115851 437th day requesting any kind of response
Customer: @115830 @115851 438th day requesting any kind of response
Customer: @115830 @115851 439th day requesting any kind of response
Customer: @115830 @115851 440th day requesting any kind of response
Customer: @115830 @115851 441st day requesting any kind of response
Customer: @115830 @115851 442nd day requesting any kind of response
Customer: @115830 @115851 443rd day requesting any kind of response
Customer: @115830 @115851 444th day requesting any kind of response
Customer: @115830 @115851 445th day requesting any kind of response
Customer: @115830 @115851 446th day requesting any kind of response
Customer: @115830 @115851 447th day requesting any kind of response
Customer: @115830 @115851 448th day requesting any kind of response
Customer: @115830 @115851 449th day requesting any kind of response
Customer: @115830 @115851 450th day requesting any kind of response
Customer: @115830 @115851 451st day requesting any kind of response
Customer: @115830 @115851 452nd day requesting any kind of response
Customer: @115830 @115851 453rd day requesting any kind of response
Customer: @115830 @115851 454th day requesting any kind of response
Customer: @115830 @115851 455th day requesting any kind of response
Customer: @115830 @115851 456th day requesting any kind of response
Customer: @115830 @115851 457th day requesting any kind of response
Customer: @115830 @115851 458th day requesting any kind of response
Customer: @115830 @115851 459th day requesting any kind of response
Customer: @115830 @115851 460th day requesting any kind of response
Customer: @115830 @115851 461st day requesting any kind of response
Customer: @115830 @115851 462nd day requesting any kind of response
Customer: @115830 @115851 463rd day requesting any kind of response
Customer: @115830 @115851 464th day requesting any kind of response
Customer: @115830 @115851 465th day requesting any kind of response
Customer: @115830 @115851 466th day requesting any kind of response
Customer: @115830 @115851 467th day requesting any kind of response",
b7ff19108283a229c3cae91e9d46a069,AskPlayStation,"Support: By activating your PS4 as primary you can enjoy numerous benefits and actions: https://t.co/Jz80s3Vjpe https://t.co/StvuQ5ka0X
Customer: hey PlayStation can you fix the store I can't watch movie I am in qatar not in us or uk
Support: Sure we can assist. Are you getting any error code or message? 
Please provide us more details about the issue
Customer: and when I  want to download movies its says this content cannot be selected at this time
Customer: @AskPlayStation STREAM YOUR FAVORITE MOVIES &amp; TV SHOWS FOR FREE
Free, Unlimited Access:   
Search for anything.
No Ads.
Thousands of titles and counting...
All platforms
Sign up now and experience entertainment, unlimited!
https://t.co/0j3BzK1i5I",
28facfe5dfed9c72a8611bda34cc2bb4,airtel_care,"Customer: pls what's the code for 6Gb for 1500 and 2gb cheap pls that came with it? I lost d text u guys sent me on that
Support: Hello @494665, kindly dial *440*161# at N1,500 with 6GB valid for 30days. However, it is based on eligibility. Please provide.. cont1
Customer: @494665,pls is it for android version or bb version.pls let me know
Support: Hello @494664 please note that the BBUM bundle can be used on all data enabled devices. Thank you.
Customer: care.Pls where is ur office closet to bariga. I just lost my sim,pls reply back asap",
82661102dc619a59dcab201ce0544aca,Tesco,"Customer: used to mark Scottish produce with saltire (our flag).  Now you use Union flag.  Plse say why.  Is it #casualracism? #Scotland
Support: I’ll look into this right away; sorry for any upset caused. – Rob 2/2
Customer: Mostly raspberries and strawberries which I like to know are Scottish.  Hope it's not being caused by #Brexit
Support: Hi Eileen, over the past year, we received several customer complaints regarding Scottish flags on strawberries in England. 1/5
Customer: I would like to complain about using the 4 countries Union Flag on Scottish products when Scotland is the country that produces them!
Customer: @125286 Simple solution. Tell your customers that they are a bunch of fannies. Kind Regards, Scotland
Customer: @125286 So you would rather deceive your customers than give credit to the country of origin. Maybe you should try a new PR person?
Customer: @125286 this is ridiculous - can you remove the offensive union jack from all your packaging then as it offends me and 15m+ Scots?
Customer: @125286 too much useless packaging on your fruits and veggies anyway...
Customer: @125286 If the strawberries are produced in Scotland, why not have our flag on the packaging?
Customer: @125286 Well more of us are complaining about Union Jack in Scotland so what is your response to that
Customer: @125286 When you miss a full stop in your most popular tweet 🙈
Customer: why not sell more loose fruits &amp; vegs and cut back on packaging? Cheaper for supermarket, better for the planet.
Support: Hi Morag, to provide consistency for customers, we mark all of our homegrown fresh berries with a Union flag. 1/2
Customer: @Tesco but much less profitable.
Customer: @443390 Because consistency is just as important as all the cash we gave to unionist parties.",
7f6c0a0fc7829874d0464e76fd8d0237,NikeSupport,Support: The Nike+ Running app is now the Nike+ Run Club app. Learn more about what’s new here: https://t.co/wnYtTjskDz,
b38b82b7270b237b312544754ef11350,Uber_Support,"Customer: Attention all college students! Ride with Uber? Want a semester of free rides? (Duh.) Enter to win! https://t.co/AIjIKLiqqk #SemesterOfUber
Customer: Choose your drivers more carefully and professionally. We don’t need more harassments. #IHateYou
Support: We want to follow up ASAP. Can you please send us a DM (direct message) with your email address and additional details so we can connect?
Customer: I barely use uber in Massachusetts. But what happened to the 22-year-old lady could happen to any of us.",
7bb4df95121f35b774d9f2df590a1029,AirAsiaSupport,"Customer: Hi, I need to book tickets 4 AirAsia India but am not able to find the contact number to call from the USA. can u assist?
Support: Hi, just head to https://t.co/z9KZ1UgVon and book your flights to see seats availability and the actual Fares. Thank you.
Customer: I know  that  I would  like  to  knew  about  the  baggage fees and restrictions
Support: Hi, you may refer here https://t.co/VyQJYYofA4 for Fees and Charges. Thank you.
Customer: I do not see an option for BLR-HKT. do i need to pay 2 fees fr stopovers?
Support: Hi, sorry but there's no Call Centre for USA. You may check the Fares at https://t.co/z9KZ1UgVon to make the Fly-thru booking.
Customer: omg this is  so  hard  I need  to  call  from  USA to  India call center. # on site doesn't  work. It shows only 20kg I ned  mor
Support: Hi, you can pre-book up to 40kg baggage allowance per person. Just select it at Add ons page during booking process. Thanks.
Customer: @322532 https://t.co/4QEXe96rNb
Support: &gt;&gt; is correct. Given Name will appear first followed by Surname. Thank you.
Customer: Booking no.: RLSTRJ &amp; OIIS5. Requested boarding passes to allow claims. They can no longer be found on the website. Pls help
Customer: Sorry is OIIS5P and RLSTRJ
Support: request the boarded letter for your claim purpose. Thanks - Nod
Support: Hi , We're sorry as boarding pass cant be sent as this is a past flight. Kindly submit the form: https://t.co/yUyvTZDtHT to &gt;&gt;",
a7f037ab299d72f063d4e78eb8a8b572,AmericanAir,"Customer: The airline that loses children, seats pedophiles next to lone children.
The ""american"" way it would seem.
Support: We take excellent care of the little ones that travel with us. Please let us know if we can help you.
Customer: LIES LIES LIES",
fffba4526d43301ecb10cceaf968f17d,Safaricom_Care,"Customer: Help Me With Simswap of this number,0714168400..contact me on 0720012688
Support: Hi, our calls are going unanswered, advise when we can call back. ^NJ
Customer: can i get a full statement of a till number?
Support: Hi kindly visit our retail shops with your ID card to request for the statement ^ED",
2a98d8e501568c84899c2302e84ba618,Safaricom_Care,"Customer: there's a certain number that's been disturbing my dad and he can't block it. Could I DM you both numbers you block it?
Support: Hi,to block specific numbers is done from the handset we cannot block from our end.^OM
Customer: kindly help me for I transfered my money through Mpesa to the wrong number.my number 0719377251
Customer: kindly contact me for wrong withdrawal through agent.number 0701632539
Customer: i kindly need your help for i withdrawn my money to wrong agent .my number 0708427544
Support: Hi, kindly share the transaction ID we reverse.^CN
Customer: @17018 i kindly request a help from you for i have top up and i dont see the amount.my contact is 0704803964
Support: Hi, we have called and advised.^CH
Customer: hello,am john and am claiming the disappear of my money from https://t.co/L0FQlFODCP me on0708427544
Customer: I need  your help @17018 care. I have a wrong withdrawal of money from wrong mpesa agent
Support: We've advised on call. You may contact Metropol Credit Reference Bureau Limited via 0727413733/ 0732774666 (Chargeable).^NR
Customer: I have a wrong withdrawal. call me on 0708427544
Customer: @309105 But these @309107 guys seems to be dead...
I've contacted them through phone.. WhatsApp and twitter but none yielded
Customer: please help me for I have withdrawn to wrong agent number. call me on 0708427544
Support: Provide the transaction code that you received from Mpesa for us to assist you. ^MM
Customer: @Safaricom_Care @309105 Hi Meshack, we apologize for the inconvenience. As we had spoken earlier, kindly feel free to revert in case of any queries.
Customer: @Safaricom_Care @309105 Alright",
0591b9c2b17303573667d84c1077f5db,AskLyft,"Customer: Is @115879 doing the right thing by firing the racist driver today?
Support: We'd like to look into this for you. Can you please DM your phone number so we can locate your account?
Customer: @634529 I can't believe you fired the driver over some hateful woman.  @634529 is at fault not the driver.
Customer: @AskLyft @634529 Hi, I'm coming into this late, was this driver really fired because of that witch Annaliese?! What an outrage! I've never used Lyft and never will if that's so.",
12c63a0697c4bb7cde68feca8d9de835,TMobileHelp,"Customer: 12/ #TMobileONE and #TMobileONEPlus are going to change this industry forever! It’s all about #UNLIMITED, people! https://t.co/6xewtka6O7
Customer: @TMobileHelp I have one plus but I don’t have unlimited 4G LTE hotspot data? 😭
Support: @115913 You should have access to this based on the plan that you mentioned. Click https://t.co/Mww69Rzn7a to send a DM so I can review and assist. *AshleyNelson",
da529160786d6b0b107d382ee4f3adc4,AmericanAir,"Customer: 
Support: We're so sorry you feel this way. What's going on?
Customer: I have 300,000 miles that I'm never able to use for a decent price. Would you please be more like Southwest?
Support: We're sorry you're unhappy with the award program we offer. Those miles can take you around the world and back.
Customer: You are WRONG. They take you places for a ridiculous prices.",
50726a9154a8b4f268bec17a567fbef3,Morrisons,"Customer: I am not eligible for the final bonus points as there are not enough weeks left now to do 4 shops 😞
Support: Hi, Awwww no, that's a shame :( Mark
Customer: nothing that can be done about it? I placed 2nd order within 2nd week (14th) but delivery was on 15th which was start of 3rd week
Support: Sorry Jane, but you have to place an order within qualifying weeks :( - Natalie
Customer: eligible for offer I would be shopping at Morrisons more often to use extra points. As it is now I won't be using Morrisons 2/2
Customer: @Morrisons Don’t blame you, awful company",
c32e81126e8eee1cff47344b5a07a117,AskPlayStation,"Customer: I need some advice hard drive issues the issue being I don't have enough space 😆 any help would be appreciated 😅
Support: Hey there. The best option to get more free space is upgrading the HDD: https://t.co/RhaVd8jm8i
Customer: Any plans to increase max HDD capacity from 8TB for the PS4? Also what is the current max storage for PS3?
And when is the PS2 backward compatability patch actually happening for PS3 that was set for 2009/2010?
Customer: Patience is a virtue... but after waiting over 2 thirds of a decade for something a Playstation Rep confirmed was happening; patience tends to run a bit thin. https://t.co/HOCngll5o5",
8a0f78662579fea26ab8778c6a32f33b,AskPlayStation,"Customer: Tried to play one of my PS4 w/o internet, but ALL my games where locked. How to fix w/o internet?
Support: Glad to answer. A network connection is necessary to verify the license of the games.
Customer: @334182 exactly you never own the games just license to play them. Physical is king has more rights
Customer: @AskPlayStation @334182 fuck you sony. so happy i have nothing you can take from me. i have not spent ONE DIME on your piece of shit company.",
782361f436c77d2898837207fb593f2d,airtel_care,"Customer: pls made mistake in subcrition what do I do now
Support: @811978 Hello @811978, kindly provide the affected mobile number via DM for checks and assistance. Thank you. ^Martha
Customer: @811977 @811978 @airtel_care  I also have an issue at hand and I was ask to do a DM but can't do a DM with you follow back please follow back.",
b7562d1c23948995e1f6fca1af959f5c,O2,"Customer: You still don't warn people when they are running out of minutes. I'm fed up with bill shock from you. Getting a new provider next week.
Support: Hi there, we're sorry you feel this way, we recommend using the My O2 app to monitor your usage.
Customer: App inconvenient. Moving to co. that warns. You warn on data but let customers get caught out expensively on minutes. Not good enough
Support: Have you considered increasing your tariff if you use more minutes than what you get? Let us know.
Customer: Ofcom rec'd that you warn https://t.co/xcwgh7DUb2 dont because bill shock is more lucrative. Will reward more ethical company by buying extra fm them
Support: Again, we're sorry you feel this way. We'd hate for you to leave us.",
7eedff35282d2fe31b0e0bc892507890,AskTarget,"Customer: 4 dents on the refrigerator I bought today. Offered $20 but would not exchange me a new one? #loyalcustomer https://t.co/rUUazF4dkY
Support: Our apologies. Which location did you purchase the refrigerator? Please see this link for return info:  https://t.co/1GRF4J2ynL
Customer: I saw it!It's the lack of customer service when I called.Just wanted a non dented one sent to me! Could not wait a day to return
Customer: @AskTarget We don't uae Target or Walmart , this being one of several reasons why.",
401d5acc77d4e048d259fee95db18362,sprintcare,"Customer: Hold on to the feeling. #LaborDayWeekend https://t.co/UIxysAwNX8
Customer: wow
Support: Thanks for reaching out to us. How can we assist you today? Please let us know. We're here to help. -SA
Customer: Thanks u",
0bc1d36c977d9f7c8f2eae8da390f183,GoDaddyHelp,"Customer: Contact @116068 for more information about Get Found or support issues with the @60769 or @461363
Customer: @116068 @60769 Can someone contact me?  I spent 2 hours on the phone 2 weeks ago to get my account closed and it's still up!!
Support: Hi, one of our agents has to reach out to our Advanced Technical team to close your account. You'll need to call support again.",
627e30b57d1593e48acebf8d17f95505,AskPlayStation,"Support: We're aware that users are experiencing issues logging into PSN. Thanks for your patience as we investigate. https://t.co/oLLCoPwIE1
Customer: @202771 I am having trouble with loging in account: swatone
Support: Hi Max! Please let us know the exact error code or message that you receive when you try to sign in to your account.
Customer: Thank you but we fixed it :)
Support: Awesome! We are here to help you out whenever you need our assistance!
Customer: OK thank you
Support: Anytime!
Customer: :)",
8bca7a1378eb8faab379dd56d759aabd,AskPlayStation,"Customer: Hello I have an issue with my ps4 and I'd like to get some quick help
Support: Hi there! Please let us know the exact issue that you are experiencing.
Customer: @96499 Well PlayStation bot I'm on the east cost of the USA and it says y'all are under fucking natnience
Customer: @AskPlayStation Watch your mouth!",
890a427668c60798b109fc0b89956a66,YahooCare,"Customer: Hey @107505 yahoo has you listed from Brunswick, Ohio. @10676 has let me down!! #teambrunswickga
Customer: @10676 https://t.co/Zpl4urPhFT
Support: I checked both apps, and the full site but see GA everywhere I look. Can you provide clarification on how you got to that?
Customer: @107495 I asked Siri on the iPhone",
a3a9bee5cca18a99e1ab5ccd016e3e49,,"Customer: ugh.. Help! My MacBook Air thinks I have a Bluetooth Keyboard and trackpad are frozen #applehelp https://t.co/9RzVI3XaFs
Customer: @AppleSupport Hi! I was searching around Twitter to see if anyone has the same problem that I currently do. My Mac is doing the same as yours. I was wondering if you were able to get yours fixed? My Apple store isn't close and I don't want to go all the way there to find out it can't be fixed.",
1793ea224821e75fc5df2cb2c8aebe3e,KFC_UKI_Help,"Support: Welcome to our new Customer Care page! We are here to help you until 10pm, 7 days a week.",
2dd4cebda9d9bf9c26e48f7a84bb7779,AskTarget,"Customer: why do you hate Vermont :(
Support: We love Vermont! We haven’t previously been successful in overcoming the concerns of the community and gov leaders there.
Customer: Thank you for coming through, y’all are the best ❤️",
3bebb519106724b068a66eae3bf9ac46,SpotifyCares,"Customer: i love spotify but spotify premium costs too much
Support: Hey! If you haven't had Premium before, you can get our 30-day free trial at https://t.co/WB5TSxRfDe /CA
Customer: yeah but i dont wanna give out my credit card number bro
Support: Hey Jimmy! If you cancel the free trial before it expires, you won't get charged. You can find the steps here: https://t.co/vQ84Itly5L /LO
Customer: It still asks for a card though,, and I don't have a card.
Support: If you don't have a credit card, you could give other payment methods a go. We have more info here: https://t.co/RywgYiE2hX /DR",
357a0729f3eec182197d8b6f31de41d0,IHGService,"Customer: Because it’s always #coffee o’clock. #Staysmart Pictured: Holiday Inn Express &amp; Suites Aurora - Naperville https://t.co/gUaoFWJxOA
Customer: All good except my expensive outer jacket disappeared from the room. #checklostfoundholidayinnaurora
Support: Sorry to see this. Pls DM us with your complete booking and contact details so we can follow-up. ^jl https://t.co/2rT0l9N9Cu",
4633a1c64286c75fb251a021423b2169,AskLyft,"Support: Please feel free to contact our support department by visiting our website at https://t.co/r4iGZmawS7.
Customer: Call me at3133340070
Customer: I live in Detroit,Michigan I want to re set my application for express rental I paid $250.00 holding for services did you want copy of DL
Support: Please DM us so that we can look into your account. https://t.co/SXpdictw1A
Support: Please DM us your account information and we'd be happy to look into this. https://t.co/SXpdictw1A",
4d6ce88b532ea0482d008d16def563d6,Ask_WellsFargo,"Customer: .@116827 instructed some of its employees to stop cross-selling products to customers. https://t.co/0GDp9Dz4ji https://t.co/ZRTZc1QYiH
Customer: @116827 / Wells Fargo  stole $250  out of my savings, Im disabled and had a hard time  saving that money, they're crooks
Support: We can review your account, Larry. Pls DM us your full name, phone #, and address (no acct #). ^NA https://t.co/ZeoisfT5sw
Customer: , Larry Carmody
 P.o. box 1413
Key Largo Fl
33037
Support: Hi, Larry. Please delete your tweet which contains your personal information for security reasons. DM us your updated phone number so that we can proceed. ^HE https://t.co/q1oBDuYAdh",
5d899189508d1fa37f79795555e192f7,ATVIAssist,"Customer: Hello I have a problem with a game black ops 3
Support: Hi there, how can we be of assistance today? ^SP
Customer: Oh thx no problem",
d764026c70e8d9ffbbe6dee56bb219e5,British_Airways,"Customer: Been on hold with call centre 30 mins is this normal?  I spoke to someone 20 mins ago said he'd put me on hold for 2 mins!
Support: Sorry for the delay, Mark. Did you manage to speak with someone? ^Jamie
Customer: 1.5hr to reach u told I didn't need to contact although I received an email telling me to contact BA __email__
Support: Hi Mark, sorry what do you need help with. We're following you if you want to DM us. ^Jane
Customer: Brilliant example of customer service - use a load of technical social media language and assume you customer knows what to do with it.
Support: We're sorry for any offence caused, Mark. We'll pass your comments on as feedback. ^Steph",
4eb544060a977bd905a6dacce9361d06,GloCare,"Customer: I got this again after the first message sent to you pls explain all to me @GloCare https://t.co/BGF3b0OOT1
Support: Kindly forward your number for clarification. SO
Customer: 08079974767.Thanks
Support: We apologize for any inconvenience you may have experienced. Please describe the exact difficulty. Thank you. UO.
Customer: No issues... Just want to know which match you guys are showing for us tonight",
f342b7f9968ab514b1b05d8c17109f40,HPSupport,"Customer: HP Spectre w/ Intel Core i5 - Power has never looked so thin. Get yours today. #ReinventObsession https://t.co/Pp31yT37qp
Customer: HP sucks!  My husband insisted our last 2 computers be HP.  He says that they are the best.  NOTHING but problems w/ both!  Such CRAP!💩💩
Support: Hey there! Maybe I can help. Do you have the product number and Windows version? What is wrong with the computer? ^Tyler
Customer: @HPSupport @173014  I replied to your email and never heard back.
Customer: @HPSupport @173014 Where do I bring it? I live in Saint Pete Florida.",
4ed5a8a5e27bdc14d3155d6d70b9066a,sprintcare,"Customer: .@115714 @sprintcare I'm guessing from your lack of response that you don't care to address the poor customer service I experienced 9/11
Support: We hate to know you feel this way. We apologize for any inconvenience caused. What seems to be the issue ur having? We care.SO
Customer: . @sprintcare @115714 2nd Insisted they could not activate nexus 5x or 6p when I know it is possible &amp; instructions are on https://t.co/4xQfn9RFMx
Support: Hey, thanks for reaching out to us. Please send us a DM for further assistance. -RW",
91bc542cf4dbbedd0880be4689edb16c,Uber_Support,"Customer: has got me about to jump off a bridge. They keep messing up my account. #moretroublethanotsworth
Customer: Once again you've managed to mess up my name on my account. Who keeps messing with this?
Support: Happy to follow up! Contact us via https://t.co/ILb6VgllH9 so we can connect.",
4a958d5772f0deed56727e6809a5117e,idea_cares,"Customer: Idea broadband service is poor... pls stop services if you cant provide quality
Support: we regret the inconvenience caused. Please DM us your contact details so that we can assist you. Rgds, Abhijit
Customer: Idea broadband service is worst, unable to dial customer care no. from any VF no. shall i need to buy Idea services to call Idea callcenter
Support: You can also email us @ __email__.(2/2)
Rgds,
Darshan.
Support: Apologies for the trouble. Please dial our toll free number (18008331111/ 18002700000) for assistance.(1/2)
Rgds,
Darshan.
Support: We're awaiting for your response to resolve ur issue. Pls provide the same within next 24 hrs. Rgds, Idea Care",
68bb2321db0a7fbce3c2a45d008268bf,ChaseSupport,"Customer: do you sell shirts with your company name on them bc i would buy several
Customer: ^^ please let me know about this
Support: Thanks for reaching out to us. We don't offer any shirts for sale at this time. I'll forward your request to our team. ^AW
Customer: any updates on this front?",
7dbf55bc7c1bac8c49e09a57cd7c58b7,sainsburys,"Customer: I thought @sainsburys had agreed to stop selling the Sun in Liverpool... confused to why there was some on sale in central yesterday
Support: Hey Tom! Can you confirm the store for me? https://t.co/OLFq3Eg2f3 I'll feed this back to the team. Thanks, Ash.
Customer: sainsburys local - central station
Support: Hi Tom, this one: https://t.co/VRGF9EG42K? Amanda.
Customer: yeah
Support: ...However, we must equally respect the choices of those customers who do wish to buy the newspaper. Ash. 3/3
Customer: @759372 Better late than never!",
23505d492b91a116609cd11fcecc8827,ChaseSupport,"Customer: This is getting frustrating! Whats the point of having me put in my password,make me update,then put my password in again? https://t.co/8bc3hme8A6
Support: Hello, we understand your frustration. Can you please uninstall and reinstall the Chase app? Let us know if this works. ^WP
Customer: it has worked sorry for late reply
Support: That sounds good! Please let us know if you ever need any assistance. We're here to help. ^CA",
7ca84f7de225bcb643f19c479ffee1fe,NikeSupport,"Customer: Buenos días. La App no registró mi actividad física. Edite los datos pero no los sincronizó con Nike fuel.
Support: Hola, te sugerimos que nos contactes en https://t.co/Eps2PFzjll para llevar un seguimiento de tu caso. Saludos.
Customer: Ya está solucionado. Muchas gracias",
077d1e35bd7d1756ae788d4e264e8183,AmazonHelp,"Customer: Hii i bought a psn card like 1 hour ago but the status still in pending verification whats the problem?
Support: Pending Verification means we are verifying the payment method, digital orders can sometimes take a few hours to go through. ^SF
Customer: Is 7 hours normal for Xbox codes? It was bought with amazon gift codes? 2 x £50 @ 9am today.
Support: I'm sorry for the delay! The Pending Verification status can take up to 12 hours. Please keep us posted! ^TR
Customer: Ah OK brilliant, thanks for the info, couldn't see it on an FAQ.",
440e3c063d8318c976afb8067308b5a5,AppleSupport,"Customer: how do I delete apps if this is what shows when I press and hold an app https://t.co/R47Tz6nsA7
Support: We can take a look at it. Which device and what version of iOS are you currently using?
Customer: iPhone 7, 10.0.2
Customer: @AppleSupport Maybe a good idea to update to iOS11 too #JustSaying
Support: In iOS 10, touch and hold the app lightly until it wiggles. If the app doesn't wiggle, make sure that you're not pressing too hard.
Customer: @AppleSupport Maybe I couldn’t in TWO THOUSAND SIXTEEN
Customer: Wiggle like this🤔
Customer: @414169  https://t.co/HDb2OrI9OU
Customer: oh wow!! I didn't know the phone could tell how hard I was pushing down. That's amazing, thanks!
Customer: @AppleSupport But u know #JustSaying
Support: We're so glad to have helped you.
Customer: @414172 Haha! Look at this",
f35120a3222430ef6e3670ad042c026b,AmazonHelp,"Customer: Heu ça marche pas le linkage de mon compte @120533 #premium &amp; @54689 #prime Nous ne pouvons pas activer Twitch Prime sur votre compte.
Support: Bjr et désolée :( nos équipes techniques travaillent sur ce problème, nous en espérons la résolution rapide! Merci à Vous :)  ^DY
Customer: Tjrs pas réglé les pb de compte ? car perso ça marche tjrs pas !
Customer: @AmazonHelp Salut ! Une solution a été trouvée ?
Support: Bonjour, rencontrez-vous un souci avec Twich Prime sur votre compte ? ^MH
Customer: Bonjour 
""Nous ne pouvons pas activer Twitch Prime sur votre compte.
Veuillez réessayer plus tard.""
Ça m'affiche ça lorsque je clique 
1/2
Customer: @AmazonHelp j'ai le même soucis, si tu as trouvé la solution, je suis preneur
Support: Bonjour, je suis désolée pour cela. Je vous invite à contacter le service concerné via ce lien : https://t.co/1thqWtqfOc  ^FA",
c47ed56933e7dfdb92665087ce0a6b06,Safaricom_Care,"Customer: i have bought safaricom line and unable to activate m pesa.
Support: Hi, DM the number, your name and id number we check and advise. Do you have the start key already? ^NJ
Customer: please refund My buddles I have purchased 75mbs .within a minute iam receiving a message my buddle balance is below 2mbs
Support: ...you to access billing here�https://t.co/YIF9X1BJXQ.�^KD
Support: Hi, please check tips on how to manage your data here�https://t.co/WGlXTp1nzl.�https://t.co/sMCd3Dap6C��We will also like...",
4dad4dd47e8414eca6fe00e791c85772,AmericanAir,"Customer: An ""emotional support"" dog is having a massive fart attack behind me on my @AmericanAir transcon flight. Nose plugs please! #emotionalfarts
Customer: 13 months later, guess who is on an @AmericanAir flight with emotional support dog full of farts? Fear not, tho! I now use American Way mag!
Support: Is it the same dog celebrating the anniversary?",
6a46b8f208c490350bafe67f0a7e72d3,Uber_Support,"Customer: توصيلة مجانية من اوبر https://t.co/JFieRkyiO6
Customer: @Uber_Support I need to make a complaint against one of Uber drivers in Egypt. Whom should I contact
Support: We want to follow up right away, Sam! Please send us a note at: https://t.co/sKZsBXPxp7 and we'll connect ASAP!
Customer: You simply care about the system more than you care about customers , I will not continue playing your stupid game
Customer: Ok , after couple of days of exchanging emails and messages it appears to me that UBER support is a myth .
Customer: I will delete the app and I will never use it again because I am now sure that your support system won't protect me if anything happened
Support: Hey Sam! Can you please send us a note with more details so we can follow up. https://t.co/BkapG4aV5P",
833028d4396d31066a186c1e48da57d1,hulu_support,"Customer: Please, one of you, get The Fresh Prince of Bel-Air. @116602 @115940 @115821
Support: We'll share your request for The Fresh Prince Of Bel-Air so you can chill out maxin' relaxin' all cool on Hulu.
Customer: Guys, c'mon",
ced1e1bb7ae8715f5a3b7a9c7fcab352,ChipotleTweets,"Support: Call of Chorizo: Modern Bowlfare https://t.co/sXkjUWwbiE
Customer: BRING BACK CHORIZO
Support: It may be gone, but not forgotten. -Tay
Customer: Lol you forgot it with the queso stop lying",
987974f9966d946d296df8684dd7371c,Safaricom_Care,"Customer: their is alioe i misplace .i tried to renew but it was in vain that noz is 0792166439 id noz 33041721
Customer: call me for money reversal 0725601711
Support: Apologies for delayed response. We believe that you have already been assisted with the reversal. ^KL",
9e5a1282a2176d88be14b804ad81fdcf,Uber_Support,"Support: Issues with in-app support &amp; https://t.co/9zsMJLgD59 are now resolved. Still having trouble? Send us a DM so we can help.
Customer: my app isnt adding up my rides and hasnt all day. is that resolved?
Support: Should be! If you're still unable to see these on your account tomorrow, send us a DM so we can take a closer look.
Customer: @579654 si soy ramon daniel benitez gracias
Customer: @579654 Nesecito que me Ayude a abrir mi aplicacion
Customer: @579654 Me podrás ayudar",
fede3ffb15a5ee65bee32103b147a8c6,GloCare,"Customer: av defrauded me by debiting my post paid line with a borrow me credit charge claiming I borrowed in May and they deducted in Oct.
Support: Kindly provide your phone number for checks. Thank you for your patience. UO.
Customer: ""@GloCare: @577670 Kindly provide your phone number for checks. Thank you for your patience. UO."" -- 08075919907
Customer: @GloCare Boss",
700ba15209c8f8f0d6c00d19ebe703b4,AskVirginMoney,"Customer: Yo @122467, tried to register my credit card within #AndroidPay and it's flagged as an unsupported card. Any plans for support?
Customer: Hi Craig. We're looking into Android Pay, but no news yet. We will post any updates here and let our cusotmers know too. Thanks ^SM
Customer: Has this happened yet? I don't understand what the hold up is!
Support: We've got no news to share yet but we'll be sure to post here if that changes! ^AR",
10f9fe3ae08e7f70b798f782184a43ff,Safaricom_Care,"Customer: plz call u Hv my no in dm
Support: We have replied to your DM. ^WP
Customer: can't access it need ur @12286 to call
Customer: @Safaricom_Care @12286 nk onln afv",
5a367bad5af3347f6936313cd87b5d45,AppleSupport,"Customer: Is family shared iCloud storage a functionality I can't find or is this something that doesn't exist (yet)?
Support: We'll happy to work with you and answer your questions. Please DM us where we have more room. https://t.co/GDrqU22YpT
Customer: Did this become a thing yet? I think it did but I can’t find it.
Support: Hello. This is true. You are now able to share iCloud storage with your family. Look here: https://t.co/TnyKbijxSd",
b4dee53c65f257205c570dfffc50cd6d,BofA_Help,"Customer: live in Venezuela and i  need transfer money to another account . I have never done this before.
My debitcard expired
Support: I'm following up to see if there is anything we can do to help. Please DM the requested info if you still need assistance. ^dw
Customer: my name Luz del Rosario Flores Zip code 37179 phone usa 6157907812 phone Venezuela 00584143068106
Support: I called and left a message for you. Please DM the best time for me to reach you so we can see how we can assist. ^dw
Customer: i could call customer service from Venezuela to usa and they solved my problem. Thank you very much for your help
Support: Thanks for letting us know.  Our International Collect # is 315.724.4022.  Please let us know if you need further assistance. ^dw
Customer: i ask for.a safepass the 28th of december when i Will received It? Thanks foro your help
Support: Hi Luz. SafePass cards may take 7-10 business days to receive. For more information, please visit https://t.co/zH7xYi13Me . ^da
Customer: thank you very much for your help
Support: You're welcome. Enjoy your vacation. Have a wonderful weekend. ^da
Customer: good mornings. I have a checking account in usa and plannes to travel to Madrid. Can i use my debit card there?",
f0e0fd588313af2494ebd36617389c2a,NikeSupport,"Customer: Nike Air Zoom Structure 20. It’s stability that’s not slow, fit that’s not fickle. Shop now: https://t.co/6PGV2PbDIl https://t.co/awa92e80r4
Customer: .@129913 I will keep writing every day until it is put back! We need that cheering feature! Put it back, I tell ya! Put it back!
Support: We appreciate your input. Your suggestion has been passed on to our team.
Customer: In Android, how does the auddio cheering feature works? There is no social media sharing option there. I activated it but, now what?
Support: Here to help, Javier. Just to clarify, are you looking for your friend to send you Cheers while you're running?
Customer: actually, was aiming for people from my faceobok/twitter accounts. Is there a way to do that?
Customer: Hi Nike Support! Me again! Thinking you may have missed the last message. Is there a way for my facebook/twitter followers to cheer me up through these platforms instead of through the app?
Support: Please give us a call at 1-800-379-6453 (8a-5p PT, M-F) to assist you further, Javier.",
a986da43f1ba614d648cbf6e8ccb061a,AskPapaJohns,"Customer: Last time I asked for refund from a restaurant was five years ago.  Your pizza was that bad.
Customer: Papa,  I need the refund quickly.

@713
Support: We're so sorry to hear that! Please DM us your contact info and we will open a ticket. Thanks!",
449bac84076611cb2e53e2b502e3f826,ChaseSupport,"Customer: Any updates on your Microsoft Wallet support? It's said ""Coming soon"" for a while now. https://t.co/C2BU3Z1WSH
Support: Hello, we plan to support Microsoft Wallet next year. Please follow us for updates. ^MM
Customer: @205898 I'm also a Windows Mobile 10 user, who is a long time Chase customer that would love to have Microsoft Wallet support added.
Customer: @ChaseSupport I think it's safe to say at this point that if it hasn't happened yet, it'll never happen.",
2a4a9d52e80271628db3a1759e0fc2cd,SpotifyCares,"Customer: when will the lyrics feature be available again? been off now for ages :-(
Customer: Lyrics are Still unavailable lol
Support: Hey, we hear you. Any updates will be posted at https://t.co/osebD49Qxe. We'd recommend voting to support the idea, too 🙂 /AC",
af0a77b0eb6b72d0bb9b3a1e4d902a1f,Safaricom_Care,"Customer: hi my mpesa pin blocked yesterday and have been trying to reach u but no response. please may you help to unblock..
Support: Hi, kindly DM your affected number, full name, id number and mpesa balance we check and advise. ^KT
Customer: 0706556830, Johnstone mutinda kimeu, 29431261, balance is around 1200
Customer: thank you for your assistance
Support: Very much welcome.^LA
Customer: hello, how can valid storo bonus be depleted before been used up??
Support: Hi,DM us your number we check and https://t.co/qU3JuKHXEK can also register your number here https://t.co/YIF9X1BJXQ  to check billing.^UA",
3c04dfcbf452de582007c55d67331346,,"Customer: Wells Fargo Chairman, CEO John Stumpf retires; Board of Directors elects Tim Sloan CEO, Director: https://t.co/RgDNYmm1U5",
94c92c5342d7ffe46232bde11d56c3ae,Ask_Spectrum,"Customer: Worst service and technology ever! Mid 90's dial up speeds for weeks, and no end in sight!
Support: Russ, Our apologies for the service issues. Have you tried the troubleshooting steps found here? ... https://t.co/KtVb7ghnEI
Customer: How will resetting my modem fix YOUR network??? Been there, done that!!!
Support: We'd be happy to look into any service issues you may be experiencing. Can you please DM the name, phone #, and the full service address on the account? ^LG",
dde28c4f1f02239c00712b25c4bd1f5c,sprintcare,"Customer: Can you switch a Verizon phone over to sprint?
Support: Good morning. Allow us to ask, by phone do you mean the phone number or the device? Let us know to further assist you. WR
Customer: The device
Support: Hey Amy! Please shoot me a direct message, so that I can further assist you. - LP",
933cc10051289ecf2547d8920a09bba8,GloCare,"Customer: An iPhone made you do that😂😂
You no go like use your android in peace 😴😴
Nasty behaviour mehn 😴😴 https://t.co/mjkt7Xn142
Customer: @85257 since 4:30 I've been trying to watch this video but @117627 @GloCare won't allow me and it's on 3G o
Support: Good evening, we apologize but please check your connection settings, data balance, select 3G only and retry. Thank you-SG
Customer: what next sir/madam https://t.co/whJpLIchHt
Support: Good evening, we apologize but please check your connection settings, select 3G only and retry. Thank you-SG
Customer: H+ is 3G abi? 6225MB is 6.2GB abi? Still not enough to watch ordinary twitter video 😪just kill me na https://t.co/zLvXSY4HsO
Support: We apologize, again, check your SD card memory level. Thank you-SG
Customer: is this available storage space enough sir? Or should I buy a hard drive https://t.co/DVI4EwmfBm
Customer: @632500 Memory level for network service??..what???😂
Customer: @GloCare Ah hahahaha hahahaha hahahaha... This man sef
Customer: @GloCare @632500 Memory level for data network 😂😂😂😂",
801fc399d509f26c9b11992193609abd,,"Customer: Xbox oneise, where can I get one for my 9 year old son @117331 @115786 @XboxSupport @204967",
70ccf001e42cc3dfd5802108deb72f44,ChipotleTweets,"Customer: #Chiptopia paid off 😍😍😍 https://t.co/KSOrj4NMDV
Customer: Bring back #Chiptopia, @ChipotleTweets https://t.co/xnmvYPJnwV
Support: No plans for round two of Chiptopia. Sign up for our text/email blasts so you're first to know about new promos/freebies.-Sam",
e4c322290e2332820611965ee694cb93,Safaricom_Care,"Customer: Hi kindly assist me to replace my line my no is 0728685590...lost my phone n I can't remember my previous pin
Support: ..we will call and assist.  ^KW
Customer: Hi av been trying to open an mshwari lock saving account but inakataa kindly assist
Support: M-Shwari system has an issue and we are working to resolve with the utmost priority. Our apologies. ^KD
Customer: Av tried the same thing today but stl it ain't working what might be the problem?",
5d4d79fc1d04480421732385a518d36d,sprintcare,"Customer: Life’s better when shared. Buy one LG G5 on Installment Billing &amp; get the 2nd one on us. Make someone’s day. https://t.co/I0zB1Nnu6A
Customer: Life' better when you don't sell thousand dollar, carrier-locked cellphones to an unsuspecting consumer. If you ask me.
Customer: @115714  1
Customer: @115714 I ain't gonna argue with ya: you gonna find out the hard way
Support: @815754 Please let know how we can assist you? We would love the chance to turn your experience. CM
Customer: @815754 You love 💰 💰 💰. Don't try your lame fronting on me. I spoke with Steven Shoecraft - said too bad so sad @115714 sucks!
Support: Allow us to help. DM us your mobile number and a brief explanation of the issue you're experiencing. We are here for you. AD
Customer: And your coverage is stil sporadically impaired geographically
Support: How long have you been experiencing issues with your service? Are you having difficulty with your calls, texts or data? - JF",
9927c9a0558395b6b2d7a2e8868392fc,AmazonHelp,"Customer: Hello @115821 ,received an email about my order not shipping because I have to fax you information. I do not have a fax. what do I do ?
Support: A friend, family member, or a local business may have a fax machine available for you to use. ^JR
Customer: Well not that I know near me. 
Why do you need that ?
I just wanted to order and now my account is locked !
Support: Our Account Specialists will be able to assist you better with this. Please be sure to fax them all the requested info. ^JL
Customer: Well it seems it has been fixed. 
Thanks for the fast answers.
Customer: @AmazonHelp wait did you fax the information ????",
20752e4c2a58ee3072a554354e485ca6,Delta,"Customer: I need help with scheduling multiple trips between ATL &amp; DXB
Support: Hi Ed. Please reach out to our Reservations team at 1 800 221 1212 and they will be happy to assist.  *CM
Customer: I had a very bad experience with my Delta flight in July this year.
Support: Hey there Ed, we're sorry to hear of this, and apologize if our level of service fell short of expectation.  *TLT",
20b28cf4b37f1cdf7d6959215b8a79c3,AskPlayStation,"Support: We're aware that users are experiencing issues logging into PSN. Thanks for your patience as we investigate. https://t.co/0H0knweLYq
Customer: I'm having trouble right now!!!!!
Support: Hello Terry. Sorry for the delay. How can we help you today? Please provide us more details.",
502cc2c94be1a7c4ca7ef25b8b50bc04,TMobileHelp,"Customer: Got my #Pixel! Popped in my @115911 SIM &amp; it WORKED NO PROBLEM! LET'S ROCK! https://t.co/dsCbe4jvup
Customer: @632 @115911 I hope yours works better than mine. For the 2nd time MINE DIED!
Support: Hey Linda! DM us and we can take a look to see whats going on! *MelJ",
44a0a005daad4f8d93664ea57578c698,AppleSupport,"Customer: when ur mom reads ur emails https://t.co/2Gdm38DnSL
Customer: how am i️ just seeing this now omfg
Customer: @115858 @AppleSupport how do I fix this. fuq ios. 11 https://t.co/zu7RJBORSU
Support: We've received your DM and we'll be glad to follow up with you there shortly. https://t.co/GDrqU22YpT",
6806c346d8435a86d44bc0dcde55a122,Safaricom_Care,"Customer: thanks for your concern to customers
Support: You are welcome and we appreciate. ^AO
Customer: Hae customer,I have tried to access my mpesa services but am told it is unavailable kindly assist me,
Customer: Hae customer,,kindly give me direction on how to set my bonga pin,,I have tried several but all in vain
Support: Share with us via DM your number, names, ID number and m-pesa balance https://t.co/jF6LqBUAqM ^ED
Support: Hi, dial *126#ok then set Bonga pin. If unable to, DM your number and the error message for assistance. ^MC
Customer: I have done the same as you instruct me but it fail...""error is that,your ID number and my last direct last top up amount does not match,,advice me""0716855581
Support: It was great talking to you Hillary. ^MU
Customer: thanks customer I appreciate your concern to us as customers,,I was fully assisted,,
Support: We appreciate your continued support. Thank you. ^NO",
33831a6005613442a4dfed4e0945ab1f,AmazonHelp,"Customer: i ordered a redmi note 3 by date 4/10/2016 wd order no 404-2154343-7283502  bt next day i got sms by amazon dat ur order are  cancle
Customer: @AmazonHelp  

￼
I am unable to connect customer care on its number. How can I talk to receive duplicate bill.
Support: That is unsusual, Kamal. Did you try reaching out to us via: https://t.co/JI6wnUFaHE ? ^KS
Customer: I try everything but don't contact customer  care service
Customer: How to get duplicate bill ouer old mobile phone
Customer: I don't get customer care service to get ouar salutation
Support: We understand your concern about the invoice. Please refer here: https://t.co/cjTy9s9i4a for steps to download invoice. ^SV
Customer: From my Oder don't show invoice",
14f2d3e5f33b207981e2e7a342c6f676,ChipotleTweets,"Customer: When u and bae are obsessed with @ChipotleTweets https://t.co/n5VtTVrKmF
Support: This is the best! -Tara
Customer: @479414 I made this gimme free burritos pls",
36a022de82791c2f1d5a4153eb656de2,ChaseSupport,"Customer: PAY TO PLAY. https://t.co/nC7KkHDtGX
Support: For security, please delete your public message containing the personal information. Thank you. ^MS
Customer: @424330 LAUGHING MY BUTT OFF! HA HA HA HA HA
Customer: @424330 Ha ha why?
That way a thief can know what it feels like being stolen from
Support: Hi, we see you mentioned us in your tweet. Feel free to reach out if you should have any account-related questions. ^JO
Customer: @424332 Jo, I Believe We've Got All We Need",
a274115e1d6a7a93230cabe45011b1a8,Tesco,"Customer: Dear @Tesco, just a few hours have passed since I left London, but I already miss you + your £3 meal deal. Why aren't you coming to Berlin?
Support: We miss you too Pat! Are you planning to come and visit again soon? - Lloyd
Customer: Hi y'all, I'm back and so happy to spend all my money on your £3 meal deals &lt;3",
224d4024bb709bb2fc45fe594dbc5c08,AskLyft,"Customer: We’re testing two types of membership passes in select markets to help you save on your November Lyft Line rides: https://t.co/fW2Bk6wjNF https://t.co/fhpL3nIUrg
Customer: Do you guys offer a flat fee, monthly pass for lower rates like @115873 does?
Support: Hi there! Please DM us with your phone number so we can further assist you. https://t.co/SXpdictw1A",
1aa5b78b78b7867b4d74a62c55b16e7f,AskLyft,"Customer: Hi @115879. Rode w/Tashi (E993819) this morning from 9:18-9:44 this morning and am disappointed to share that he ran over my foot. Refund me.
Customer: Never did get any sort of compensation or reimbursement for this.
Support: Were you able to reach out to our Critical Response Line about this?",
409963d5344f7db01bc5e5cbb7e601b6,McDonalds,"Customer: discontinued snack wraps? Why did I have to find this out in the drive thru line. Why didn't you tell me? Now I just look stupid
Support: We like to evolve our menu, so we change it up from time to time. Hope you find a new favorite!
Customer: aye I just want to say thank you for bringing back the snack wrap. I forgive you guys for ever taking it away",
017dac085631960ad9b903d623362a08,AskLyft,"Customer: Limited offer! New users, enter code 50TWITTER for up to $50 in free ride credit. https://t.co/KFBguwL7tl
Customer: The promo won’t work for me even though I know I never used Lyft before. My account even says member sine Nov 2017 and I have no rides on record.
Customer: hi Lyft, hey I used this offer, got $5 discount twice and no longer am getting it. Whats up with that?
Support: Hi there. Can you DM us the phone number associated with your account and the promo that you're trying to use? https://t.co/SXpdicL7qa
Support: Hey there! Can you please DM us the phone number associated with your account so we can look into this for you? https://t.co/SXpdictw1A
Customer: Problem resolved, thanks! Great customer service.
Support: We're so glad to hear that, Glenn! Please let us know if we can help with anything else. https://t.co/SXpdictw1A",
a2ad25a96d7bc3b554c7aa51950d9979,Delta,"Customer: Go on an adventure with your pup! https://t.co/bxiC2SuYJF
Customer: We just had a great adventure with our pup. Here he is passed out on his back flying home on Delta...Delta was amazing during the Thanksgiving Holiday. @Delta https://t.co/xOejYNfjBX
Support: That is awesome, thank you for sharing. Have a wonderful week.😊 *TBT",
755a2547b3949eb5ca9ca389bc4c3451,airtel_care,"Customer: How much is international call2USA using smart premier @118424
Support: Hello @481842, please be informed that you will be charged at 40kb/sec for the first minute while
Support: subsequent call rate is at 11k/sec to USA on Smart Premier tariff plan. Thank you.
Customer: thanks. What's the activation code
Support: cont1.. (USA, Canada, India, China and UK landlines) calls are billed at 40kb\sec and subsequent calls are billed at.. cont2
Customer: @481842 Unable get signal for prepaid sim no 9655506226 at USA guide us
Support: Hello @117128, kindly assist with stated issue. Thank you. ^Osebi.",
c7573da579b5a7771ed9069f32c51f0f,GloCare,"Customer: ur network here in Ugwuagba Obosi is too poor when I said poor
Very poor I shouldn't have wasted my money on ur sim
Customer: @GloCare Super terrible bro I have to stand at a place for hours to do anything
Support: @220599 Our sincere apologies about the issue. Kindly send in the exact location (with landmarks),and number affected,for escalation. CA
Customer: @220599 Maybe I should pay for the biggest billboard in Nigeria and paste my number before you do anything
Customer: @22__credit_card__ Ugwuagba obosi
Support: @220599 Hello Shalom. Please DM the requested details with the issue reported for assistance. We are following you.  TT
Customer: @GloCare Yea  Ugwuagba obosi but am no long using glo
Support: Our sincere apologies about the issue. Kindly send in the exact location (with landmarks),and number affected,for escalation. GA",
ec6e70d3ad85392ef841206faf8f3726,British_Airways,"Customer: Lounge at MCO this evening is an overcrowded disgrace. May have to cross the rubicon to Virgin after many years flying BA.
Support: Hi Nick, we're really sorry to hear this. What time were you in the lounge? We'd like to feed this back. ^Sam
Customer: 1800 to 1900 eastern.
Support: managed to relax on your flight. Hopefully you'll still continue to fly with us in the future. 2/2 ^Claire
Customer: 12 months on, MCO lounge still dirty/ dire /overcrowded last Saturday late afternoon / early evening. Sooner you roll out the improved (but painfully slow) Club dinner service from JFK route to all others, the better.
Support: hasn't happened although a myriad of other improvements have taken place in the meantime. We will get there, thanks for your loyalty. ^Hel
Support: Oh dear, I'm sorry your experience hasn't improved, Nick. I understand how frustrating it is when the one thing you want from us 1/2",
c8f1c3e2d50f170ef529ef47f0cf9135,sainsburys,"Customer: Halloween goths f**king love nectar points! https://t.co/rHr0e58vke
Customer: These guys were back this year minus the Sainsbury's bag, I tried using MY nectar card to lure them on the dancefloor. Didn't work
Support: I'm sure they still love their Nectar points. Steven",
ca3bc7bd002d9de34159cc891d94d0e6,Delta,"Support: Good morning, Steven. I'm not sure if you are still following us. Please DM us for a private message.
Support: Please DM us for a private message.  *JH https://t.co/6iDGBJAc2m
Support: @20102 Please DM us for a private message.  https://t.co/6iDGBJAc2m *JH
Support: Good morning! We are Looking forward to seeing you this morning, all is well with your flight today! Have a terrific Tues. *CL
Support: Hi Steven, let me know if you need anything! *CH
Support: @20102 ...JFK. Hope you're having a good day! *WG 2/2
Support: Good morning, Steven. Have a great flight today. If you need us along the way, please don't hesitate to let us know.  *SB
Support: Good morning. If you need us, please follow us for a private Direct Message.  *HJH https://t.co/6iDGBJRMTU
Support: Good morning. If you need us, please follow us for a private Direct Message https://t.co/6iDGBJRMTU *HJH
Support: @20102 Good morning. If you need us, please follow us for a private Direct Message https://t.co/6iDGBJRMTU *HJH
Support: Good morning. If you need us, please follow us for a private Direct Message https://t.co/6iDGBJRMTU *HJH
Support: @20102 Good morning. If you need us, please follow us for a private Direct Message https://t.co/6iDGBJRMTU  *HJH
Support: ...you need any help! *HWG 2/2
Support: Good morning! Great to see you today, your travel is all on time! Please Tweet us if you need us :) ^HCL
Support: Good afternoon! Great to see you flying with us today. Your travel is all on time! Please Tweet us if you need us :) *HJH",
6cc34cb5cb012f6f957e5409e37d5b8e,ChipotleTweets,"Customer: Hey @ChipotleTweets my brother and sister(in law) like you  guys so much they made their baby one of your burritos for Halloween https://t.co/xGVahaEist
Customer: Y’all remember last Halloween when my niece was a chipotle burrito? Me too. 
Can’t wait for this years costume
Support: Think it will be Chipotle related? -Tara",
c564db2affcac70b6bc9b0c9934f2995,Delta,"Customer: trying hard to make reservations but keep getting thrown off website prior to completed transaction. Suggestions???
Support: Hi there. My apologies for the troubles. Please reach out to our Online Support team at 1 888 750 3284 and they will... 1/2
Customer: Unable to complete reservation using iPhone or iPad. This happens every time. I've re-downloaded Delta app twice. No change. Suggestions?
Support: ...them by calling this number: 1-888-750-3284. *AFM 2/2
Support: I am really sorry for the trouble. We have our Online Customer Support Desk to help with navigational assistance. Please reach out to... 1/2",
94c854ad167712b912bce1ab397bfc32,GloCare,"Customer: Pls can you help us look into the problem of very poor Network on Glo.My data is just wasting away.
Support: may we know the exact challenge experienced? OO
Customer: Generally the network thus days us very poor.My data us just useless.It takes years to use FB,watsapp.
Support: We apologize, kindly provide us with your phone number, exact location and duration. MZ
Customer: 08053135690,ikorodu (ibeshe),over 3 Months and still counting.It is pathetic and annoying. Pls do something urgently
Support: Please provide exact location(address), land mark, device type, LGA, we apologize. SG
Customer: I said at Ibeshe in ikorodu Lagos.Lumia 352 phone.....This is exploitation
Support: Issue escalated for assistance, we apologize. However, be informed that you are still using 8110064992's data plans. SG
Customer: what is this data plane you said I am using.Pls. resolve the problem so that I can do whatever I want to do faster
Support: Your data plan is Pre-Active. Send FLAT to 1234 for configuration and save it to get connected. You are using shared data now
Customer: I have send the FLAT but nothing is happening.I tried it but did not work.This us not fair,in my own country?..no no
Support: The data you subscribed to is Pre-Active on your line.  Dial *127*0# to check.  TT
Customer: why is it pre-active?.i bought the package of one month,and here you are telling me it is pre-active...WHY
Support: Your complaint already escalated for location's review, we apologize. SG
Customer: once again it is disheartening that you took away my money when I still have bonus,this happened about five days ago
Support: Hello Richard, may we know when this deduction to place and how much was deducted?  TT",
90f3a0035a3100028c1a38dcfc3a2f04,NikeSupport,"Customer: Since Oct 18, runs stopped syncing from @30474. Know anything about that? https://t.co/3ztpXnIb2a
Support: We're here for you. Can you please send us your Nike+ email via DM? https://t.co/dsJjx1OYXB
Customer: @166750 Same problem for a week already, can you support please??
Support: Let's figure this out. Can you pass us your NikePlus email via DM? Click the link below. https://t.co/dsJjx1OYXB",
4b0cf957e72b97ac5ae007b59b46248f,O2,"Customer: So annoyed that I left @118101 - the service provided by @O2 is awful - can't even complain as the O2 'contact us' page takes 10 mins to load
Support: This doesn't sound good, what issues are you experiencing exactly? Let us know so we can help.
Customer: service is so slow - 20 minutes to load a webpage yesterday. Only left @118101 as I was told @O2 service would be comparable. It is not.
Customer: @O2 @118101 I just switched from @118101 to @o2 and I'm having the same issues!!!
Support: What issues are you having? Drop us a DM with more info and we'll be happy to look into it ⬇ https://t.co/5pyLDJBC6r",
4137a205321fa3e0e588a50a45c5e7b0,AskPapaJohns,"Customer: Just ordered @116076! Use promo code PAPATRACK for 25% off your next regular menu price order. US/Online Only. #PizzaMood https://t.co/795rUobrXx
Customer: I chose this gif because i literally watch the hours fly by after i choose delivery. My Papa John's sucks.  #NEVERAGAIN!!! TAKE MY DISCOUNT.
Support: We're so sorry for the wait time! Please DM us your contact info and store address. Thanks!",
907f17dad4e756473503d8727c4ed46d,AskPapaJohns,"Customer: Just ordered @116076! Use promo code PAPATRACK for 25% off your next regular menu price order. US/Online Only. #PizzaMood https://t.co/IHKA4OfU6Q
Customer: I want my 25% of damn it?
Customer: My #PizzaMood is not very good when I finally place my order and the delivery estimate is 120 minutes. I’m not kidding! Shame on you papa!
Support: You can use the code, PAPATRACK, to receive 25% off your online order at regular menu price, Tracey.
Support: We're sorry for the long wait time! Please DM us your contact info and store address. Thanks!",
2a53fa8d52f78f47d9331428e22629b6,AskPapaJohns,"Customer: Just ordered @116076! Use promo code PAPATRACK for 25% off your next regular menu price order. US/Online Only. #PizzaMood https://t.co/KZBK8LMway
Customer: Yum! Waiting on my pizza now (though it’s taking longer than projected on the app 😢) The hunger is real!
Support: We're sorry your order is late, Kandi! Have you contacted the store to check the status?
Customer: Yep and sat on hold. Pizza showed 20 mins behind schedule. In the plus side, we didn’t have to wait for the pizza to cool down before we ate it 🙄
Support: We're sorry to hear this! Please DM us your contact info and store address. Thanks!",
d31deb89a583277bf4f76c6dcef151e3,AskPapaJohns,"Customer: Just ordered @116076! Use promo code PAPATRACK for 25% off your next regular menu price order. US/Online Only. #PizzaMood https://t.co/KT7b9swQ8Z
Customer: #WhenYourPizzaIsMadLate
Customer: Waiting
Support: We're sorry your pizza is late! Please DM us your contact info and store address. Thanks!
Support: Hi, Chris.  Do you need help with an your order?",
c73e4a59f1f86cfa3ab0a5eee9587606,AskPapaJohns,"Customer: Just ordered @116076! Use promo code PAPATRACK for 25% off your next regular menu price order. US/Online Only. #PizzaMood https://t.co/IFx2ou8qrz
Customer: 48min-56min delivery time ouch! Papa must be busy and it’s not even 6pm
Support: We're sorry your order is running late! Please DM us your contact info and store address. Thanks!",
e293f8ddec4850677dd919ca101d8025,AskPapaJohns,"Customer: Just ordered @116076! Use promo code PAPATRACK for 25% off your next regular menu price order. US/Online Only. #PizzaMood https://t.co/9RGmEoVY42
Customer: Need vegan cheese and more vegan options!! 😍
Customer: You should fix your tracking! 18-25 mins estimated time, and it's been an hour and 15 mins and still no pizza🙄
Customer: Still waiting
Customer: ugh im so dead rn i just want my pizza can 20 minutes be faster
Customer: I asked for square cut well done. What is this? Crispy? https://t.co/KYyMNghTBJ
Customer: I love the real-time tracking of my orders!
Customer: Glad we have track your pizza now but I just wish they would get here on time! Every time they are late! Going on 10 mins late now
Customer: Why does is my pizza taking 109-119 minutes to deliever
Customer: Thanks @116076, had to cancel.  After waiting 1 hour, called to be told pizza just went in the oven.  Guess the kids won't eat tonight!
Support: We will forward your suggestion for review. Thanks!
Support: So sorry your pizza is late! Please send us a DM. Thanks!
Support: Derick, we're sorry you haven't received your order. Have you contacted the store to check the status?
Support: We're sorry your order is late! Please DM us your contact info. Thanks!
Support: We're sorry your pizza arrived this way! Please DM us your contact info and store address. Thanks!
Support: We're glad, Beth!
Customer: Never mind they just got here.
Support: We're sorry your order is late! Please DM us your contact info and store address. Thanks!
Support: We're sorry for the wait time! Feel free to DM us your contact info and store address. We can open a complaint. Thanks!
Support: We're sorry there was this type of delay. Please DM the store details and your contact info. We'll submit this to the store's leadership team.  Thanks!
Customer: ❤️
Support: Alright, Lauryn.  Is everything alright with the order?
Customer: Yes! It is not cold and at this point that is all that matters",
0e3b037f8726ba8276bd609f84299e47,AskPapaJohns,"Customer: Just ordered @116076! Use promo code PAPATRACK for 25% off your next regular menu price order. US/Online Only. #PizzaMood https://t.co/bTf0yuQ5yh
Customer: @116076 Thanks for the pizza I never got. When your store calls me but uses the wrong area code so they don’t have to keep working late to get me a pizza. Way to have great customer service. #MyPhoneNumberIsOnTheAppCorrectly
Support: We're sorry about the service you received! Could you please DM us your contact number and email address? Thanks!",
884c06f03b3eb8dc323bfe5e9713a868,AskPapaJohns,"Customer: Just ordered @116076! Use promo code PAPATRACK for 25% off your next regular menu price order. US/Online Only. #PizzaMood https://t.co/pHVohbERud
Customer: Omg @116076 #1795 please get it together! Tonight, raw garlic knots, 2ltr on top of pizza box caused cold pizza &amp; cheese stuck to lid!
Support: We're sorry about this, David! Please DM us your contact info and store address. Thanks!",
c213845328705c7df9e33db6abaf097a,OfficeSupport,"Customer: New Skype for business for Mac: 1) still doesn’t show my meetings 2) still can’t add contacts 3) *NEW* can’t send text messages. #ugh
Support: Let us help, Guinevere. Can you provide us with screenshots regarding the issue? Also, how long has this been going on?
Customer: screenshot for 2nd issue (and thanks for replying!). Skype for biz, Mac v 16.0.3640 https://t.co/r6FlVpIGQ6
Support: Sorry for the delay. We passed the info on to our team, and we’ll get back to you as soon as we have an update.
Customer: Hey this works on latest version but I can't seem to delegate a contact, online docs say it's possible?",
098ecda5048d579731cbae49b8bd8436,HPSupport,"Customer: Will there be @122609 6.0 Marshmallow or 7.0 Nougat update for @121548 Pro Slate 12? cc: @HPSupport
Support: Hey there, your HP Pro Slate 12 is classified as a Commercial product(Business line). Please contact our 1/2
Customer: Your Commercial Support Team were of no help in getting my HP Pro Slate 12 updated to #Android 6 or 7 - not exceptionally secure anymore :/
Support: Hello, please click below to send us a private message and I will look into this. Thanks! ^ Maya https://t.co/wUp7tMeowu
Customer: Never received any feedback on my messages. Now will I recommend HP products based on my experience? 🙄
Customer: @HPSupport I have the same problem. Seems like they won't help if the customer has problems with their products.
Customer: Hi there @164700! unfortunately that's the way it looks like. Won't ever touch any @121548 , worst customer experience cc: @HPSupport
Support: Hello, please click below to send us a private message and I will look into this. Thanks! ^ Maya https://t.co/a2xkfCrUG1
Customer: come on now Maya! You're sending me the exact same tweet you sent 54 days ago! 😱🙄  Tweet from @HPSupport: https://t.co/yvuQB4qsOR",
1fa7e0c4754d61ed860047dcc496ac53,SpotifyCares,"Customer: whats the point here? https://t.co/TP4eY5vvCp
Support: 1: Hi! We'd love to spread the music across the world. We're launching in new countries as often as possible.
Customer: almost a full year now and still the same problem, im really disappointed from you guys
Support: Hey! We don't have anything to share at the moment, but we'll post updates when we'll launch there. Anything else, let us know /NY",
8d7e8bb1abd6582cce462ea3f747106d,SpotifyCares,"Customer: wtf is this @115888? Why is there a song limit on premium? I guess I can't add anymore songs :-( https://t.co/M5N1nFsM3Y
Support: Hey! There's more info on the 10k limit in Your Music (Songs + Albums + Artists) here: https://t.co/jve60PseJV /RC
Customer: Yes I understand there is a limit, but why?
Support: 1: In this case. the reason is because less than 1% of users reach the 10k limit on Your Music. The current limit ensures a great...
Customer: It's been over 1 year and there is still a limit of 10,000 songs. Are there any plans to change this? I literally have to delete songs every single day to add new ones. Plz plz help
Support: Hey there! We can see how that'd be useful. You can vote for the official idea here: https://t.co/a9TZL1Dqp6. If you ever need anything else, just shout and we'll come running 🏃 /DI",
41a228170b98cfa86dc8b088fc89dc88,O2,"Customer: Can I have an email address for someone in tech support please? Have had patchy data this whole week on O2 travel and now I have nothing
Support: Hi there Malcolm, that's not good :( Which phone are you using? Have you tried manually selecting a different network?
Customer: iPhone 6. Network was ridiculously patchy at first then a carrier settings update showed up and now I have absolutely nothing
Support: Can you let us know where you are Malcolm? Have you been able to use your phone abroad before?
Customer: In Las Vegas. Phone worked fine in Japan in September and here last November.
Support: Ah okay. To clarify, are calls and texts working okay Malcolm?
Customer: Nope, literally ""No Service"". Moot point now, just landed back in London.
Support: Oh, right. We'd recommend chatting with us here: https://t.co/XrXpASGB7O before travelling again so we can check your account.
Customer: Did that. Now in the USA again. No data service AGAIN. Despite your patronising chat service telling me all was good on my account. Disgrace
Support: ☹ Is it just data you're having issues with Malcolm? Are calls and texts working okay? Let us know: https://t.co/5pyLDJBC6r",
c21af53f8b3b452386fe7aef1f8e2a83,Uber_Support,"Customer: how can u charge customers for Uber's inefficiency to not reporting on time as committed thru gps.....
Customer: no response for refund of cancellation charges charged to me for cancellation of bookings as driver did not report on time.
Support: Let's take a look! Please send us a DM with the email linked to your account so we can follow up.
Customer: Problem since 6-8 months.
Customer: @115873 @Uber_Support  expected a call or other means to resolve login related issue..... have not been able to use uber and it seems uber not ready to help customer.......
Customer: @115873  pls respond to login related issues being faced.......
Customer: Login related issues inspite of request on https://t.co/nqx8gkynYs ........ issue not resolved..... how can a professional Company like uber treat customer so unprofessional. Very poor response......
Support: We can see that a member of our team has reached out via in-app support. The communication is also routed to the email address you reached out on. Please follow up there so we can best assist.
Customer: @Uber_Support Try these steps on your phone....should fix all your problems. 
  Settings/Apps/Uber/RemoveApp
Customer: @790356 your support sucks. you don't answer the complaints. what is the point in directing driver to the app, dashboard, help or any support. they all are inadequate. because you program it that way or hire out of the country assistants who read from your training book.
Customer: @790356 uber has an inefficient answer for everything instead of fixing it.  what is the point of driving if the company short change it's drivers.  I see why all the lawsuits.  as soon as i hit my goal i am soooooo done with uber. this is when i will do my youtube video ""how uber shady""
Customer: Hi, one of your drivers couldn't find ME, so HE cancelled himself and decided to charge ME £5? I don't even want credit I want a refund. It wasn't my fault at all, not my problem he can't find a simple address!!
Customer: @790356 i was advised to contact an attorney.  i am looking into this.  the reason uber does not allow you to print out complete itemized payment statements is to cover up the errors and incorrect payment made to drivers.
Support: We apologize for the trouble! Please send us a note at https://t.co/QsI1vsvcif and our team will be in touch.",
a1e111d7cb9e90291599d820acdf6f0b,Ask_WellsFargo,"Customer: Yes, that email is really from LinkedIn. And, yes, it's really malicious. | https://t.co/NFRrYvw60O by @757082
Customer: Wells Fargo sucks! They stole $4500 from my account years ago.
Support: Allow me a chance to revisit your concern. Please DM us with more details along with your full name, phone number, and address (no account number). ^RG https://t.co/q1oBDuYAdh",
c7412809607756d0cf35aca75d5b7af8,ATVIAssist,"Support: For the known issues list for IW please check out - https://t.co/KOgbYEQ7Fm and for MW-R please see - https://t.co/6e23js3iOo
Customer: When will you clean up CHEATERS on Black Ops II, PS3, USA server. Riddled w/ them and reports are always ignored!
Support: Hello there, we take action as necessary and only on players that violate the security policy. ^JE
Customer: I don't fully agree. Same reported cheaters continue daily. Plus, if their ratio is above 5.0... RED flag!
Support: I understand your frustrations. It is still best to report all cheaters in game as this helps track them the best. ^MX
Customer: PS2 USA server... P A T H E T I C !  riddle w cheater. You dont listen! It is unbearable. FIX IT
Support: Hey Good evening, may i ask what title you are referring to? ^LB
Customer: BO3, PS3, US Server, riddled w/ cheaters. Reporting does no good. See them back day after day. Lets discuss how to stop it, not avoid it.
Customer: Constantly ignoring will make US stronger... #ReportToFTC
Support: Hey there, apologies for the delay. Please report these cheaters via the in-game reporting tool. ^MB
Customer: Reported constantly, but see them online next day (no action). They boast cheating w/ aim bot. Impossible to play! FIX IT/give public status
Support: In-game reports will be reviewed and appropriate action will be taken by the studio. ^DL
Customer: Not working since I see same cheaters daily. AIM Bot is the pits. Look at some out of whack stats. Def cheating.
Support: Please continue to report in-game. Thank you Edward. ^DL
Customer: CleanUp PS3, BOII, American server.  RIDDLED w cheaters who BOAST their cheating and AIM BOY cheats.  STOP THEM NOW
Support: Hey there, your best bet is to continue reporting them in-game. These reports are taken seriously by the Security Team. ^MB
Customer: Online game is unbearable and riddled w/ cheaters and aim bots making the game USELESS.  FIX NOW or remove from online and refund!
Support: This process takes time since they review reports for every title. Continue to make use of the report tool. Thanks. ^AM 2/2
Customer: They KNOW you are watching.  CLEAN UP the whole server. It is beyond pathetic!  Next step is boycott!  LAST WARNING
Support: Once players are reported they will be investigated. ^RK
Customer: Investigated? I see them online daily... they claim their Aim Bots r undetectable. Cheats galore and reporting does NOTHING.
Support: They are handles by our security team. We do not handle disciplinary actions. Did you have an issue on another matter? ^RK
Customer: Then bring the security team and your management to this conversation. The game is corrupt w/ cheaters and ur company does nothing!
Support: Once players are reported the reports are sent to the security team. Thank you for reporting. ^RK
Customer: If security takes too long to investigate, cheaters hide. Just monitor daily activity and see riddled w/ cheaters, aim bot is dumb, ban it
Support: Thanks for the feedback Edward. If you're ever in need of any other assistance please feel free t contact us again. ^OP
Customer: Having too many games to support and taking too long is unacceptable and POOR service. PS3, BO2, USA Cheaters galore! FIX IT
Support: Good afternoon, if you suspect any players of cheating then report them in game. Thank you! ^JP
Customer: Also, very hard to report them when they hang in groups of several together.  CLEAN IT UP and BAN the ""AIM BOT"" cheat.
Customer: As I said several times, impossible to report when they depart the game early. Ones reported are online constantly for months.
Support: Hello there Edward. If you come across any other-in-game issues, please let us know. Thank you. ^RN",
a1a22040450654caa00076767bba8cc3,AmazonHelp,"Customer: Warum könnt ihr eigentlich nicht bei Übersetzungen die Originaltitel mit angeben? Da würde man sich echt einiges an gerate sparen
Support: Hi, ich gebe dein Feedback gerne weiter. Gruß und einen schönen Sonntag. ^AW
Customer: Hab gerade gesehen, dass es bei Büchern, dass jetzt endlich gibt. Wollte fragen seit wann?
Support: Das kann ich dir leider nicht beantworten. Auf unserer Webseite werden regelmäßig zahlreiche Änderungen vorgenommen. Gruß ^MI",
379fbc9474cdeee48caf9e28aa058d42,AppleSupport,"Customer: My icloud account has been locked for security reasons. Even my Apple ID is locked. I can't receive my confirmation code.
Support: We're happy to assist. This article can help you to unlock your account: https://t.co/HH37urdbz9 DM us with any questions. https://t.co/GDrqU22YpT
Customer: Thanks",
799c8949193f722b06177f9700f1abb8,AskPayPal,"Customer: Get £20 off your first Uber ride with PayPal. Under £20? It’s free! Use promo code PAYPALUK https://t.co/a6oGH5SYnd
Customer: Its 10 pound you liars 😪😡😂
Support: We are sorry to hear that you are having issues. In order for us to help get this resolved, please send us a DM w... https://t.co/oAAIirZvq6",
06e7c702ee977986b4de6a4a81aad1f5,Morrisons,"Customer: *EXCITING NEWS FROM LWWF* We're now available in over 400 @Morrisons stores in the pot snack aisle! #camping #wildcamping #adventure #food https://t.co/tYKPf3bhRs
Customer: @Morrisons Hi. Do you sell any in your plymouth branches. There were none a few weeks ago!
Support: Hi Anthony, unfortunately this product isn't available in our Plymouth(1)
Support: branches yet, I've passed your support for this product on to our buyer. - Georgina (2)",
8ea2e910312e70cd89fca468251614ec,ATVIAssist,"Customer: my infinite warfare installation is stuck at 72%. I'm on Xbox one if you can help me.  It has been stuck there for a while.
Customer: @ATVIAssist I have the same problem now.. How did u get it to fully install?
Customer: @ATVIAssist Just ended up working eventually...  just be patient I guess.
Customer: @ATVIAssist Thanks.. It did the same by my😅
Support: Hey thanks for letting us know, happy holidays to y'all! ^DS",
8838d285f3be831ed6fe3ac6f9ab1116,AppleSupport,"Customer: Anyone else getting the voice control bug on ios10? It's driving me insane! #ios10bugs #voicecontrolbug @applesupport
Customer: @AppleSupport I’m having the same issue. Also: my music and podcasts start/stop randomly. So annoying.
Support: We'd love to look into this with you. Which device and software version are you using? Please send us a DM and we'll go from there. https://t.co/GDrqU22YpT
Customer: 11.1.1 — Solved by activating Siri so it overrides Voice Control. But would rather a permanent fix. Hopefully in the next update?
Support: We're happy to hear that you were able to resolve the issue with Siri. From here, we'd recommend keeping your device up to date. This can help isolate the issue. If you come across any issues or concerns, feel free to reach out to us.
Customer: The #iOS gremlins are back this morning, as my podcasts were starting/stoping on their own (I didn't even have the podcast app open). Thinking about reverting back to iOS 10 -- what's the best way to do that?
Support: Hello there. Would you please meet with us in DM. We want to help. https://t.co/GDrqU22YpT",
05033db6f29c629025a2ec81419057b5,AmazonHelp,"Customer: @115851 SHAME ON YOU! Amazon.in is successful in cheating their customers. Guess What YOU guys did IT.
Support: Hey! I'm unable to comprehend your concern. Could you please elaborate so that we can assist you accordingly? ^RW
Customer: ORDER# 408-8885059-0678753 Product was not delivered to me but marked as delivered on the website. Amazon isn't refunding my money @12182
Support: Please don’t provide your order details, we consider them as personal information. Our Twitter page is visible to public. ^VM
Support: Please drop your details here: https://t.co/S0DLRo74bw so that we can get in touch with you. (2/2) ^VM
Support: I understand the gravity of the situation. I am sure by the end of this session we will be able to resolve the issue. (1/2)",
28c328512eb8d8baca072268ade9866d,TwitterSupport,"Customer: J'ENCULE LES RACISTES ET LES NOIRS
Customer: Help @152 @TwitterSupport 🚫 ⬆️
Support: Hi, thanks for getting in touch. Please send us a message and we'll get started working through this. https://t.co/eXwzpNPj8C",
471a5d7f70d0567a59acc8ce8e3e63cb,Uber_Support,"Customer: support I am having a tough time finding the fuel card limit page can you help please?
Support: Happy to help, Jackie! Visit us here; https://t.co/heiy6r1JEX
Customer: Go to hell when i was attacked while on the job you ignored me you owe me money!!
Support: Thanks for reaching out. Please DM us the email linked to your account and details so we can look into this.
Customer: you owe me pain and suffering damages due to my attack while on the clock on November 28th last year. I still have the suit  pending.",
97c9cbd9a1dcf4d7e805f9c1fc86e242,ArbysCares,"Customer: Highland Heights Arby's is THE slowest drive thru, second only to Ashland's Arby's...
Support: Sorry to hear that. Please e-mail us more details about your visit to __email__ &amp; we will address.",
c225f86a3df8d8547493fad701cf7c7d,AmericanAir,"Customer: . @AmericanAir what is this??????? Dust everywhere, chipping paint. This plane is as old as an elephant!! https://t.co/NMUx9Orwvn
Customer: @AmericanAir they are THE worst! So dirty.
Customer: @2189 @455518 @AmericanAir They don’t let me board an earlier flight even there at so many seats available ask for hig$fee I am at gate and they demand fee
Support: We offer same day changes and standby for $75. See more info at: https://t.co/ZtcjNpklsL",
c3d297558c03c90ac00ad21a826c2d11,asksalesforce,"Customer: ""The ultimate rulers of our democracy are not a President &amp; Senators &amp; Congressmen but the voters of this country."" FDR https://t.co/9wsfavpEF9
Customer: mr. Mark , I live in Fremont in valley  . I want to build a social service cloud in India . Can you help me with that ?
Support: - Can you please,DM us your contact details to make sure you are connected to the right people. cc: @148213
Customer: @148213 Why don't you conduct hackathons in India in SFDC technology . Huge potential of youth can popularize SFDC
Customer: @148213 I also am planning to start sfdc training in India as SFDC partner . Pl let me know if you are interested.",
bae2e0afdf617a3a77bb3f6630f4b594,Walmart,"Customer: Ursula from escalation dep just lied to me! My order was supposed to be delivered to Merrick,ny but instead Astoria,ny https://t.co/ElFyfywVJu
Support: We're sorry to hear about your order. Please contact us at https://t.co/Spw7YgLSp5 so that we can look into this for you. -Ginna
Customer: already did that ginna! Why don't you read all my tweets. I received absolutely no customer service.
Support: We understand your frustration. When did you last reach out to the help center for assistance in correcting this issue? -Leia
Customer: if the issue was corrected why would I waste my time tweeting about this?
Support: We understand you would like your package reshipped or refunded. We appreciate your patience as this is looked into.(1/2) -Leia
Customer: hello!!!!!!!!!! How can u help me without my order number ? This is just a joke right ? Okay thanks
Support: please follow and direct message us so we can assist you further. -Rad
Customer: @439391 I wonder if Walmart has email so I can complain unless Walmart want to here complain in public
Customer: @439391 No reply was given",
2e979591bf7ff56d2d27c9caaffa610c,idea_cares,"Customer: Dear @idea_cares pls don't offer ebill to save paper. print is required for accounting. And I don't think u r concerned about environment.
Customer: No I don't want ebill. Stop spamming and harassing. https://t.co/7jwEnAdBno",
7f61d065befdc76a139fec3425fd0221,PandoraSupport,"Customer: you guys gotta get @15779 on your playlist, she's unreal. I need a playlist with her in it.
Support: We always love discovering new music. Submit your suggestion here: https://t.co/NMeGyQ2xXg
Customer: @192325 https://t.co/0zuHqHWUtk #worldsmileday #cashappfriday #tellmesomethinggood",
1ce47acf523ad5815963aa41d3fb46db,hulu_support,"Customer: suggestion when behind on a show and i finish 1 episode I'd like to go to the next one... not some random show i don't watch #thanks
Support: Can you DM us more info? Let us know the show you're watching, what show it's Autoplaying into &amp; what device you're using. https://t.co/vsA79qi5f4
Customer: and currently it’s been autoplaying into Key &amp; Peele which i removed from my watchlist
Customer: not sure why the show matters? it does it after every show. not on your website but on my xbox one and amazon fire stick",
4218fb9c42309981a45dbaf3e49b4a25,GWRHelp,"Customer: Terrible customer service for a ticket refund from @GWRHelp 15 days and you've not read my email as post gets looked at first! #badservice
Customer: Twice I have applied for a same day refund from @GWRHelp and your inability to process refunds or take complaints has happened again. 28 days for a refund on something I have not collected or used is unacceptable!
Support: Sorry you've not had a response yet, Martin. We do have a backlog so it is taking a little longer than we'd like to respond. - Jordan
Customer: I really do hope this is not the #futureofrail as your web service is the worst I have ever experienced, on every occasion!",
0d4f44f487eaa611a8fd297af568fb7b,AmericanAir,"Customer: DFW Lost and Found is failing us again. Need to speak to a human! #AmericanAirlines #FamilyTravel #Travel #TravelBlogger
Customer: @AmericanAir I agree! Facing the same issue. I hate automation...
Support: All found items are sent to a central location. Once we have them in hand, we can match them to the form you've sent in.
Customer: It is possible to page a rep to check on flight 2262 since it is still in DFW? Wouldn’t have troubled AA for other stuff but it is a wallet!
Support: Please give our DFW lost and found office a call if you prefer. 972-425-2465
Customer: Lost and found told me to wait 72 hours for response. I did! Guess what? Someone has started using my credit cards at multiple places!
Customer: Thank you! Just left a voicemail...",
d85722fd0a142791eaf25a23c543c455,AmericanAir,"Customer: Quite frustrated with @AmericanAir. Plane is delayed at the gate because the pilot is nowhere to be found. 😡
Support: That not quite the plan we had in mind for you today. Thank you in advance for your patience.
Customer: Will I be able to make my connection in Philly? Flight 4800",
0a4045d963262700daff2d22caab2949,IHGService,"Customer: Actually my stay in @45610 Finally healed from negative experience in Holiday Inn Helsinki (very unfriendly staff) some years ago.
Support: 2/2 of service we provide. Hope you will give us another chance in the future. ^fr https://t.co/2rT0la4Ku2
Customer: Ok, we're giving Helsinki West another chance in August and I hope this time we will meet friendly staff &amp; good service :)
Support: 2/2 send us a message. We look forward to welcoming you in Holiday Inn Helsinki - West Ruoholahti this August. ^lp https://t.co/2rT0l9N9Cu
Customer: So my opinion about IHG hotel network improved; we stayed in another IHG hotel for my BDay travel. HolidayInn in Voronezh was very neat. Tnx",
22821db6992f5a70889b9da12ffdf442,AmazonHelp,"Customer: Hi, I'm having problems signing up for Amazon Music. When I enter my details, it comes up saying 'session expired'. Any help?
Support: I'm sorry to hear this! What kind of device are you using? ^PF
Customer: I'm using a Windows 10 PC
Support: Have you tried uninstalling &amp; reinstalling Amazon Music: https://t.co/ifH29NYRVC? ^HB
Customer: I haven't - I've been having problems doing it on the web player
Support: Can you send us a direct link to the page your attempting to sign up for the Amazon Music? ^VS
Customer: https://t.co/neBnBfXyyS
Support: Thanks! Which web browser are you using? Have you tried clearing your cache &amp; cookies? ^NF
Customer: I've tried using Microsoft Edge and Google Chrome and they're both saying the same thing
Support: We'd like to try some real-time troubleshooting, please get in touch here: https://t.co/JzP7hlRCV9. ^AR
Customer: I'm having the same problem",
bf8d1fd35f63a6031df56f4bac510611,O2,"Customer: @74586 How is this 4G acceptable in bristol city centre when next to me orange is hitting 100Mbps? This is below 3G &amp; 3G+ https://t.co/us6unxgbdG
Customer: @121122 @74586 My net just dies in town too, I'm on @O2
Support: Hi there, so we can take a closer look, please DM the postcode: https://t.co/Xe5i4kfJ97",
8c99bdb021eb57278b70dc9b0fcc9db6,AirAsiaSupport,"Support: Hey guys! Send us a tweet for your booking concerns or if you'd like pre-book Add-ons. Personal information via DM only. Thank you. ^^, https://t.co/rhXKCmxMYK",
f2491986df1916dd8faf0b04b82fee8a,Delta,"Support: Delta Premium Select. Superior comfort for select international flights, launching fall 2017. https://t.co/0oCj54meTU https://t.co/GNzsQQs7L1
Customer: Ok, I just booked this option for a trip to S Korea. I will report back.
Support: Thank you. We look forward to the feedback.  *ALY",
fc7df4c8b36fdea6015e75b1b7e83c46,O2,"Customer: Is there an issue with your website at the moment? I'm trying to purchase something but it won't let me past the payment section.
Support: Oh no Jay, it looks okay from here. Try giving it another go and let us know how you get on.
Customer: The same. Message says ""Please check the page for the following errors"", then quickly disappears. My payment details are all correct.
Support: Is it possible to DM us a screenshot of the error message that pops up please Jay?
Customer: @O2 Strangely enough I’m getting this exact problem now when trying to upgrade and so are others going by Twitter 🤔
Customer: https://t.co/rhL71kt6MP
Support: Hi, have you tried clearing your cookies/cache? Or tried again from a different browser/computer?
Customer: Hi yes tried clearing cookies, different computer, different phone, even tried new web browser, different credit card.
Support: Okay, we can check your account if you'd like to chat with us here 👉🏼 https://t.co/6KAKqyll8P and we'll take your details.
Customer: Done and still no success, that’s 2 links generated and the same issue, why can’t you just take over the phone
Support: We can if you prefer. Give our team a call on 0344 809 0202 and we'll be happy to help.",
3ae1336a6b04106fac1108ff744c304f,TMobileHelp,"Customer: i need a question answered about my i phone 7 plus order money wise please dm asap!! (:
Customer: @TMobileHelp Heyy Friend,
please check out below link,M sure you definately love I PHONE 7 PLUS which has some amazing features.

https://t.co/aiLYRxgMrJ
Support: Hey there! Shoot us a DM if you need us here at T-Force! https://t.co/iUlnGXy3Ha *VinnyFrancisco",
19a639b426cb95e16689446ec13185d9,Safaricom_Care,"Customer: i have a problem in activating my m pesa and no one can help me because i want to use my mpesa account.
Support: Hi, as earlier advised, please visit the nearest Safaricom shop with your ID for further assistance. ^RO @119433
Customer: @119433 @safaricom_care i have a problem whenever i top u 3 bob is being deducted please help me pliz
Support: Hi, share the affected Number via DM https://t.co/jF6LqBUAqM for further assistance. ^OS @119433",
3ec9555ee60d1504ec47aa28ac004349,SpotifyCares,"Customer: any plans on adding contr. artists to the artist line so I can see who I'm listening to from my locked screen? #MSGA
Support: Hey Thom! Thanks for the feedback. Don't worry, we'll let our folks know it's something you'd like to see /AL
Customer: @282882  https://t.co/XZqAkLTrOM",
0ab39363894e9c7d7938ed57bc8b4775,O2,"Customer: can't add on free bolt on offer through app. Went through to chat who told me to go through app. Is any help available???? https://t.co/e3EDGLg5w3
Support: Hi Dwain, which option did you click on?
Customer: after signing in with 4 digit pin code....then ""perks and offers"" on the bottom of the screen. The free data offer is the top option https://t.co/xb2D0x6cIJ
Customer: @O2 send some free data code pleas I'm mtn
Support: 🤔 Are you a customer with us at the moment Antonio. If so, check your My O2 app here: https://t.co/K9EOzdJqJr",
2626833020b36c701934862dd565da45,AWSSupport,"Customer: hi can I get some direct support regarding my billing to prevent account suspension? My card has problem charging.
Support: I am happy to look into this for you! Do you have a case ID? If not, please open a case here: https://t.co/uiIDFOJGCq ^ET
Customer: Hi there. Can someone assist in replying an urgent ticket as I'm out of town now and my account has been suspended.  Case id : 4648353141 Thanks in advance.",
4a4c97c3c59f31f0dbd0d9ac450351d2,AskPlayStation,"Customer: me sale el siguiente error cuando trato de iniciar mi bo2(80010038) como puedo solucionarlo
Support: Hola David. ¿Estas usando un disco o es un juego digital?
Customer: Estoy usando un Disco
Support: Intenta limpiarlo para remover polvo y cerciorate que no este dañado. ¿Estas recibiendo este error con todos los juegos?
Customer: La consola me da unos extraños sonidos cunado meto el disco como si lo estuviera sacando. y tengo que estar expulsando y metiendo los discos hasta que no suene el ruido para que así pueda leerlo, esta es la única manera que me funcionan los otros juegos.",
c01fa360a5e6eec712b6a43b7eff1722,Safaricom_Care,"Customer: ⚡️ “#MindSpeak - The Evolution of Hope by @119433”

https://t.co/HxbMQ4ZQ3b
Customer: @119433 Kindly assist to unlock mpesa kindly call 0707420819
Customer: @119433 lack of transmitter network in west pokot County ,kapenguria district ,sook  division Endough  location ...
Support: @119309 @119433 Our team contacted you and we believe you were assisted. ^KO
Support: nearby landmarks like a school or a dispensary for us to deal. @119433 .^GO
Customer: @119309 @119433 Morning,please assist us to do a sim swam cal 0702877836
Customer: @119309 @119433 Morning kindly assist to do a sim https://t.co/va7TTK6LHF 0708745433
Customer: @119433 May you please assist those citizens they are really suffering .....
Support: Thank you for your time on call. ^KW @119433
Support: DM also a number in the affected area we check ^KT @119433
Customer: @119433 I have https://t.co/maXYLeslxn again.0702877836
Customer: @119433 Kindly assist me carry sim swap.please call 0708745433
Customer: @119433 There is KRIICH PRIMARY SCHOOL,KRIICH DISPENSARY AND AMONG OTHER SOCIAL AMENITIES WITHIN THE AREA...
Support: We have advised. ^KW @119433
Support: We have been in touch. ^MM @119433
Support: We are addressing the issue under ticket 1-ARDQKCH, we shall resolve and give feedback ^KT @119433
Customer: @119433 Kindly call 0714016131 assist Mpesa issue
Customer: @119433 Hallow.kindly assist to unlock Mpesa.please call 0713519037
Customer: @119433 Kindly assist me carry a son swap.kindly call 0708745433
Customer: @119433 THANKS
Support: Number is unreachable, let us know when available. @119433 ^RM
Support: @119433 No one picked when we called. You can tell us when available or DM Your full name, ID number and MPESA balance https://t.co/jF6LqBUAqM ^TT
Support: Thank you for your time on call. ^KW @119433
Support: Welcome ^KT @119433
Customer: @119433 Urgently need swap assistance. Kindly call 0722808449
Customer: @119433 Please call again.0713519037
Customer: @119433 Kindly assist with start key.call0708745433
Customer: @119433 Previously I had an issue about the Constructing a transmitter network at Kriich , just a reminder.
Support: @119433 Hello, we are trying to reach you but our call is going unanswered, advise on the best time we can call for assistance.^DE
Support: @119433 Happened again, perhaps it is not an appropriate time? You can DM the details I requested earlier.^TT
Support: We have called and assisted. ^IW @119433
Customer: @119433 Progress report
Customer: @119433 Hi.customer is still waiting for you call.kindly call 0713519037
Customer: @119433 Kindly assist to do a sim swap.0700167306
Customer: @119433 Morning
Support: Our network team is aware of the issue in your area and there are plans to build a booster to improve the..1/2 @119433
Support: Hi, we believe our team has been in touch and assisted the customer. ^SD @119433
Customer: @119433 Just 2016 i informed you of network coverage in Endough ward Today reminding you again we are suffering
Customer: @119433 Please assist to do a reversal.kindly call  0708745433
Support: @119433 There is actually plan in progress to improve this. We appreciate your patience. ^JB
Support: We have assisted the customer on call. ^MZ @119433
Customer: @119433  Thanks ..
Customer: @119433 Kindly assist to do a sim https://t.co/va7TTK6LHF 0798838581
Support: We believe we have been of help on call.@119433 ^DE
Customer: @119433 Afternoon.kindly assist me to do a sim swap.please call 0708745433
Support: @119433 Good afternoon, it was our pleasure chatting on call. We trust it was helpful.^LA
Customer: @119433 That was  fast.thanks.kindly assist me to upgrade for a client who has no original https://t.co/CMIWyTCotR 0726587680
Customer: @119433 Kindly assist to me to unblock Mpesa.kindly call 0708745433
Support: @119433 The owner has been assisted.^DN
Support: @119433 We have advised on call.^DN
Customer: @119433 Kindly assist on sim swap.please call 0708745433
Customer: @119433 Another issue about swap.kindly call 0729477237
Support: @119433 Jambo we have assisted the customer.^TM
Customer: @119433 Jambo?kindly assist customer get Mpesa pin.0703771901
Customer: @119433 Morning.kindly assist with https://t.co/va7TTK6LHF 0708745433
Support: @119433 Jambo, pleasure assisting you on call. Have a good day.^TM
Support: @119433 Hey Nelly, we called but there was no response. Kindly advise on the best time to call back.^LA",
ebee4f6ddd7ac29dc77540213d6c9814,AskeBay,"Customer: I tried to reach the customer support, but I couldn't. I couldn't find the related item. How can I get my money back?
Support: No reason to worry. If your item was paid with PayPal there are several layers of protection. Is the sale recorded on eBay? ^Y
Customer: however, I don't see the item on ""my ebay"" tap
Support: Got it. Try going to ""Purchase History"" in the web version of the site. If your item doesn't arrive: https://t.co/E7pgaIJiBg ^Y
Customer: hi guys, I have ordered the iPhone 7 in black from the Alldayzip in Black. But I want to exchange it to silver, what can be done?
Customer: @AskeBay Alldayzip legit?",
2ee656f9ef84a3f3ad20586fb6f4dc86,Safaricom_Care,"Customer: you told me at the end of the month you add loan limit mine is 1000k since then why
Support: ...of Safaricom services i.e. voice, data, Mpesa etc. You can find terms of the service here https://t.co/C7EE338ob3 ^OA
Customer: i have not been attended to since 5am
Customer: my number is +97470920880 call me to complete my line registration",
6d1d80e610f3bb5bf8726992fa9e5607,Safaricom_Care,"Customer: you told i will have an increase in loan limit in m shwari at the end of the month i havent
Support: ...to increase your limit. For more information on Mshwari loan conditions view https://t.co/YYYJg6UOwi .^SB
Customer: i have not been attended to despite sending many msg asking for solution.
Support: We have tried to call but there was no answer. ^SM
Customer: im available now call me to complete my registration
Customer: my number +97470920880 call me available now
Customer: im available now please call
Support: The number is not being picked, advise on the best time to call.^BD
Support: Once again our call goes unanswered.^DN
Customer: im available call please
Customer: you can call me now im ready
Customer: call im available now so as to finish this thing once and for all
Customer: im available now call please
Support: We have advised on call.^DN
Customer: call please im ready
Customer: call please
Customer: what should i do to get the network so that i can use my new simcard
Customer: you told me i can use it after 15mins but not registered yet on local network
Customer: i have tried using my line after registering but it cannot register on local network ie vodacom when roaming.advice please
Customer: is it possible to use this new number if replacement fails and my mshwari loan fowarded to my new number?
Customer: i have to new lines that failed to replace my number, is it possible to register one and i use it as my new number?
Support: Please check our previous response.^WW
Support: ...replacement simcard we assist you. ^MP
Support: We are calling you but you are unavailable. The replacement was not successful and you will need to obtain another ...
Support: New line is different from replacement line and  can only be registered at the point of purchase.^BM
Customer: just register for this new line and dont replace it
Customer: since it has failed to replace can you register this line as a new line for me?
Customer: that is a second card
Customer: let me forget about the replacement just register this number as anew number if it is possible
Customer: you call me im available",
b0ec140a1f8f266a139703aa8b5b6254,AmazonHelp,"Customer: ihr Schnuffels, wir müssen glaub ich mal über eure Versand-Verpackung von Posterrollen reden... :-D https://t.co/1d2FcJPFd3
Customer: Ich hätte ja nicht gedacht, daß sich die Posterrollen-Verpackung noch steigern lässt, aber ihr habt mich eines Besseren belehrt... 😁😂 https://t.co/iqZc7TXDSw
Support: Upps - zumindest ist der Kleiderbügel gut bei dir angekommen ;) Den Link kennst du ja schon: https://t.co/ki6eZQROAp Gruß ^NW",
1668de19daf35b5b482c5e51c3a003df,DunkinDonuts,"Customer: WHERE IS THE SNICKERDOODLE CROISSANT? I AM 6 MONTHS PREGNANT AND HAVE BEEN FROTHING OVER IT'S RETURN! #THROUGHLYDISAPPOINTED
Support: Hi! Sorry we discontinued one of your favorites! We'll be sure to notify our teams that would like to see it return!
Customer: Just wondering if the Snickerdoodle CroDo will be back this year- - - #pregnant again and am still wanting this freaking snickerdoodle!!!!",
112c7de553d74f24024c1926842b8a63,Safaricom_Care,"Customer: i was assured that Money that had been withdrawn from the wrong agent would be reversed in 12hrs and it has not been
Support: Hi, kindly share the transaction code for us to check on the status of your request. ^NO
Customer: my mpesa pin ids unlocked but when i activate it records wrong pin maybe i have forgotten the pin or what 0707165550..
Support: Our call is going unanswered, let us know when available. ^RM
Customer: she is now here with me
Support: We have been in touch and advised.^GO
Customer: how do i do when my phone doesn't reflect try calls
Support: Hi, kindly clarify on your query, what do you mean by 'try calls?'^DA
Customer: try call a short notification that somebody tried to reach you but maybe your phone was off
Support: Hi, activate Missed call alert by dialing **62*0722199199#. Deactivation of the same is ##62#Ok. ^PI
Customer: i was given a form to fill in order to unlock my mpesa pin  but today again am told that its no possible what do i do
Support: DM the affected number, your registered names, ID number and current M-PESA balance we unlock the account.^FO
Customer: 0707165550, Agnes kemunto Mahanadi ,id:23811041,,,ksh2500
Support: Hi, we are trying to reach you on 0707....550 unreachable. Kindly advise on availability for assistance.^HM
Customer: how do i change my mpesa menu to English
Support: Hi, on you Mpesa menu go to my account&gt;change language.^CN
Customer: hello you are depleting my data before i even use any mb....please this is going too far even after I have restricted
Support: Hey Biko, visit https://t.co/NFXKAUGdp3 for tips on how to make the most of your data bundles.^TY
Customer: thanks but i know you already have the solution before i even click the link
Support: You are welcome. ^KR",
53f70bdc5919f3dd9e886a7388c3901c,Uber_Support,"Customer: Perfect response after no response on complaint. https://t.co/aLqifVgGA0
Support: Hi, Pritha. We have replied via DM with some information, please follow up with us there.
Customer: I didn't get any DM
Customer: And this is a 2016 complaint. Assuming you are referring to my complaint  from (11/1) because I certainly am.",
06b27ee081f0352650a615e303b4128e,Morrisons,"Customer: I don't think you workers should be handling bread rolls with their bare hands! #ErithMorrisons
Support: Hi there. We have a bear hands policy in our stores across the Market St and bakery section.-Tabby 1/3
Customer: @482667 Bear hands? 😂😂",
4018551822665475e2e1da053734bb75,HPSupport,"Customer: [ASK YOUR QUESTION HERE] #HPcpIN
Support: Hi Raj, saw your tweet. Are you experiencing a technical issue with your HP product? If so, let me know:) ^Asmita
Customer: I'm Using HP pavilion 15 https://t.co/Zp85O2OdRW its battery doesn't charging property and charging socket is loosely.I want to buy genuine hp battery part for my laptop.
Support: Hi Rajkiran,  thanks for reaching out.
Since this is a hardware issue, I suggest calling our phone support regarding warranty and service options.
Use: https://t.co/mUv2JvJDoY enter your product number, scroll down and fill out the form to get a phone number. 
^Roopa",
38b601e862fa95076eba394f8bb69a8d,Safaricom_Care,"Support: Check DM. ^KD
Customer: @49245 hi I forgot mpesa pin for 0706718279
Support: Hi,we got in touch and advised.^NN
Customer: thanks
Support: Welcome. ^CK",
9ee2aa546515e9721b8172ed2538a0de,sprintcare,"Customer: Yesterday @323864 CEO @107025 told @777274 about deal w/@115714, entrepreneurship - &amp; their Friday pm office beverage of choice https://t.co/qZI1nUc4Bv
Customer: @107025 @323864 @777274 @115714 FreedomPop are scam artist &amp; thieves who steal your money even once you close all of your accounts. They will not help, they say that they can't even contact there own billing department. Out $208.99 because they are way too lazy to cancel all accounts that we've already canceled
Support: I would like to assist with resolution. -FR
Support: Hello I am sorry you feel this way and would really like for you to get this issue resolved. Please send a private message -FR
Customer: Messages sent to you.  I'm really interested and how you can possibly fix this since you are Sprint and not FreedomPop
Support: Do you have a Sprint account with us? If yes could you please send us a Direct Message, so that we can further assist you. -MC",
6a9dbe0366735799baf39c99964425b0,GreggsOfficial,"Customer: it won't let me retweet it lol
Customer: @GreggsOfficial what's going on Karl you not happy on the sandwich situation also ?
Customer: @GreggsOfficial having been a fan of the festive sandwich for years, I'm not happy they have changed it for the hot sandwich!!
Support: Sorry Karl 🙁
Customer: maybe a return next year will be on the cards 🙏🏼😬
Support: Never say never!
Customer: Good to see the cold festive sandwich is back this year, 🙌🏼",
7e51355449423f8f868c3b7d32a07e1c,SpotifyCares,"Customer: Where do I report broken songs (static over parts of it)? I have several
Support: Hi! You can report them here, we'll sort it :) Can you send us the Spotify URI? Right-click the track &gt; Copy Spotify URI /T
Customer: several songs from album spotify:album:3f3kWND9tvmfI3UEsYH4yc including these: https://t.co/DCe6OzpXqj
Support: Thanks. We'll get this reported. Great detective work! https://t.co/LpsmyUtme0 /GM
Customer: I'm afraid that after nearly a year, this is still broken :( For example: https://t.co/uuSTad0Wek
Support: Hi Bert. Thanks for bringing this up. We're sorry about this. We've forwarded this again to our Content team to be sorted out /JU",
3a3dfc318ae19f1e5579427c64fec49f,asksalesforce,"Customer: Me, after successfully finishing a three day Salesforce project for work https://t.co/iIKzwV9zJK
Customer: I searched ""Salesforce"" tweets from people I follow and this is giving me BIG SAME mood
Customer: I can’t believe how long ago I tweeted this and I can’t believe Salesforce is still ruining my life!!!
Support: HI, we are sorry to hear this feedback, is there something we can do to assist you? ^RG
Customer: No omg everything is fine! Just laughing and reminiscing about SF. All is well. 😊",
62160e309f2d3e06c5dd24b9e421362b,comcastcares,"Customer: Hey @116136 why is my internet speed 1down\ 0.37up when I pay for 20down\10up in Boca Raton FL? @ComcastCares @115900 #comcast #speedtest
Customer: @comcastcares @115900 
My #SpeedTest result https://t.co/qdUYSMbfpk
Support: Hello. I’d like to help get your internet up to speed. Could you DM me your account and/or phone number? –EK
Customer: Hi. Again facing this issue. My Account # __credit_card__
Support: I’d be happy to assist. For your security, can you please delete your last tweet and DM us details about the issue you are having? -IB",
d528b887c65b9d5ae87b7bd09b7875ca,Ask_Spectrum,"Customer: A recent Windows 10 update may prevent connection to the internet. Unplugging modem for 30 sec and plugging back in should resolve.
Customer: My internet constantly goes down throughout the day. It’s been happening for months, before I updated....
Customer: I’m paying my bill but not getting anything even remotely close to the service I’m paying for. Theft of services?🤔🤔Horrible company.
Support: Hello there! Thanks for reaching out I would love to help with any service issues. Would you be able to send us a... https://t.co/1YrR2J1Tw7
Customer: I’ve already had a tech out and they can’t figure it out. It sucks when you don’t get what you pay for and need Internet for work.
Customer: I’m so done with your incompetent company.
Support: I apologize for the issues we are always here to help, please send us a message when you can and we will be happy to assist. - AV",
3375f9f63db6c1e027c333457df55c3a,airtel_care,"Customer: Need a call from a technical team for req no: 72853885 ASAP. Customer support doesn't know timezone based maths calculations.
Customer: CC: @airtel_care
Support: Hello @164233 please state how we may be of assistance to you. Thank you.
Customer: @164233 kindly am in Tudun wada l.g kano state but no 3G network
Support: @11049 Hello @11049, thank you for this tweet. ^Ojo",
f177a66c479bc29b1ed648ebef890585,sainsburys,"Customer: guys! What's the word on your famous Finest Yule log?! I can't find it anywhere?!!!
Support: Hey David, where are you shopping? I'll try and find out for you! Ryan.
Customer: thx Ryan. Might have to call off Christmas.... We're in Wallington.
Customer: Waited a year Ryan, any luck on finding your finest Yule log?
Support: Hi David, I'm afraid Ryan is no longer here, not to worry, I am. Can you possibly wait another seven days?
Our Wallington store is due a delivery on the 8th! Sam.
Customer: Hazzah. Thanks Sam. I’ve been waiting outside Wallington Sainsbury for the past year awaiting them! Give Ryan my best!
Support: Haha, no problem, glad to help! All the best! Sam.",
04c63dc0a1a9cff91fcd2cb5943ad127,airtel_care,"Customer: Free movement after JAKANDE roundabout to OLOGOLO &gt;&gt; AGUNGI @145585 @airtel_care #TELTrafficReport
Support: Hello @172594 Thank you.
Support: Hello @85381 We've got you covered!
Support: Hello @85381 thank you
Support: Hello @85381 We've got you covered!
Support: Hello @85381, thank you for your tweet.
Support: Hello @85381, thank you for your tweet.
Support: Hello @85381 We've got you covered!
Support: Hello @85381 Do you know you can dial *902# to activate and deactivate VAS services on your line.
Support: Hello @85381, thank you for this tweet.
Customer: they claim about payugo data I told them I am not using airtel data but always remove the money my No is 07083050044
Customer: I decided to report the issue to NCC for proper investigation on the matter but I wait to see what you can do.
Support: cont1.. However, line has been worked on. All inconveniences regretted. Thank you.
Customer: I reported this issue in your office in kano I was told everything is normal but still now iam confronting the situation.
Support: Hello @117129 ,please provide the affected mobile number via DM for checks and assistance. Thank you.
Customer: is MBO Lumia 920.
Support: Hello @117129 , please be informed that you were billed for browsing without a valid data plan. Thank you.
Customer: I uses to buy one month data from the service provider I am using therefore there is something behind the problem.
Support: Hello @117129, we would like to reach for details. Kindly provide an alternate mobile number to reach you via inbox. Thank you.
Customer: I am sorry I abandoned the line today as a result of your incapacitation to resolve my problem even today you remove the money.
Support: Hello @117129, we would like to reach you for details. Kindly provide an alternate mobile number via DM. Thank you.
Customer: I do not know what this line has done to you still the deduction is taken place in this line.09020564975.
Support: Hello @117129, apologies on your experience. Please note that the service has been deactivated as requested. Thank you. ^TOwo",
df7c4bc906426acee7b7bfd33670a44d,AskLyft,"Customer: Limited offer! New users, enter code 50TWITTER for up to $50 in free ride credit.  https://t.co/OVubnvco1H
Customer: Just created an account and entered in 50TWITTER promo code. Fix please https://t.co/z6yKa4Nn6l
Customer: I was charged for a ride I never took!
Customer: Tried using this code after signing up with you but said I have to be a new user. When i just signed up.
Customer: 50TWITTER
Customer: Don’t work
Customer: And I was then charged a 10 cancellation fee and my complaint “failed to go through?”
Customer: 50TWITTER
Customer: Where do I place the code on the app that I just downloaded? Pls advise",
f6dedd3df74df38e5a29654aca4f6cf7,OPPOCareIN,"Customer: #OPPOF1s in Black colour for O-Fans in Vietnam, Malaysia and Indonesia 
#SelfieExpert https://t.co/IFX4u5m2Ga
Customer: @131023 hello.
I have one question about oppo f1s, the SIM of this device is working in Saudi Arabia ?.
Thanks 🙏🏻.
Support: @166145 @131023 Kindly check the  frequency of the service provider weather they match with the freq of OPPO F1s.
Customer: @166150 @166145 @131023 Update oppo f1s india
Support: Moreover, you will receive a notification on your device if there any OTA update available on your device. (2/3)
Support: You may find the nearest service centre from given link https://t.co/CV19z29ibu 
Rishi 
OPPO Care (3/3)
Support: Android Marshmallow update will be available for your device on Tuesday. You can update your device from your nearest service centre.(1/3)",
052ada8ecdf4c3fc56950354ed72d131,AmazonHelp,"Customer: WOW @115821 whatever you did to your #Roku channel is absolutely terrible! You're now the slowest around, layout sucks too. #goback
Support: Sorry to hear you're not happy with the layout. If streaming is slow, please see troubleshooting here: https://t.co/ckad0MAUjD ^CJ
Customer: it's not my roku or Internet connection. It's your update! Seriously considering getting ride of @115821 #amazonprime disgusted
Support: I'm very sorry for the inconvenience. Please leave your feedback here: https://t.co/5DdfZBEPsd so the proper team can view. ^NC
Customer: Why is @AmazonHelp on twitter when all they do is apologize and ask you to repeat yourself. @420465
Customer: @AmazonHelp @420465 Lol, u make zero sense sport
Customer: @AmazonHelp @420465 If u could actually justify those comments they might have some impact. I'm leaning on the evidence, you're leaning on gradeschool whining.😂
Customer: @AmazonHelp @420465 Can u quantify that?
Customer: @AmazonHelp @420465 Is that an attempt at being clever?😂😂
Customer: @AmazonHelp @420465 Clever is as clever does.",
6a50eb2063ca33195de45491b2b9151d,SouthwestAir,"Customer: .@SouthwestAir bringing faster in-flight Wi-Fi to planes in 2017 https://t.co/4GqKp1Da7C https://t.co/0DH5o8FxLP
Customer: @SouthwestAir lets focus on getting all planes wifi enabled first
Support: Don't fret! A fully WiFi-enabled fleet is on the horizon. All -500s have been retired, -300s to follow by the end of 2017. ^WB
Customer: .@SouthwestAir in last week broken wifi on Reno-Dal, Dal-ABQ, Dal-Pitt. Broken wifi is the same thing as no wifi.
Support: Oh no! So sorry to hear. Please send us a DM with the email address used to make you purchase, so we can take a closer look. ^MS https://t.co/mQmfkXW4oV",
6689a953a697de74f0f9f402fb9c93e8,SpotifyCares,"Customer: @SpotifyCares expand the student premium version to CAD? sincerely, a broke college student who had to cancel her plan today😶
Support: Hi! It's not available yet, but you can vote for the idea here: https://t.co/Zb7NKuFp49 /JE
Customer: done! thanks for the reply 😌
Support: That's awesome, Katrina! Give us a shout if you have other questions - we'll be sure to help out :) /SY
Customer: @SpotifyCares yes! back on prem. thanks to the student version being expanded to CAD ☺️🎵",
87e7d1adcefe607e7918a480b621b1e8,AmazonHelp,"Customer: PSA: @115850 Video is CENSORED. 

The @119625 is officially D. O. A. 

If I wanted blurred shit, I'll watch TV.

Users report: https://t.co/uHzbkMd72Z
Customer: I'll wait for @115850 's explanation on why @119625 is censored. 

This is outrageous and wrong. Regional Censorship is unethical.
Support: Customers the choice on what to watch. When offering content, we respect our customers’ preferences while keeping  (2/3)
Customer: @184604 I really can't believe you would censor content. It's OUR choice to watch stuff and if people are offended it's their fault for watching it!",
86a12c8e715b27a9f2f5dfb2ca04599b,airtel_care,"Customer: please I need your assistance @airtel_care. Am unable to activate the polcom plan on my polcom SIM card
Support: Hello @645658, please provide the affected mobile number, code dialed and the error response obtained via DM for checks and.. cont1
Customer: @645658 I have a problem always air tel removes 50k in my account I reported to the customers care but invain 07083050044
Support: Hello @117129, kindly state the exact date the deduction occurred alongside the balance before and after the deduction was.. cont1
Customer: the deduction was happened on Friday yesterday the remaining balance was 49 naira with some kobos this thing is continue always
Support: Hello @117129, please be assured that the line has been worked on. Kindly contact us on this platform for prompt.. cont1
Customer: the old line I have abandoned is 07083050044 the new line is 09020564975 but still you're deducting my money.
Support: Please state the last time you were billed on the old line. Our sincere apologies for the inconvenience caused. Thank you.
Customer: I hope the govt will check the aciveties of Ncc because they are not protecting the right of the people from service providers
Support: Hello @117129, apologies on your experience. Please note that the service has been deactivated as requested. Thank you. ^TOwo",
af2a3537479fe29fd03632cb89199639,,"Customer: Hey @Tesco I can't be the only one that wants a Christmas pudding without alcohol! Even the ""free from"" is steeped in Cognac.
Customer: @Tesco try finding ""Halal""e.g. Halal   mouthwash... no alcohol..don't know if there's Halal Christmas Pudding... sounds multicultural https://t.co/0kEG9PtfjC
Customer: @Tesco There are no-alcohol mouthwashes, not seen one marked as Halal, though. Got a no-alcohol xmas pud this year at @tesco, no problem.",
6e0e2bcedc49f83183176a827fbdbf08,British_Airways,"Customer: just had to get of plane as they allowed dogs on plane and gf has asthma stranded at JFK ba disgusted
Support: Girlfriend’s health, &amp; we’re sure our colleagues at JFK airport will do everything they can to assist you both. 2/2 ^Kelly
Customer: this was the breed and size of the dog totally unacceptable https://t.co/24m2FMx0dS
Support: unable to refuse them travel, Mark. We’re you originally booked on a BA operated or an American Airlines flight? 2/2 ^KP
Customer: we booked through ba  but ba put us on American return flight
Support: travelling for the benefit of the person with needs, not for the dog. I'm sure cabin crew would have moved you if asked.
Customer: it remains the same we were being forced to share the cabin with a dog and moving does not help asmatics
Customer: @British_Airways  I say this respectfully:   Who's needs are more important: yours or the person with with the service dog?
Customer: @British_Airways person on the plane had the dog for company free in the cabin and yes the life of my girlfriend is more important
Customer: @344730 @British_Airways  https://t.co/69eYuNTbEj",
73de8fc74fa73ee42378ac83daba1fa8,SCsupport,"Customer: pls add a repeat button to your app on smartphones I'm having a crisis here
Customer: I'm willing to sell my soul for a repeat button pls work on one love u
Support: Thanks for the feedback, I'll pass this onto the team so a repeat function on mobile can be considered for future updates. Cheers /K
Customer: thanks ur precious💙💙💙💙💙💙💙💙💙💙
Support: Our team is always working on new improvements to the SoundCloud mobile app, so look out for updates at https://t.co/3iD9WVk0tM! /K https://t.co/GDWfbW1UsY
Customer: @484360 good. since lately the android app sure is acting strange",
68c08690115f24d0861b6ec22cda709f,,"Customer: - So if a geek like me wanted to take advantage of all the cutting edge tech on your network, what device would you recommend?
Customer: No one specific reco. We continue to drive all OEMs so their devices take full advantage of our advanced network capabilities
Customer: I live in Brooklyn NY. Any progress with service coverage through the battery tunnel from BK to NYC?
Customer: Yes we're pushing to have this project done by mid next year",
69d9d0e886451c332971af79e6876c00,Safaricom_Care,"Customer: hi I'm Andrew Mario Pkemoi nalelia my mpesa is locked please help I forgotten my pin. 🆔 30113441 balance 281
Customer: hi im andrew mario nalelia pkemoi of id no 30113441 i recently purchase new line true mpesa agent but mpesa is not activated.it failed three times please help
Support: Please DM your phone number. ^MM",
915bb2b3b2d4d50d813c8768995fc4a3,airtel_care,"Customer: extremely annoyed with customer care #worst ##help #loot @116329 @airtel_care 3012372181
Customer: @116329 @airtel_care @116329 @120219 really frustrating to talk to #CustomerCare @117128 .. aweful service provider #Handicap to shift because of bulk connections @325574 help, if you can! #dth
Support: @117128 @325574 Hello @117128, please assist on the issue herein. Thank you.
,",
a015de0dacbda5c8f5cabd78f6ae6bb4,AldiUK,"Support: Our coffee pods are compatible with Nespresso coffee machines. It’s a #Christmas miracle. https://t.co/9rv1h9wQza
Customer: are your coffee capsules compatible with Dolce Gusto?
Customer: Will you be selling pods compatible with tassimo coffee machines in the future
Customer: @AldiUK I would like to know the answer to this as well please x
Support: Hi Helen, thanks for your query. If you send us a DM, our Customer Services team will be able to advise. Thanks.
Support: @138114 Hi Molly. If you send us a direct message about this product, our customer services team will be happy to check. Thanks.",
d8d84c9e28369420445c3199528a3a58,ATVIAssist,"Customer: Triple Play Contract issues are resolved, thank you for your patience. (cont)
Customer: Just happened to me with the new 100 win Triple Play.  I grinded for days... Where is my reward.   I know where to look since I have been doing all of these since the game came out.... Nightmare!!!!!
Support: Hey! Please follow us and message me via DM so I can better assist you. ^AN https://t.co/c9WoAfwenP
Customer: @685795 My games have been fine the last 2 days i just earned prestige 1 rank 35 and got a supply drop my 1st time so far not having the supply drop i earned and its weird its just happening now i need a response and a fix being ignored is not ok
Customer: @685795 Ive followed and dm messaged u and no reply after umpteen attempts and i sent pics etc i need u to answer and stop being selective on who u help",
64d4ab9dcfb32078e444a069bcba44af,VerizonSupport,"Customer: This holiday, get a free MotoZ Play Droid, Samsung J3 V, LG K8 V, or LG Stylo 2 V. https://t.co/eAdqaN75Fl https://t.co/q5UQQb8MVB
Customer: almost a year later and we have yet to receive any monthly bill credits for the ""FREE""  Moto Z play they offered to us #verizon
Support: Let’s get you over to our partner’s @115990 and they will assist you with your wireless concerns.
^TDC",
755ad6c6e4e35daf7abff75d087dbfe9,idea_cares,"Customer: No 4G Network in my area
Support: we were unable to contact u on ur given numbers. Please share ur available date/time to address ur query. Rgds, Mangesh
Customer: Iam already provided my available Timings and also my alternative number# This is not correct !dea is India's 1st  cheating netw
Support: we regret the unpleasant experience. We will get back to you soon. Rgds, Naushad
Customer: Iam porting To other Network Tomorrow Good Bye To your cheating Network
Support: we are sorry to see you go. We will get in touch with you at the earliest to discuss the issue. Rgds, Naushad
Customer: Hello Idiot
Support: Sorry for trouble.We are here to help you.Please elaborate your concern and DM us your idea number to assist you better. https://t.co/LBfZgLCSfr",
feafdb3d9718de23635b7adc5002acd0,British_Airways,"Support: Watch how Hanna and Tom’s New York honeymoon turned into the trip of a lifetime. Tell us your story https://t.co/t7vMxwbNys https://t.co/bSEgOf11vE
Customer: Booked 2 flights premium economy British Airways frm Florida London. The area around the seats were dirty &amp; I had to clean this up with baby wipes as best as I could. complained &amp; sent pictures to BA...they accepted but not one penny back from them.",
a6562d5d0cd58dd64c9bdd51530bfa53,AmazonHelp,"Customer: @AmazonHelp, why is the convenient chat support not available in the Amazon Android app? :-/
Support: Hi, I'll be sure to share your comments as feedback with appropriate team internally for a review. ^SV
Customer: The chat support in app is now here. Nice! Dunno when it came, but good to know that it has been added!
Cc: @115850
Support: We're glad you liked our new feature! Thank you for the feedback. :)  ^HD
Customer: Seems that you have changed it now. No way to chat with a real person. The bot asks me to enter a phone number for a call back 😑
Support: Thanks for flagging this. We'll consider your comments as feedback and ensure to pass it internally for improvements. ^AB",
e4b8095afba30f8276781df3c6ec297c,Safaricom_Care,"Customer: would like to reverse an erroneous airtime purchase please assist....nimecall hadi nikakonda...
Support: Hi, kindly  share  transaction id for assistance on reversal.^KF
Customer: Do you have tracking services say on things like laptop TVs?
Support: We currently do not have tracking services. ^RO",
ac3eb7bd47bdbac85196100747cb0013,ChaseSupport,"Customer: 5 things you'll probably want to disinfect in your hotel room https://t.co/gAf85FWNrU https://t.co/7OhEnLJpUr
Customer: They gave me a cookie since I made a reservation. #scary #target #identified Anyone want it? :) #haha
Customer: @116016 Teller pretended counting machine was broken, shorted me $1, looked at boss for approval, who ok'd giving me my $1. #jerk
Customer: @116016 Here's the branch that tried to rip me off. See the cross on the hill behind? Jesus protects against the evil bank employees! Time's up! https://t.co/EE9FlBjkPm
Support: Hi, we've already forwarded your experience at this branch for review. Let us know if you have any other questions. ^JO
Customer: I've already switched credit cards on Amazon. Just one more payment thru the last branch in Simi Valley, CA then I'm thru!
Support: We regret to see you go. If there's anything we can do to turn things around and keep you with us, please let us know. ^PE",
41088d231dffff1b3c5cc5718f1ea32d,,Customer: night my watch went completely dead for the first time. I put it on the charger overnight and I still only see this.#help https://t.co/4HewSFc7bO,
11e09d04c52d1214e82c01684ed6a144,sainsburys,"Customer: OI @sainsburys WHY IS SOME WANKERS HAIR IN MY CARBONARA https://t.co/P7RDb7pWbB
Support: Hey Tayla. I'm so sorry! Could you send us the barcode and tell us what store you bought this from? Goldie
Customer: @356224 Goldie is that ur eyelash sitting in the carbonara?
Customer: @356224 Her names not Tayla it’s Taylor
Customer: @sainsburys  https://t.co/N309ZWstfS
Customer: @sainsburys 😭😭😭😭",
10214047466b038bacf2c4f96156b4b0,GWRHelp,"Customer: on (delayed) 14:46 from Cary to London. Train so packed to point of not feeling safe. Time to consider offering more services.
Support: Hi Kieran. Sorry for the difficult conditions. I'm afraid all our available trains and carriages are currently in use. Lewis
Customer: well given how oversubscribed the service is demand doesn't seem to be a problem. How about investing in more rolling stock?
Support: New trains and carriages are being built at the moment but unfortunately it takes time to get them into service. Lewis
Customer: @345806 same every year, they sell too many tkts. Tell everyone to complain and get a refund. Might teach GWR a lesson
Customer: @345806 @GWRHelp  https://t.co/m9sZ95MI40",
d699c74df091817d4b0605271b9d0c46,AirbnbHelp,"Customer: Help is there a way to rent my house during high season (January) minimum 5 days and rest of the year more flexible? # how?
Support: Yes you can! You can set up seasonal pricing for dates that you want to charge more for. Here's how: https://t.co/WMx1pAaesx
Customer: Good day! I have two people trying to make a booking but airbnb doesn't let them do so. Is there a technical problem with air bnb?
Support: Thank you for reporting this to us, can you DM us your email address and we can take a further look into this matter, we're here to help.",
59228b25281f2ccb98b1595947cf12eb,AskTarget,"Customer: Roarin’ into breakfast! #vansfoods #foodart https://t.co/NItHf1HJyL
Customer: I can't get my @70439 power protain waffles @116062 anymore. Where can I buy them?! My breakfast is ruined :/
Support: If you would like to DM us your zip code, we can look into what stores near you have this product!",
7494669a5a530d596644de72844a6ba9,XboxSupport,"Customer: Hey, can our team have a follow? Already great support! Keep it up.
Support: Greetings! Consider yourself followed. Is there anything Xbox related that we can help you with?  ^RR
Customer: Not really at the moment! Will notify you guys, if there is any. Have a great day/night!
Customer: @XboxSupport Hoe ass nigga begging for a follow lmao 
skid 
💀💀",
050c7ddf178b54764d5bf2354f16d5f1,AmazonHelp,"Customer: Participate in the Fitbit quiz on the Amazon app today and two lucky winners win a Fitbit Charge 2 and a Fitbit Flex 2! #AppFitnessFest https://t.co/4SLDRsbetb
Customer: Hello sir how i can see any winners in amazon app
Support: You can find all the contest results here: https://t.co/ICRkX2fNTQ ^SG",
39ec40fa4d61561a016e821c8d1b7c95,ATVIAssist,"Customer: any update on the online connection issue for I.W. ?
Support: Hey there, we are looking into this. Unfortunately I don't have an eta on this information but will provide updates asap. ^TS
Customer: @479401 I'm in Arizona and still cannot get online for black ops 3 PS4
Customer: @ATVIAssist just checked. All good on my end. Got on.
Customer: @ATVIAssist still nothing man. Did you have to restart your router? Still getting this https://t.co/nImg5O85CI
Customer: @479401 @ATVIAssist nice christmas three 😂
Customer: @479402 @ATVIAssist kepp checking from tome to time.I did and it worked fine. Just keep the system off in between.
Customer: @479403 @ATVIAssist Any ideas guys??
Customer: @479403 @ATVIAssist I got on and then let my kid play zombies and now it won’t let me on again ugh",
958e7f3a416ae24143984bd04d375dad,airtel_care,"Customer: Do you have network issues? My line has been disconnected for over an hour. 08029078299. Your swift response ll be appreciated
Customer: it's up to an hour. no feedback from you. Kindly revert back. Thanks
Support: Hello @426056, we tried reaching you to no avail. Kindly provide an alternate number to reach you for prompt assistance as the.. cont1
Customer: is the 4G plan for 2k still on
Customer: pls o can't do data
Support: Hello @426055, please be informed that the bundle is no longer available. Kindly dial *437# which offers 3.5GB at the rate of.. cont1
Customer: my number is 08023513709 I already have credit there jst activate my Easy plan for me
Support: Hello @426055, apologies on your experience. Kindly provide your mobile number via DM for checks and assistance. Thank you. ^CIA
Customer: pls help me activate my data plan My number is 08023513709
Support: @426055, check shows that you have active data bundle on your line. Kindly dial *140# to check your data balance. Thank you. ^CIA
Support: @426055,, check shows that you have active data bundle on your line. Kindly dial *140# to check your data balance. Thank you. ^CIA
Customer: yea Tanks it was network p
Support: Hello @426055, you are welcome.",
eed80c93bacadae3e8da693322c3bd26,SpotifyCares,"Customer: any news on an iwatch app? Which third party one do you recommend in the meantime?
Support: Hey! Check out the official idea and convince our dev team it's something to look into by voting at https://t.co/SEK4E4gi22 /CJ
Customer: @202601 If your dev team need convincing, then you have a problem. It’s marketing who should decide on this. 🙄
Support: We hear you! Rest assured, your feedback will be passed on to the right folks /TB",
e03467b86630854ff2c61928a297a9b1,TMobileHelp,"Customer: free wifi and text #TMobileWingman #Dope
Customer: Whoop whoop! The #TMobileWingman at it again! Glad we could hook you up as you fly the #MagentaSkies K! *MelJ
Customer: so Tmobile straight ripped me off offered free iPhone than weeks later wrong plan #giftcarddenied
Support: Oh no, K. Let's check this out for you! Send us more info in a DM. *NaeJ",
1c34790dc216b192e2c31080c0c7e1ea,AppleSupport,"Customer: So not only am I locked out of my iTunes, but this update is also killing my battery 😖😡 #iphoneproblems why @115858 why?!?! 👺👺
Support: We're here for you. Which iPhone and software version are you using?
Customer: @AppleSupport iPhone 6S, software 10.3.3
Support: Let's figure out what's going on. Send us a DM so we can gather some info. https://t.co/GDrqU22YpT",
7114b197bbd232a9fb706aa848e35ab7,AmazonHelp,"Customer: LE MAS PROVENÇAL: (1er roman) de Hartmann ABBEY https://t.co/XOV6sAPAIg via @120533
2017, c'est l'année pour déguster mon premier roman...
Customer: Merci à #Amazon de mettre les chiffres à jour !?
Support: Bonsoir, en quoi pourrais-je vous aider? ^BR",
662269ae4b900f9363655b3ffd946019,AmazonHelp,"Customer: Estaba esperando anoche un pedido que cada vez se retrasa más. Cómo es posible que un envío que estoy pagando se demore 40 días?!
Support: Me apena saber lo sucedido con tu entrega. ¿Has verificado si has recibido un email indicándote la razón de esta situación? ^VL
Customer: no he recibido nada
Support: ¿Has contactado con nuestro Soporte al Cliente sobre este pedido? ^LG
Customer: cómo me comunico?
Support: ¿Podrías indicarnos en qué mercado realizaste el pedido ► https://t.co/nUUp5MLhYl - Amazon.es - https://t.co/Xxn35fEBwC? ^SB
Customer: https://t.co/chcr2kxtUv
Customer: Otro pedido que se demora. La nueva fecha me obliga a esperar 15 días más. Y ya me había llegado un correo pidiéndome que calificara el servicio.
Support: Lamento lo sucedido Sara. Por favor contacta nuestro Soporte al Cliente mediante el siguiente enlace: https://t.co/eJXKURvpr8.",
70d121898b5ec65a3e9b2183e857bb22,AskLyft,"Customer: Limited offer! New users, enter code 50TWITTER for up to $50 in free ride credit.   https://t.co/NsnUmfA32m
Customer: I just signed up and Lyft app forced me into another code. I wanted to use 50Twitter. How do I get this promo? @AskLyft
Customer: Just signed up and attempted to use this code and it doesen't work?
Support: Hi, there! Please DM us with the phone number associated with your account, and we will take a look for you. https://t.co/SXpdictw1A
Support: Hi, Steve! Please DM us with the coupon code and the phone number on your account so we can further assist you. https://t.co/SXpdictw1A",
8bffd9dc86f7cc574a0d7075a271af96,DellCares,"Customer: disappointed. Just got my new shiny Dell XPS 15 and already have bleeding screen + dead pixel. Cool for a laptop @ 2000$
Support: 2/2registered owner’s name and your e-mail address along with a few pictures via DM. We will surely try to fix it at the earliest. ^MU
Customer: At least thank you for fast answering and for your help ! I'm not at home right now but I'll send you a DM later. Thanks again
Support: Sure! Please get back to us as per your convenience. We are available round the clock. ^MU
Customer: Hi, it's been 2 months since I DM you and still got no answer. Can you look at your DM please ? I send you a picture, thank you
Customer: Just saw your answer now... was expecting a dm... sorry, I'll DM you now all the informations.",
0d39b5f30153b7d34f8aa8793cd83b54,AmazonHelp,"Customer: Guided by your cust support to place a parallel order @115850 not getting refund for Amazon Pay balance now. Order 403-2360667-1789914
Customer: @115850 why rupay debit card are not available in amazon pay they show error
Support: Rupay Debit Card is available as a mode of payment on Amazon website. Request to refresh your account and retry payment after a couple of minutes. ^SF",
3e547ebcb677d8c2c8d858e370bf901f,HPSupport,"Customer: #hpsa #hpprnt  
Printer HP ENVY 4500 where do I find the WPS or WPC button ?
Support: Hi, Ingrid! I'd like to help. :) WPS button can be found on the router if your router supports WPS. If you run a wireless...1/2
Customer: I called HP Support by phone in Germany and  I have to find the WPS on my Printer as well afterwards I pressed it on the router
Customer: @HPSupport Resolve technical queries related to  HP Network  Router just tab the https://t.co/AxFTaQEuho",
3a7266664e91562402b482c8912de0ad,AskPayPal,"Customer: Porque no puedo pagar con @115993 en @115783 ?...
Customer: @115993 @115783 ¿Qué solución te dieron? Tengo el mismo problema
Support: Hola lamentamos lo sucedido por favor envía un DM y con gusto podremos revisarlo.  ^J https://t.co/MbymXn02mi",
ac65f4edb6fd5fc8564c05e6bbc86065,DoorDash_Help,"Customer: All site issues have been resolved. Happy DoorDashing!
Customer: Can't place an order and can't remove items from cart.
Support: Thanks for getting in touch. Please DM us with your email and we'll do our best to help.",
aeaa2aa486367589dd6a77292c1f1ac0,AmazonHelp,"Customer: @98406 
this is what amazon delivered me on 30-Dec-2016 with false commitment regarding replacement. https://t.co/InlCamqfkD
Support: Please don't provide your order details, we consider it personal information. Our Twitter page is visible to public.^AK 2/2
Customer: test desc'ssssssss
Support: Hi Sergio, how can we help you ? ^SA",
59b7897f1d2e45ffabc9e05999d57922,Uber_Support,"Customer: i don't like my last ride.... https://t.co/XYL24B86pJ
Support: Sorry to hear about the trouble, Khimberly. Please send a note to https://t.co/balq3Eyso6 and we'll follow up.
Customer: how can i report the rude uber driver that cancelled the trip of my friend. Thank you...
Support: Please have the account holder reach out via  https://t.co/QsI1vsvcif.",
d002380e48b627c8de12c92be86539e0,CoxHelp,"Customer: Help!!!! - Reference Cox TV Forum post: ""TV Pixelation and Service Temporarily Unavailable"", Posted by dbb, 7 Jan 2017 10:05 AM.
Support: I apologize for the delay. I see the forums post and have replied there. Thanks! -Dustin
Customer: Thanks, email sent per instructions
Support: Thanks for your email, Dave! I'm taking a look at things now and will reply shortly. -Becky
Customer: Hey your signal is having issues
Support: We would like to look into your issue.  Would you send us a DM with your full address for research?  -Mark
Customer: Address:David &amp; Sheri Buras18 terraza del esteHarvey, la 70058
Customer: What is a DM?
Support: DM is a direct message. To protect your privacy we recommend deleting the post with your personal information and sending it via DM. -Maria https://t.co/ovAKPb0TYC",
36553703185a2deb04f82f9bd0898cfb,TMobileHelp,"Customer: Coverage on 101 Fwy in Carpinteria to Mussel Schoals is DEAD. Always has been. Nexus 5/ 6p. Friends report issue too. Help?
Support: ...https://t.co/N3fFTJ674O and send us a DM? Thank you!! :) *BrentonH 2/2
Customer: TM Used DTVNow today and went against my bwidth. I have BOn enabled. Why is this happening?
Support: I'd love to make sure everything is working 100%! Please DM me here: https://t.co/gAmFrAsnx1 *PatrickUllmann",
51d97edefaf14e140185b7cd1440305c,ChipotleTweets,"Customer: I am mad because Nut is not an option to put on my burritos
Support: Any nut in particular? -Becky
Customer: I'm talking about semen becky
Customer: @ChipotleTweets why did this never go viral
Customer: @ChipotleTweets cuz it’s real comedy and not a vine reference",
243fd8e7ab769a20af9a7f13b5d547be,AmericanAir,"Customer: Flight AA172 from LAX. Re-boarded 3 times. 10:35am departure leaving close to 4pm. @AmericanAir #AmericanAirlines #theworstairline
Customer: @AmericanAir Could this be me today? Please tell me in advance so I can work and leave later... than sit at the airport the whole day and be frustrated. https://t.co/hcwtAcyKkn
Support: We're planning for an 11:40a departure at this time, we'll continue to keep you updated along the way if it changes.
Customer: AA needs to be clear and let pssseners know that gate 50 is at Terminal 5. I see a lot of families struggling to cope; stressed connecting.
Customer: Please give us some good news. We’re hoping, waiting, wanting .... 🙏🏾 https://t.co/z4wUkhAdKH
Support: We see you're out of the gate, so we'll have you wheels up momentarily. Thanks so much for hanging in there, Manuel.
Customer: The crew on this flight was great.
Support: Thanks for the shout-out to the crew. We'll be sure to get this over to our #AATeam.",
fa96ac1e383250900602ab6ccc06cecb,AppleSupport,"Customer: #iPhone 1-9-07
10 years and over a billion sold https://t.co/tmd97kFauM
Customer: Yo, iOS 11.0.3 and I’m still dropping crazy frames on the iPhone 7 Jet Black, you surely abounded the best iPhone ever pretty quick now.
Customer: The amount of times that happens is more than the amount of iPhones Apple has sold to this day. Fix these things. My iPhone 7 is dying. https://t.co/RajhoChvrt
Support: We'd like to see how we can help with your iPhone. Please DM us the details of what you're experiencing and we'll take a look. https://t.co/GDrqU22YpT
Support: We'd love to help with this. Send us a DM with some additional information on what's happening &amp; share your iOS version too. https://t.co/GDrqU22YpT",
c1363ef010ad2f56881fc994dfab1f67,AmazonHelp,"Customer: Amazon Fashion: Buy Footwear, Clothing &amp;amp; Fashion Accessories online for M... https://t.co/tOTYO5BROM via @
Customer: I purchased 2 mobile phone. And it is not working properly. Also one of them is still sealed. And not accepting return. First you provide faulty products and then not willing to return. What if the replacement is still bad. Please refund.403-8580164-3799532
Customer: I am a regular user of Amazon. And even purchased echo, and the first time I am facing such issue and no customer care is even ready to listen. Please refund my money. And when at least one of the phone is still packed which I did bot open due to faulty first one.then y not refun
Support: Sorry about your recent experience, Neha. We'd like to check this and help you. Kindly share your details here: https://t.co/beaaDm0muc and we'll contact you soon. ^SY
Customer: I have shared the details. Hope to return the mobile soon.
Support: Thanks for confirming. We'll reach out to you soon. ^SG",
aa40e3d7ed6fc3a6a22af2be30d1b22a,ATVIAssist,"Customer: I keep getting kicked from multiplayer games after about 30 seconds and it says error code: tyche. Any assistance?
Support: Hey there, can you let me know which platform and game you are seeing this on? I'd be happy to help. ^TS
Customer: it states i have beeb disconnected from infinite warfare servers and mentions error code tyche
Customer: @ATVIAssist What was the problem with that and the solution?
Support: I see, create a backup for your campaign data and clear your cache with the steps in the following link: https://t.co/Nt2T6WMm3G  ^TS
Support: Hey there! Were you having issues yourself? If so, let me know via this DM link. ^MB https://t.co/c9WoAfwenP
Customer: seems to have fixed it for now! Thankyou very much!
Support: No problem at all, if you find the need for any other assistance please let me know. Take care. ^TS
Customer: @598273 I was booted midway through a multiplayer game, error TYCHE, then wouldn't allow me to access online services. help pls.
Customer: @ATVIAssist @598273 Was there a solution?
Customer: @ATVIAssist @598273 hey, i dont think so. i want to say it was my internet (wifi). it just fixed itself or it started wrking for me after i bought a LAN cable.
Customer: @ATVIAssist @598273 y r u having probs?",
8a47836f0013625a9b79f07889ad8305,AmericanAir,"Customer: New for 2017 - one more tier added to sub-first class boarding process...#snafu
Support: We know our changes may take some time to adjust to. We'll try to make this process as smooth as possible.
Customer: if this morning's SFO boarding process is ""system wide"", it is a change I am happy to adjust to.
Support: Your boarding process should always be seamless and enjoyable. This is what we love to hear!
Customer: @AmericanAir. Any chance someone here can tell me what the ticket number is for record locator XQZRKL? Already lost 90 minutes on this mess
Support: No problem, please meet us in DMs so we can provide that information.
Customer: Thanks for the reply, it is frustrating that AA Executive Plaitnum desk is not empowered to make decisions that are relatively minor. I just spent another $2,500 with American today and am wasting hours on a $200.00 change fee due to a fire that is out of my control. Sad!
Support: We know this is a very difficult situation and our team is doing everything we can to help. We're sorry we weren't able to this time.
Customer: I get it! Just sad that it has become so impersonal. AA is losing long-term flyers like me; I meet them all the time. I have moved to Emirates for APAC travel. Reminds me of AA 20 years ago
Support: We value your loyalty and sure don't take it for granted. We'd love to continue serving you for years to come.
Customer: If that were the case, we wouldn't be having this chat. Just saw this artical this morning, perhaps you can pass it on. Please don't view this as me ""looking for points"". I already have more than I can use. https://t.co/09AG1rqEzX",
9a8e0bdd6dcf3bdc4268c2a6671c86bf,hulu_support,"Customer: Love the way you rip people off of their service a Day early!
Support: Sorry for any frustration here. We'd be happy to help! What's going on? DM us your email &amp; details. We'll be standing by.
Customer: HULU has absolutely no desire to accept that they're Wrong; nor do you have any interest in Customer Satisfaction/Retention. Cya!
Support: Hi Steven! We'd be more than happy to look into this for you. When you have a moment, DM us the email tied to the account.
Customer: Sorry, bit I don't understand what you meant by ""DM us the email tied to the Acct.""
Support: Hey! If you still need assistance with your Hulu account, please contact us by phone or chat here: https://t.co/6YdK7bvQN7.",
83baf60923e6cc9e7bfc6c40e1f97d0e,ChaseSupport,"Customer: when Will Chase support be coming to Microsoft Wallet?
Support: We'll be supporting Microsoft Wallet later this year. Stay tuned for updates! ^AW
Customer: @317078 *bump*

Any chance of a date yet?  Lumia 950 here as well, and I'd love to use my Chase card with MS Wallet to make purchases.
Support: Hello, it is still in the works but no official release date yet. We'll be sure to let our customers know. ^AF
Customer: *bump*  Anything yet?
Support: We understand you’d like to have this available. While we haven’t heard of a time frame, we’ll definitely keep you updated. ^JG
Customer: *Double-bump*  Hello....?
Support: Hello, we do not have an update on this. Please stay tuned for details. ^WP",
86eaea8faf54719312b078aeacb39f95,YahooCare,"Customer: I think guy in charge of the Yahoo Finance redesign(aka the end of YahooFinance) must have been transferred to Head of Rebranding Committee https://t.co/XhZq9nLQcf
Customer: So not only Yahoo destroys @115812 into a complete unusable mess of spam, now they change the API without notice, WTF... you're fired.
Customer: After being available for years yesterday @115812 decided to kill what was the last useful bit there was to that clown show... #Fuck 😒 https://t.co/aSiOgcvY76
Support: Sorry you've had that experience. You can leave your desire for that feature here: https://t.co/ikj1Fcutx4
Customer: I have and the thread was deleted.
Support: I'm sorry that you've had that experience. Unfortunately, we cannot provide support for that particular issue.",
9be27db586c540816f23bb3e88edd9a4,AmazonHelp,"Customer: Online shopping from a great selection at Health &amp; Personal Care Store. https://t.co/0JvdLLc1Rx via @
Customer: Two in a row from Amazon. Deliveries keep getting delayed. Being a prime member, I was denied OTD not just once. Have reported the issue before EDD but no reflection on the delivery. Still they couldn't ensure the delivery on time. I am pondering now whether to continue prime.
Customer: Worst experience related to

Order #
407-2197767-4002705
Never recommend amazon india
Customer: Don't purchase anything from @115850 They are delivering faulty products. I purchased iphone 6 10 days ago",
9e29d83f258f477a46b62cfa8a7461a1,AppleSupport,"Customer: @AppleSupport Hi, is it possible to link my Hive lights/hub to Apple HomeKit?
Support: Hi! To see a list of accessories that work with Apple HomeKit, click here: https://t.co/5OAsDC2ye7
Customer: any plans to include @104870 in the future or is that a question for @104870 ?
Customer: @AppleSupport @104870 Homekit support is coming this year from Hive. ^Wm
Customer: @801248 @AppleSupport @104870 This year is almost gone, what is the news on homekit support please @324984 @110722
Customer: @801248 @AppleSupport @104870 @110722 Hi Jonathan, we’re working with Apple to make Homekit &amp; Hive integration happen, but we’ve no times scales just now ^GF
Customer: @801249 @801248 @AppleSupport @104870 @110722 I’ve bought 3 @115833 after getting fed up of waiting, gotta say they work really well
Customer: @801249 @801248 @AppleSupport @104870 @110722 You said this year, c’mon guys...
Customer: @801249 @801248 @AppleSupport @104870 @110722 @115833 I love my Echo (and dots) too Craig, so simple and just getting better &amp; better with every update 😉",
b1f0856c208ac299125ab681093e2e49,AskeBay,"Customer: @126021 @108748 @AskeBay 
Hey I am facing problem in refunding my amount can you help me out?
I was force to keep item 😡😡
Support: Oh no! What exactly happened? Please let us know more details, you can also send a private message. We are happy to help^CT
Customer: @788845 
I have again mail regarding the issue.
I want to return item due to its not satisfactory and want my money back.
Customer: seller is not responding i send item back bt they denied to received. ebay is also supporting them.Where is customer satisfaction?",
ac852511abe6839f26b1a00ad1488f9a,O2,"Customer: The most #horrific #service from @O2 at #tooting after they have failed to declare missing services of the contract to me. @126023 next
Support: Hi there, what's happened? Can you please provide more details? https://t.co/Xe5i4kfJ97
Customer: I will provide all details and post them on social media at the same time . You should be accountable for the service your #managers provide
Support: Did you check the terms which would have stated it was a business account? Let us know.
Customer: I don't know the difference between personal and business. I am not a business. Seems that I am limited as a business customer.
Support: When you signed your contract, it would have stated this was a business contract that you were taking out.
Customer: Your rep. Did not mention that. It was not a service that is specified as it is an additional service. You misled me
Support: We've replied to your DM with more info.
Customer: just confirmed that they will not #assist any further. Please #people - #think twice before #signing or #renewing with them @126023 #Fail
Support: We're happy to look into this further, if you'd like to raise a complaint via the link we gave you.
Customer: You have all the #information you need to pick up the #phone and #call me. Let's see you make an effort
Support: If you'd like to escalate this further than the store manager, you can ask to speak with their manager or log a complaint.
Customer: Your handling of this is a #disgrace . Your #comments here are #embarrassing. Your service is #appalling . But you still think you are right
Customer: @O2 Did you get anywhere with this",
aaa425d6791418dd815f9a6b9dc917dd,Tesco,"Customer: Prize winning leek in my grocery delivery yesterday! #giantveg #5aday https://t.co/ZfupxHoTRN
Customer: Another prize winning leek from Tesco! Honestly what am I supposed to do with that. Most of that £1.50’s worth of giant veg is likely to go in the bin 🙁 https://t.co/lwdXPjA1V9
Support: Oh dear! Sorry about that Louise. I'd like to log your feedback, can you please DM your full name, address and email so I can access your account? Thanks - Emma",
a8495b97872d9be703d45677ca1ab080,GWRHelp,"Customer: Big shout out to Kirk the onboard guard who helped us get our tickets on the 2202 North Camp to Gatwick. #superservice #topbloke
Support: Hi Jessica. Glad Kirk was able to help today. I'll make sure his manager gets to read this. Natalie
Customer: @40301 @336768  https://t.co/dDC1efxBz7",
aa7279c26c50d4d659807ac8fe34c66f,GloCare,"Customer: do sth abt ur ntwrk's poor voice clarity n instability.Hav complaind since Nov abt dis.May b u don't care.
Support: We sincerely apologize for the inconveniences. Please provide your number, exact location, device type and error message. K.A
Customer: Ewupe sango Otta,infinix hot,poor voice call n horribly slow internet dat switches btw 2G n Edge instead of 3G.
Support: kindly ensure your network is not on automatic but set to 3G only ~ OO
Customer: 2/2 as I had 2 loan it 2 a friend who is not even using it 4 an MTN modem.I can't check my acct bal since yesterday.
Customer: I think ur advice is working.y hasn't anyother person told me dis 4 abt a yr now.Can I apply dis 2 glo bolt modem?
Support: Yes you can. UO",
5fa12747a31ef404e5cae9eee7b2fa3a,AlaskaAir,"Customer: Dear @AlaskaAir How do I transfer Virgin America Travel Bank dollars over to my Mileage Plan account?
Support: Hi Irfan, you should be able to use this link: https://t.co/d26vO8Eckd -Linnea
Customer: that link only supports transferring points, not ""TRAVEL BANK"". See screenshot of @VirginAmerica portal. How do I transfer those? https://t.co/a28m4eE6BE
Support: @VirginAmerica At this time the Travel Bank can't be transferred. Apologies for any confusion. ~Angel
Customer: @504335 @VirginAmerica Hi, do you have an update on this? What happens to my #VirginAmerica travel bank after 2017 when Alaska fully takes over?
Support: At this time there is no additional information. I apologize! -Jordan
Customer: @VirginAmerica If I don't use all of my #VirginAmerica travel bank by the end of this year, would I risk losing all of that?",
ef568bdb26534494c33cd48ee1b1189d,sainsburys,"Customer: thanks for the v. fresh &amp; v. appetising pomegranate https://t.co/hKHw3Gktej
Customer: Thanks for the great customer service.. This is why I now shop with @AldiUK
Support: Sorry Jonny. Can you DM us via the link with some more info please? Lauren https://t.co/MdMtnTlX6H",
a37618e5241ef99bb7f5f9d2ad1b5234,marksandspencer,"Customer: Your sponge:cream:custard ratio in your trifles is all wrong.  Utter shambles of a classic British dessert.
Support: What's your ideal sponge:cream:custard ratio? We'll advise our Food team :)
Customer: First off you can't be having the sponge on the top, madness.  Secondly, I forgot to include the jelly.  Thats my bad.  Cream 1: Custard 2: Sponge 1: Jelly 3.  I think thats perfect.   I look forward to seeing the results.  Honestly.
Support: Thanks, we'll get this passed on for you!",
d0f989aa1e79ae8907ca9d75dd02f568,BofA_Help,"Customer: disgusted with bofa.
Support: Hi, please let us know if you have a specific account related issue you would like us to assist with. Thank you. ^am
Customer: I have struggled with this brand since 2009 when all the loan crap began. I am owed back insurance of $3,000. I get no help
Support: Please DM your name/zip/phone/account type and we will contact you. ^am
Customer: is this a DM?
Support: Please follow me, and on your home page click on the Person Icon to send us a DM with the requested information. ^ig
Customer: I need to know who the new loan service institution is.  I got a letter to call just advise me here.
Support: Hi, please click the link below to DM your property address. Thanks. ^th https://t.co/CoOXedUuUC
Customer: 301 Woodlands Court Hartland WI.  We need to talk. State of WI is not happy
Support: Thank you for your reply. I will connect with you today. ^th",
17f1323bf68e9bbefbeffd2919b7ade3,marksandspencer,"Customer: any idea when #Chippenham food hall is going to open?
Support: Hi Jules our Chippenham store will be opening towards the end of 2017, keep an eye out in your local press nearer the time :)
Customer: @337307 Is it just food? Can you click and collect? Us Wiltshire lot need somewhere to buy our undies!!!
Customer: @marksandspencer @337307 Is this still happening?! Not seen anything on the new  Chippenham store apart from this tweet! M&amp;S please let us know more!!
Customer: @356976 @marksandspencer @337307 1st November 10am https://t.co/l4I5oiU9gu
Support: @356976 @337307 Hi Jess. We've checked this out for you and all is going ahead. It should be opening at the end of November. ☺️
Customer: @356977 @337307 But is it just food? #wewantknickers
Customer: @356976 @337307 Brill! Thank you!!
Customer: @356977 @356976 This date keeps moving back - it was going to be last summer, then in time for last Christmas, then spring this year....#williteverhappen",
65c8db3acb494fe5e2d7bec608743bea,SpotifyCares,"Customer: Hey @115888, when are you going to update your messaging platform on mobile? In current state, it's just terrible. Love Spotify, though.
Support: Hey Corey! We don't have any info on this right now, but we'll make sure to pass on your feedback /GL
Customer: @SpotifyCares Glad to see the integration of others’ messaging platforms. Much better than before! Thank you!
Support: Hey! Thanks for the feedback – we appreciate it. We’ll get this passed onto the right team /NQ",
c12ec51f1e83b69a3468a4d391d4bfc4,AzureSupport,"Customer: When using CI/CD features for deployment, any feature support to push pdb symbols as part of that pipeline?
Support: Could you please let us know more info about this? ^JI
Customer: Using an on-prem CI/CD pipeline, a build symbols server can be specified. How can this be done using the Azure portal?
Support: Are you utilizing VSTS as detailed here: https://t.co/TS9KUPDGIQ? ^JI
Customer: @735914 We don't yet have a symbol server for VSTS. One option would be to use MyGet https://t.co/o9JhP85UGL
Customer: @AzureSupport @735914 VSTS now has symbol support. https://t.co/zAxCiCV2ip
Customer: @735915 @AzureSupport Very cool! Thank you for updating this thread!",
4e01570379e641a619079349fa2e64f4,AirAsiaSupport,"Customer: Please, i am now will be check in my flight, but it doesn't work.
Support: Sorry for the inconvenience, Abdul. May we have the booking number for a check? -Miza
Customer: Sorry, already finished last night. Thank you
Customer: Please help me to the problem of the purchase of tickets my family when bought on the agent, because not listed booking number is needed when chek in at the airport
Customer: gd night brother, sorry want to ask. my family bought a ticket on the agent, but on the ticket it is not listed a booking nmber, but only the name of the course. what about a case like this ?while the time of the inspection check in there should be a booking nmber on the ticket.
Customer: Please help me to the problem of the purchase of tickets my family when bought on the agent, because not listed booking number is needed when chek in at the airport
Support: Hi , kindly provide us the booking number for further checking. Thanks - Nod
Customer: well, if you can take care of ticket, please resend to my email address. __email__
Customer: or may be in the check in database with the dates of flying and the list of passenger as on the ticket https://t.co/0q81FKcOUH
Customer: on the ticket given not listed a booking number, sis, this picture of the ticket. only given this image..
please help https://t.co/H7iOYjD93d
Support: Sorry but booking can only be linked to the guest or contact person for security reasons,  Azis. Thank you. -Miza
Customer: owh, ok thank you Miza.👍👍",
6db59181993e4bb1a9a8db110c048b56,hulu_support,"Customer: Thanks Greg!  You can watch it here  @115940  https://t.co/AqmLH92W57 https://t.co/jUn0qPcSSm
Customer: @115940 @766329 what happened to Sentenced to Live on Hulu? It's no longer on there.
Customer: @370307 @115940 mine cut halfway through. Listened to the rest on my roommates iPod
Customer: @766330 @115940 yeah, Im checking into that, have an answer on monday, my apologies
Customer: @766329 @766330 @115940 Trying it watch it today and it's still a 404... Did you ever figure this out?
https://t.co/ENENQPBNXN
@hulu_support @115147 @115148 https://t.co/cCxT9yFugS
Support: Hulu here! Sadly, we no longer have the rights to the special—but we'll be sure to share your interest in seeing it return! 🙌
Customer: Thanks",
25a7be7953b054b78bddf50246ba86ff,AppleSupport,"Customer: my touch bar isn't working! https://t.co/Exw41Bcg2p
Support: We want your Mac to always work as expected. Does the Touch Bar work in any apps outside of Messages?
Customer: yes it works in my other programs
Support: Let's try force-closing Messages using the steps here: https://t.co/qyCtTUs7VU and then reopening Messages.
Customer: ok that settled it for now. Thank you for your assistance 🤳🏾
Support: You're welcome. If you have any other questions feel free to reach out.
Customer: hey my touch bar isn't working again. In iTunes this time https://t.co/5GCRIP35Gw
Support: We're here to help. Is it only having issues with iTunes? What version of macOS are you currently running?
Customer: not working in any app. I have sierra 10.12.3
Support: Does the issue persist after restarting? Let us know in DM. https://t.co/GDrqU22YpT
Customer: the text reactions aren't working in iMessage. also when I FacetTme from my MacBook, the person I'm talking to can't see me
Support: We can help with both issues. What happens when trying to use reactions? Does this affect multiple contacts?
Customer: when I click on a message, the options do not appear on touch bar. And yes the FaceTime doesn't work for any contact https://t.co/oqFWccxWAI
Support: Have you been able to restart computer? If so, let's perform an SMC reset and then try: https://t.co/FYojVXHuwn
Customer: the SMC took care of both problems thank you for the information!
Support: Excellent to hear it! If there's anything you need in the future, reach out. We'll be happy to help.
Customer: Hey @AppleSupport the touch bar is not working in google chrome watching TV! Is it normal to have so many bugs with this https://t.co/yq6P4dWskq
Support: Thanks for reaching out, we'd be happy to look into this. To start what software version are you using on your MacBook?
Customer: Hello again. having camera difficulty when facetiming or using photobooth. The latest software is downloaded. what could this be? https://t.co/ZT2ZqntCP3
Support: We'd love to help with your camera. How long has this been going on? Any recent changes?
Customer: Hello again, this screen froze over the video playing underneath. This happens sometimes, do you know what it’s about https://t.co/HircLHHwik
Support: Let's resolve that issue. Which macOS version is running currently? Also, have you tried to restart? If not, try that out.
Customer: macOS Sierra Version 10.12.6 Yes I’ve reset it too. I can never predict when it will happen https://t.co/Hqb7iIRSO3
Support: Does this only happen while playing videos? What app are you using when this happened?
Customer: Google Chrome and Safari. Yes videos, but the screen wavers and flickers sometimes just on the desktop or non-video apps
Support: Thank you for that information. DM us your current country. https://t.co/GDrqU22YpT",
07b04b4071b08cb546fdbbf6e44d4cac,AskeBay,"Customer: Your Filipino call centers are THE GATES OF HELL!  FIVE HOURS I'VE SPENT BEING LIED TO AND HUNG UP ON! PATHETIC!
Support: Hi, I am sorry to see you are having trouble. Can you let us know what is going on? We are here to help ^C
Customer: Your Filipino reps in Fraud dept. are committing fraud!!!!!!!!!! Lying to customers to get them off the phone!!!!!!!!!!
Support: That's definitely not what we like to hear. Can you DM us some details. We'd be happy to help you here. ^P
Customer: You CC payment system has been compromised in the 24hrs. My full CC# has been stolen per Paypal.
Support: without consent please have a look at this link https://t.co/LO6iLRmfTu. Let us know, we'd love to help. ^A2/2
Support: Hey David. What happened exactly? Can you please Dm us more details? If somebody has gained access to your account 1/2
Customer: Your entire CC payment system has been hacked and thieves are capturing entire CC #'s every time it's used. Confirmed by paypal.
Support: Safety it's a priority for us and we'd like to take a closer look if you can DM us more details ^AH",
8396fabc1a206838b871f2a5c1050c1e,AskCiti,"Customer: i can get in to my account please help me
Support: Thanks for reaching out. Please click  &amp; reply with your account type and the country your account was opened. Thank you. ^ML https://t.co/gvC4jAOA9c
Customer: cheking new york(bellrose)
Support: Hello! We have not received a follow up reply and will consider you are no longer needing our help. 1/2
Customer: I have a provlem with connecting with my account in the internet alway they ask me
for new password can you tell me what can i do?
Support: Good Morning George. We haven't heard from you and would like to assist you with your concerns. Please click and DM your account type, country, error message/code received (No acct#/PIN’s) ^YC https://t.co/gvC4jAOA9c
Support: I will be happy to try and assist you. Please click on link &amp; DM me your account type, and country your account was opened in. Please do not  include any account numbers or your PIN. ^MG https://t.co/gvC4jAOA9c
Support: We have not heard back from you and will consider that you are no longer in need of our help. Please contact us again if you would like assistance.^ZJ",
74e9fe6b2db4ee7a3891863e1eb69cd0,JetBlue,"Customer: Hey @jetblue, why does FlyFi block VPN access?  That's mighty inconvenient.  Would be willing to pay for it.
Support: It's blocked for now, but something we're looking in to for a later time.
Customer: That kinda messes up getting work done on the plane for a lot of people.
Support: We appreciate the feedback, Robert and will pass it on.
Customer: @292449 Any chance to look into this yet @JetBlue? Been 10 months
Support: @292449 This was passed along back in January so we'll follow up and get an update for you. It might not be until tomorrow, so stay tuned.
Support: @292449 ...inconvenience! 3/3
Support: @292449 ...connected to Fly-Fi. It is a corporate policy set by ViaSat, and one that we have no control over. We're sorry for any... 2/3
Support: @292449 Thanks for your patience, James. Our business partner who provides the internet connectivity prohibits any use of a VPN network while... 1/3
Customer: @292449 Thanks @JetBlue! I hope @175162 changes their mind on this policy eventually.",
b843a6ad14a0aa8e797e2a8889ba026e,comcastcares,"Customer: #xfinity  happen all the time https://t.co/s6kJvZPvtQ
Support: so I can take a look for you? -EM
Customer: I literally 😢 because of of the treatment
Customer: Comcast strikes again charging me a x 1 DVC fee &amp; HD fee they stated they would not plus my service still not working! Been a 1 1/2 year
Support: This is not how we want you to feel at all. Please PM me for assistance. Thank you. -SO",
454f4702b93e0bc4d22f61f9f4defc69,AskPlayStation,"Customer: is the psvue mobile app getting a 10-30 sec fast forward button? I'd like to make a request.
Support: Hey Kyle. Thank you for your opinion, here is a link you can use to post your feedback: https://t.co/nc8Yj5SDuB
Customer: Started a football game that I had DVR’d and it jumped right to the overtime portion of the game on a different time slot! I want to watch it from the beginning but it won’t let me!",
b40830e1096e0c46efa4ed25f2877704,Uber_Support,"Customer: Delicious Fact: You can use your Uber gift cards on #UberEATS for 🍕🌮🍗🍩🍜 at the tap of a button.

📸: cozinhacombossa https://t.co/HBjOrxBXyW
Customer: tried you for the first time for dinner Tuesday and I love you guys!!! 🍕🍺
Customer: We love hearing that. Glad you enjoyed it ☺️!
Customer: @396135 Do you offer gift cards for purchase or will An Uber card work as well?
Support: Happy to help, Dianna! We don't accept prepaid cards unless they are Uber gift cards. More information at https://t.co/hwAiYDki1e.
Customer: @396134 @Uber_Support Uber GCs have not been working on Uber Eats for almost two weeks. Getting total runaround trying to find fix.
Support: That doesn't sound right. Can you please send us a DM so we can look into this with you?
Customer: 3 days and 5 emails later &amp; I'm actually getting the same response (verbatim) from support I got over two weeks ago. No real humans at Uber
Customer: To add insult to injury I was just given another message that was worded exactly the same for the 4th time. Any real humans at Uber support?
Customer: if I'm told to uninstall and reinstall for a 5th time I'm going to lose it, I'd PM you but already did that and they told me I need to email
Customer: Well, it happened. Got the same message from support for a 5th time. What an unmitigated disaster.
Customer: @115877 I was told this was a widespread issue two weeks ago and am still getting the same support emails over and over with no resolution
Customer: @115877 @58334 any real humans available to help resolve this issue? Tired of getting the same copied and pasted emails 30 times.
Support: We see your message and will be following up via DM.
Customer: You DMed me with the word for word sake message to use in app support that you sent last weekend. I assume no real humans work at Uber.
Customer: *same message
Customer: @58333 you guys know anyone who can help here? Uber Twitter and app support just copying and pasting the same stuff for weeks
Customer: @58333 @58333 @Uber_support @115877 @58334 &lt;crickets&gt;",
7c832d7902aebd182c4d9ea24369debd,sainsburys,"Customer: These new @sainsburys pizzas make me sad-weigh less than the old shape but the same price and don't fit the pizza tray properly now ☹️🍕😭 https://t.co/D0wnSfg6hB
Support: Sorry about that Clare! Can you send us the barcode please? What store did you buy the pizza from? Holly
Customer: we had two...here's one of them. Shame you've reduced the size and changed the shape but kept the price the same (£5 each) https://t.co/26lVMxurNJ
Support: What store did you buy the pizza from Clare? Gabby
Customer: it was Harlow, Essex.
Support: Thanks Clare. I'd like to offer a refund for this as it comes under our Try Promise. Any of our own brand items can be...1/2
Customer: @392619 you didn't offer me a refund when I complained about the ludicrous change in shape of you whole wheat Bisk cereal
Customer: @sainsburys @392619 The fuckin wheat bisk doesn’t take one shape Barny",
022b22f9c75153fdf295d8815f691aa7,AirAsiaSupport,"Customer: Hi,  can check if want to change my return flight date to another date?  Can it be done?
Support: Yes Steven, you may do it online via Manage my Booking up to 48hours before departure subject to CHANGE FEE + FARE DIFFERENCE.-Floi
Customer: What does it mean? https://t.co/vqFhlhvNvl",
566ccb837ce54475d914062dd1b2f494,Delta,"Customer: excited for my first flight with you guys!
Support: Hello, we're excited to have you fly with us. Thank you for choosing Delta. #EnjoyYourFlight.  *KS
Customer: @334695 Thank you, you know I️ have to go every other weekend from office or home in Toronto to Nashville for school at @82031 for my Doctoral program so I️ appreciate the thank you since doctoral programs are so tough. Makes me 😀
Support: They are tough and It's our pleasure. 😊  *HKS",
30ab33737c234ee4f2aa6eb0bd33ff32,Tesco,"Customer: Did you know your own brand bath foam doesn't leave any perfume on your skin after use . Regards .
Support: I'd like to let our supplier know and refund you. To do this I will need some information if that is alright? 2/4
Customer: I'm not worried about a refund but feel free to forward my details to your supplier , i would happily answer any questions .Regards .
Support: We look forward to your messages - Ben
Customer: Hi Am trying to find out which bread I can buy in your store that is preservative and additive free , can you help ? Regards .",
c624078201d585b4dcd4920ab71bee28,AppleSupport,"Customer: Hei @AppleSupport, I want complain about @118936, why my account when download the app from my iPhone or Macbook very slow?
Support: Downloads are dependent on the network connection. Are you doing this over Wi-Fi or cellular data?
Customer: I was used Wi-Fi connection
Support: Thank you. Have you tried without Wi-Fi or on another network?
Customer: I tried celullar data network in iPhone, but can’t solved the problem. My ID is __email__, can you help me?
Support: Can you tell us if any other downloads or browsing speeds are slow?  Or is it only when using the App Store?
Customer: @460805 Actually can’t even get download started, they just spin.
Customer: @460805 Hi my iPhone 8+ (ios11.1) app Store Downloads are super slow too. Wifi w/ Full Connection
Customer: @AppleSupport I think your connection is slow. 😊
Support: Thanks for reaching out to us for support. We would love to help you. Please DM us so that we can look into this together. https://t.co/GDrqU22YpT
Customer: @AppleSupport Also - thank you for the reply. I hope you got your working! 🧐
Customer: @AppleSupport I ran a google speed test at the time - 57mbps. I reset network setting and then a restart - BAM - downloaded.
Customer: @AppleSupport I had access to 2 WiFi cnnctns (work) &amp; (home). Before reset/restart I couldn’t get anything to initiate on either network.
Support: Glad to hear the issue is resolved. Feel free to reach out to us here if you have questions in the future.",
7af6e1ed5111abe51f0d6997ea3ea0e7,GloCare,"Customer: I bought a #200 glo recharge card and mistakenly scratched off the pin,what can I do please?
Customer: I haven't gotten any response please
Support: Good evening, we apologize but due to security reason, need to call 121 for assistance. SG
Customer: pls can u share with me how I exhausted the data bundle?... 08113810544
Customer: I subscribed last two weeks and was given 1.6mb, now I don't have data anymore. Checked my settings and noticed I was given 772MB
Support: Hello Bolaji, the line shared data plan with another line. Dial *127*00# to view the number.  TT",
34c6e7c520eb9a058636eee7312bb5f4,AmericanAir,"Customer: your unaccompanied minor booking process is painful.  Both of the csr I spoke to were rude.  I just went with @116450
Support: We're sorry to hear you're disappointed with us. We'd love another opportunity to earn your business.
Customer: @AmericanAir, I know disappointment again.  Your csr's are miserably rude and your Unaccompanied minor traveling process is so convoluted.
Support: We love taking care of all your travel needs in a friendly and professional manner. Please share your record locator and details via DM.",
bf08d44eb40245621681bb194673c128,Ask_Spectrum,"Customer: @77977 @77978 I would if your service was good enough to stream Netflix. I pay for 60. This is what I get. https://t.co/uR7JH62E1p
Support: I am very sorry for the connection issues. Can you please DM the full service address and phone ... https://t.co/Ow7caQJHve
Customer: I fixed it!

Just bought an @116439 and unplugged your cable box",
a6106139f72d034d7b10c0fa39794bec,AskAmex,"Support: We can review your account. Pls share which U.S card do you have? ^N
Customer: As I mentioned before,I would prefer an e-mail address or a phone number to discuss my request. Pls. provide.
Support: We currently don't have an email servicing option. Pls call the number located on the back of your card for immediate assistance
Customer: So when do plan to catch up with the test of the world?????
Support: Good Morning Shalom, How can I help? ^Naomi",
2f8f1810cfe93504f622d526b6a5923a,SpotifyCares,"Customer: Why are there no Bob Seger songs on Spotify? This is a disgrace omgggg. @115888 @631411
Support: Hey Jill! We’d love to have all his stuff available, but we have some info about content here: https://t.co/YlV1IAXwsi /CE
Customer: Hey man, when did you add him? Why wasn't I the first one you told????
Support: We're afraid we don't have the exact date when Bob Seger's music was made available on Spotify. Let us know if you have other questions /JU",
4a5ad6afc0d88cf713ced18a80d11490,AmazonHelp,"Customer: Congratulations winners &amp; thank you everyone for participating in #TheAppWeek! Check out the winner list here: https://t.co/m1hXWPbTMi https://t.co/9qSvkxF1bP
Customer: disappoint from u Amazon😞😞u have to shre the trainofcard contest point we have to see our collected point &amp; winners point cheater
Customer: Played all the contest on the app but lost.😕😔
Customer: gave my best &amp; won nothing😢 too disappointed when u perform too gd &amp; win nothing in return. Will nevr take part again! #TheAppWeek
Customer: Hey i am which is them check winner lgq6appquiz
Customer: Oneplus 5t quiz
Customer: Hey can you please tell me where and how to check the contest winners of quiz from amazon
Support: For more details you may refer here: https://t.co/OR19Zvoi4A 2/2^MM
Support: Hey! Sorry to hear about that. Better luck next time. ^MM
Support: Hi! 'There's such a thin line between winning and losing.' - John R. Tunis. Wish you good luck for next time. ^KC
Support: We've requested the concerned team for the winners list. Please stay tuned. ^KA
Support: Please find the results of all the recent contests held, here: https://t.co/ICRkX2fNTQ. Thanks for your interest. ^GD
Support: You can check the contest winner names here: https://t.co/9iYZHg1jLW, Ayesha. ^MP
Customer: @513204 if we want 2 knw our points 4 train of cards, there's no way 2 knw points so these &amp; all contests are fake for sure. winner list is fake 2.
Customer: Gave correct answers still lost. Unlucky me.
Customer: but i think their is no fair rule for winner draw. I played whole day &amp; gave my best to win but from now i will not play
Customer: About Oneplus 5t quiz
Customer: Nothing seen anything
Support: I get your concern, Nikhil. Winners are picked automatically based on the highest scores and will be contacted via email. ^SM
Customer: @AmazonHelp all are fake. above all people's r who never won. No winners tweets here so where are they? fake ids mentioned in winners list. Fake 4 sure.
Customer: @AmazonHelp good decision as all fake. above all people's r who never won. No winners tweets here so where are they? fake ids mentioned in winners list.
Support: Please check this link: https://t.co/CtqfUquLuS for the winners of the Oneplus 5T quiz. ^GD
Support: You may find the list of the winners for the ""Samsung Galaxy Note 8 Quiz Time contest"" here: https://t.co/HKmID635EW. ^NK
Customer: Quiz
Customer: What about Samsung galaxy note 8
Customer: Who is winner in Amazon festival riddles
Customer: Nothing about Samsung galaxy note 8
Support: The link which was provided earlier has the list of all the winners of the recent contests including ""Samsung galaxy note 8"", Gaurav. However, please find the winners list here: https://t.co/Q3YItNGRxM ^NK
Support: The link that was provided earlier has the list of all the winners for the recent contests run by Amazon including ""Festive riddles"". Request you to check. ^NK",
4fe1ae0f54262eb3c6509cef5e573e82,TMobileHelp,"Support: I definitely apologize that you're not receiving any help. We appreciate and value our customers. If you could follow the... 1/2
Customer: Its funny @TMobileHelp has always provided great service for me",
c2a861f6a6f4ca8429386d61dc2f8eea,CenturyLinkHelp,"Customer: @CenturyLinkHelp avoid these guys at all cost. This is infact the worst internet and telecommunications provider in the US. https://t.co/UaNRvIBuof
Support: Just checking in to see if you were still having troubles. If there is anything we can do for you please let us know. ~Zach
Customer: Yes as a matter of fact damn near a year later and yes. I still have major problems with century link.",
ffb45e91041258fc97b6e11d4450f66c,BofA_Help,"Customer: chequing account charged with a maintenance fee even when the account balance is above the limit to avoid the fee,what 2 do?
Support: Additionally, you can find information about fees on our website under the Manage Your Accounts section. ^jg
Customer: could I open a savings account on behalf of my Mother from my account ,considering  she is over 75 and outside the US
Support: Our web site https://t.co/ZPTdqc68Z8 has more info about requirements for opening a Bank of America account.^gc
Support: Personal accounts cannot be opened for non-U.S. individuals who don’t reside in the United States or its territories. ^gc",
d63258efc2f3ca11e208853911d77425,Delta,"Customer: I was charged for a hotel night I did not use
Support: Barry, I'm sorry to hear this. Do you need assistance with rebooking? *DG
Customer: What's up with flight 1789?
Support: It looks like DL1789 is delayed due to a mechanical issue, unfortunately. *TKR",
0b70d61ebf490067f88f6b704e8e58d3,MOO,"Customer: Is there any way to ""share"" a cart? E.g., if I upload files for a client, can I send to their MOO account to approve, purchase, etc?
Support: There is a way to share a project. It take a few steps and we have emailed you the instructions.
Customer: @173628 Mind sharing the same with me? Couldn't find any article on it. And your support is in a meeting. My client is waiting. Thanks.
Support: Of course! We have sent you an email with instructions as well. Best of luck.",
82518f2d18792cbe36dbfc1145234e49,DellCares,"Customer: I want to purchase display of laptop @121718
Customer: Hello, what kind of display are you referring? And also what laptop model are you purchasing for? ^CJ
Customer: Inspiron 5559
Support: Please DM us the system service tag along with the registered owner name for us to take a closer look. ^MU https://t.co/oEoSPnwg0y",
65ef8f91ed43e01501b230ab7d0b48c8,ATVIAssist,"Customer: wow this so great, after download the new dlc and gonna try it, i get this message:( https://t.co/msqIPq4JzC
Support: Hey there, just to clarify what platform are you on? Does this happen on all of the DLC maps? ^CT
Customer: Crap
Customer: PS4 and just this game, cannot find Ubisoft server, my friend does not have this issues and he his playing now
Support: Please be sure to send us a DM for further assistance. ^RK",
5964cb57b4f0fa0860cc29b00457bea9,AskRobinhood,"Customer: when are you coming to Australia?
Support: Hope to make it down under soon! 🇦🇺
Customer: Still waiting!",
7dc48e2c97e97dc9378b80530877857b,Delta,"Support: The ones who truly change the world, are the ones who can’t wait to get out in it. https://t.co/ZsV9uS9JtR
Customer: “The ones who truly change the world are the ones who can’t wait to get out in it.”

Thanks @Delta for my new favorite tag line.
Support: Please tweet us, if you need us. Thank you. *ATJ",
6c37ead618074dc3fe4962bf12b2d4c8,BofA_Help,"Customer: Requiero la reactivación de mi cuenta, hasta ahora ha sido imposible. ¿Que debo hacer? Las llamadas internacionales son limitadas
Support: Please DM your name, zip, a phone number we can reach you at, account type and we would be happy to see how we can assist. ^bl
Support: For security purposes we will need to speak with you to verify your information in order to further discuss your concerns. ^bl
Customer: Por favor, puedo hablar con alguien en español no hablo inglés
Customer: Ok. Pueden llamarme. Mi número celular es el mismo 0414 2743621
Support: In order for the right specialist to contact you, we need to know what type of account you need help with (no account #'s)? ^cl
Customer: Mis cuentas son Checking Account y Savings Acount",
37287d599a85fc800fab033c245b999f,SouthwestAir,"Customer: if this isn't a sign you need to add a new destination I don't know what is. https://t.co/SRL2IaulV1
Customer: my dreams are being answered.  Ding we are now free to roam around Hawaii!!!
Customer: both times I went to Hawaii my license plate was swa something I knew it was a sign ;)
Support: ^WB https://t.co/byAM0b7gWo",
5bd7dc5048bdce0e5d6b6c6f3667721a,AskLyft,"Customer: New unprotected bike lane on 17th St. is not working, @983. It's encouraging double parking by creating a space for it. Please fix. https://t.co/BdLRouBLd0
Customer: You were wrong if you thought this wasn't going to become a long, long thread. https://t.co/yZqPukl0Og
Customer: If I fits, I sits!

From yesterday. https://t.co/ZF48o1rJ4f
Customer: Annnddd this morning the bike lane was useless to cyclists.

All photos taken within 2 minutes of each other. https://t.co/r1AGwnPsWm
Customer: How's that new 17th St. bike lane looking, @983?

From this morning. https://t.co/D0JJ10qLU7
Customer: Morning coffee? No problem, just park in the bike lane, @11673.

Passenger dashed across the street from a cafe just after this was taken. https://t.co/KZHsVI8put
Customer: And moments later, in front of the same cafe.

Thanks to the street sweeping enforcement officer for chasing him out. Should've cited him. https://t.co/OfpLLhk1VK
Customer: Car in bike lane in front of an automotive repair shop. 

Cyclist once again learns that cars are in charge, even in bike lanes. https://t.co/n1M9KIJuW6
Customer: New bike lane? Extended garage for working on cars!!

From yesterday. https://t.co/s6W5dlsZMa
Customer: Two baby cones - that'll do the trick! https://t.co/z1hO898sxw
Customer: Shannon Moving and Storage - this is supposed to be) a bike lane! https://t.co/VKXhpJRX6r
Customer: Oh look, someone's back in the 17th St. bike lane. And still no word from @983 about solutions despite an email two weeks ago. https://t.co/96N5BVinSd
Customer: They're at it again. Still failing to see value of Class II bike lanes. https://t.co/DtKXVnga4c
Customer: Nope, nope. This is not a bike lane when it's constantly full of large vehicles! https://t.co/EuaLCvywIz
Customer: Can't go five minutes without this bike lane being blocked by large trucks. https://t.co/zSqPQL2idC
Customer: Hey Massimo Organic Gourmet:

GET OUT OF THE BIKE LANE!

Hey @983:

FIX THE 17TH ST. BIKE LANE! https://t.co/XCIhGVOchZ
Customer: No shortage of bad behavior in the 17th St. bike lane this week. 

Monday in front of Ermico / @78973: Yes, that one sign will do the trick. https://t.co/9tvu4dP6ew
Customer: And by mid-week Ermico / @78973 upgraded to multiple cones &amp; blocking both bike and traffic lane, forcing cyclists into oncoming traffic. https://t.co/Ucs5yXWFs1
Customer: And today: giant truck one way, tiny car the other way. https://t.co/Z5r2c1UMWS
Customer: There's been no shortage of bike lane blocking these past two weeks, don't worry.

THIS DOESN'T COUNT AS A BIKE LANE. https://t.co/VRMigSF2a1
Customer: It's just so disrespectful. @983 can't build a safe bike lane, can't enforce this unsafe one, and drivers don't even care. https://t.co/QCc4faFMdy
Customer: .@983 And for this week in ""a bike lane is not bike lane when it's constantly full of motor vehicles"": https://t.co/AvE4i6i7BD
Customer: .@983 Well that's a three-fer! All photos taken within one minute. NOT A BIKE LANE. https://t.co/VHXxL1Ii30
Customer: .@983 And then on the way home, I get followed. Your failure of a bike lane, @983, is literally getting me harassed. https://t.co/eIbiirUaBN
Customer: .@983 Today, in front of the automobile repair shop. They're enjoying the new private parking lot. https://t.co/KCGithYvm9
Customer: .@983 Less frustrating to watch this entitled Tesla driver park in the bike lane while sitting in a bus. Still just as dangerous and illegal. https://t.co/rfeJyxWD5N
Customer: The 17th St. double parking lane is getting a lot of use! Wonder what those weird symbols are on the pavement...

@580874: please notify DPT. https://t.co/KjjAOlfstl
Customer: @580874 This is #notyourbikelane, AAA Flag &amp; Banner. https://t.co/pnuBqNeNCh
Customer: @580874 This is #notyourbikelane, @115817 @UPSHelp. https://t.co/6kd30qabhX
Customer: @580874 @115817 @UPSHelp This is #notyourbikelane, JML Electrical. https://t.co/L7dywBh7iQ
Customer: @580874 This is #notyourbikelane, @115817 Freight @UPSHelp. https://t.co/pOzW4QAJON
Customer: @580874 @115817 in the bike lane.

BUT THEN!

A DPT officer emerges! @115817 pays SF so much in fines that drivers feel they have a right to park in BL. https://t.co/AfzdhTqgpv
Customer: @580874 By the way, problems on 17th in Potrero have not improved, if you were wondering. Here's a sampling. Thanks for ignoring me, @76019! https://t.co/phd0aTKSIc
Customer: @580874 @76019 This is one of the dangers. @115879 driver pulled in front of me. With a car to my back left, I couldn't pass or slow in time, so I hit car. https://t.co/z8m1aO1q1w
Support: We hope everyone is okay! Please report this to our Critical Response Line by tapping the pink 'Call Me' button at https://t.co/93jojKDv1k.",
673c8f392a7d0466d0f7e5cae34c39e2,AskAmex,"Customer: buen día no recuerdo mi clave y para restablecerla me piden los datos de la tarjeta y la tarjeta la extravié llamo y no cae Vzla
Support: Hi Guillermo. Do you have a U.S. based Card? Pls do not release any personal information. ^Beth
Customer: si mi tarjeta es de estado Unidos
Support: Good Morning. Can I help with something? Is this concerning a US Amex Card? ^Rachel",
5172b418ce2815884206af3e9b549942,SpotifyCares,"Customer: you have a typo in a track. How do I report it? She Wants Revenge - ""All Wound Up"" is listed as ""All Would Up""
Support: Hi Mike! Can you send us the Song Link? Just tap the three dots &gt; Share &gt; Copy Song Link. We'll check it out /AK
Customer: https://t.co/VN5FWJdDty
Customer: So.... it's been awhile... still not fixed.
Support: Thanks for bearing with us. Don't worry, we've given our Content team a nudge about this. Let us know if there's anything else /KB
Customer: Well it's been another four months. #SnailsPace
Customer: Ummm...so it still says Would instead of Wound. #SecondhandEmbarassment.
Support: Hey Mike! We've passed this onto our Content team again. Hopefully it'll be fixed up soon /K",
dd596b11ee841d3e797cf9d2b9180e88,TMobileHelp,"Support: We sent a message back to you - and want to know you're taken care of 💯 Feel free to DM us with updates. Thank you 👍 *SoRaYi
Customer: DM you guys
Support: 10-4! I just responded good buddy :) https://t.co/GXcACu8dxr *JustinPhillips",
155303e8c22847c73be43306faf833c3,AmazonHelp,"Customer: --hi i want to lease out my place to amazon for PUDO pls suggest the concerned person
Support: Hello! Kindly write to us here: https://t.co/aNk9t39CFd. ^HK
Customer: Our building is available for LEASE /RENT for back office or godown or ware house, kindly forward the message to the concerned thank u kiran",
fb31bf0604ccc2dd899fccc2cebd7152,HiltonHelp,"Customer: Why is it you do not honor Hilton Rewards at this location, @12584?  Does your boss know? @117372 

@12585 next time!
Support: The hotel does accept reward stays, subject to availability. Please follow and DM if assistance is needed. Regards ~DG
Customer: I don't appreciate your play on words as I never specified reward ""stays"". If you're no longer employed here you should look into politics.
Support: Apologies for any misunderstanding, as we thought you were referring to Reward stays. Please provide details for assistance.- NB",
2619223828068645a1f2e314188298d5,AldiUK,"Customer: Got this chilli jam in a Christmas 3pack - it's delicious! Any chance you'll start selling it year round? https://t.co/2jkB4UkSZJ
Support: Hi Kirsty, we're glad you enjoyed it and thanks for the feedback. We'll pass it on to the relevant team for consideration :)
Customer: Hi there! Are you selling the festive chutney three pack again this year? Couldn’t find it in store today. It completes the cheese board! 🧀
Support: Hi again. If you send us a direct message about this product, our customer services team will be happy to check if this will be coming back into stock this year. Hope this helps.",
86f91046c9aa1d4176f8708e5df8ec20,TMobileHelp,Support: @115913 We truly appreciate long time customers. DM me and we can chat. https://t.co/plE6XBW6q1 *CharlesOpacki,
0485b4f266b3fbbcb84f192cf0513a92,Safaricom_Care,"Customer: kindly i need a puk no for  0721801648
alternative no:  0710176758
Support: Hi, we have been in touch and advised.^TK
Customer: Hello.. I bought blaze bundles 4GB @ 1000 Bob.. but I cant connect to the internet.. what could be the problem ? My number is 0719647677. Please help
Customer: Kindly I need puk for 0795114889. Alternative no to call is 0721497801
Customer: Unfortunately.  Has not been contacted.  Kindly assist.  She claims picked the call and got disconnected as she advised.
Support: Hi Jacqueline, our apologies, we have refreshed your line, restart your device and test.^DA
Support: Our call has gone unanswered, kindly DM name, ID number and M-Pesa balance or dial *100#OK&gt;Get my puk and follow prompts. ^ST
Support: We have called and assisted. ^RO
Customer: Thank you",
1b17cb660a89ce40d9db2b02cee18b4f,AmazonHelp,"Customer: Just lost $20 due to 3 bad customer support representatives. 😤 ""Nothing we can do""
Customer: Still waiting
Support: I'm sorry for the wait. Without providing personal or account details, what was the original issue you contacted in with? ^JF",
2979eeec451dcd28d06474671b396519,Tesco,"Customer: i am trying get a club card online but the link to sign up keeps diverting me back to the tesco home page
Support: Hi Rachael, are you trying this link https://t.co/YhH6TQ8N5t ? - Zachary.
Customer: yes it just takes me back to the tesco home page
Customer: @Tesco did you ever get your club card??
Customer: @Tesco hahaha I did",
3d4102a5a757b5612a1d6cd12110157b,BoostCare,"Customer: iPhone deserves a better network. Make the switch to Boost. https://t.co/RVc0J8wMJ5
Customer: I need a iphone 6s you know how much it is online boost
Customer: Hi! Thank you so much for contacting us. We'd love to help. The iPhone 6s has a cost of: $429.99. Hope this helped. ^PP.
Customer: ok what about samsung galaxy s7 how much that cost
Customer: The Samsung Galaxy s7 has a cost of: $599.99. If anything else is needed, please let us know. We're here for you. ^PP.
Customer: what about the iPhone se how much that cost
Customer: In what type of iPhone are you inquiring? ^PP.
Customer: the iPhone SE
Customer: this phone has a cost of: $299.99. ^PP.
Customer: do you have used iPhones
Customer: Yes, we do have pre owned iPhones. ^PP.
Customer: what kind of iPhones are pre owned
Customer: we have the iPhone 6 pre owned at $199.99. ^PP.
Customer: can boost mobile trade phones or sell phones to y'all
Customer: Yes, you can trade your phone here. Here is the link to do so: https://t.co/RAPvCnvGQF ^PP.
Customer: so I don't have to buy nothing just trade my phone and get iPhone 6
Customer: You can trade in your phone, but you will be needing to purchase a phone or bring one so you can get a line active. ^PP.
Customer: when you guys doing upgrades
Customer: thank you for contacting us. After 120 days you qualify to upgrade your device in stores.  -DV.
Customer: sorry when's my upgrades again
Customer: When was the last time that you changed your device? -GR.
Customer: no December 25th 2016
Customer: You have 52 days with the device activated in the account. -DV.
Customer: you don't know what month I know the days but not the month
Customer: By April you will be able to upgrade your device. -DV.
Customer: do y'all have a iphone 7 plus in the store right now
Customer: Hi. You'll need to get in contact with the store to verify. Locate our nearest store here:

https://t.co/0f2e3XbT9F

 - E.J.
Customer: do y'all have the iPhone 7 plus
Customer: Hello, yes we do. Please check link below.-EM.

https://t.co/exfx902xp0
Customer: Hey boost mobile I have a good question when are y'all coming with a iPhone 8 plus
Support: Hi there, Paris! no word on that just yet, but please keep checking back for updates. -EM
Customer: Hey boost mobile do y'all have the release date on the iPhone 8 plus with y'all company yet
Customer: Hey boost mobile do y'all have the  iPhone 8 plus release date with company yet
Support: Hello Paris, no word on that just yet, but please keep checking back for updates. -EM
Customer: Hey boost mobile do y’all have the iPhone 8 plus yet
Support: Hey there, Paris James! We don’t have any news to share about that just yet. Please stay in touch with us here! -JC
Customer: And another thing if my upgrade is do. Do I still have to pay for it a higher price
Support: Which upgrade are you referring to? Please be more specific. Thanks! -JC
Customer: Do y’all still do upgrade to a new phone 📱
Support: And yes we can still help you to upgrade to the new iPhone if you are eligible. Be aware the upgrade promo is only available in-store. -JC
Support: For your info and to rectify the info I provided earlier, the iPhone 8 Plus 64GB is actually available on our site for $799.99! -JC
Customer: So if I pay $177.00 for the upgrade I get a new phone 📱
Support: Unfortunately the in-store upgrade does not work this way. We'd suggest you to visit the nearest store for more info. Thank you. -JC
Customer: What iPhones y’all have
Support: You can check our available iPhones here at https://t.co/TpxnVDXqrR -LH.",
e273ece2d1c94f8221fca95fa7c45ebf,marksandspencer,"Customer: please say it's not true that you have stopped making moscato rose fizz. please reconsider.....🙏🙏 #myfavouritedrink https://t.co/x31nWPiY7Y
Customer: Hi @marksandspencer I haven't seen your new and improved moscato rose fizz on the shelves yet?? Has it been released? 🙏🙏
Support: It doesn't look like it's been released yet I'm afraid. Fingers crossed it'll be soon. Who doesn't love a glass of fizz!!",
8910f41d3f22b34450934ea4c13eacf5,O2,"Customer: Why does the o2 Priority app want to read the contents of USB storage?
Support: Hi Jack, can you please send us a screen shot of where it shows this and we'll take a look?
Customer: https://t.co/H82QINGiWH
Support: Hi Jack, can you send us across the handset make and model you're using and the software version you're running please? Thanks.
Customer: This is on my LG Nexus 5 running Android 6.0.1. My Oneplus 2 says the same thing. The app version is 2.12.0 as shown in the screenshot.
Support: Great thanks.
Customer: Any progress on this?
Support: No update right now Jack but we'll be back in touch as quickly as we can.
Customer: It shouldn't take over a week to give a justification for an app permission. That information should be in the app description.
Support: Thanks for your patience. The permission was required for crash reporting purposes. This will be removed in the next app update.
Customer: The o2 Priority app again wants new permissions with no explanation. This time it's run at startup and draw over other apps. Please explain.
Support: 🤔 We're not sure what you mean Jack. Please DM us screenshots of what you're seeing. https://t.co/X6jjaZO883
Customer: For some reason the add photo button wasn't working in the DM, so I'll send it here. https://t.co/x44np1anXf
Support: When the Priority App is updated permissions change, you can turn them off in Settings &gt; Applications &gt; Priority App. #O2Guru
Customer: Neither of those permissions can be disabled. Also, 'permissions change when updated' doesn't explain why the permissions are needed.
Support: For full and optimum use of the App these permissions are recommended. If you're unhappy you can disable them as above 😃#O2Guru
Customer: But why? They weren't before. Also, no, those particular permissions can not be disabled.
Support: So just to clarify what phone were you using before this one? #O2Guru
Customer: I see this on both my OnePlus 2 and my LG Nexus 5. Both are running Android 6.0.1. Though Android permissions aren't device specific.
Support: If the permissions cannot be disabled, they must be required to run the Priority app as efficiently as possible #O2Guru
Customer: Again though, why? They weren't in the previous version and there's nothing in the what's new section that correlates to the new permissions
Support: Can you please follow us Jack, so we can send you some info? #O2Guru
Customer: Ok, following.
Support: Thanks Jack 👍 We've sent you a DM now #O2Guru",
6c8960f6c85f3d6362fbcff60b0b1c88,Ask_WellsFargo,"Customer: Direct from Tim Sloan, our CEO, at yesterday's #YahooAMS ""My No. 1 priority is rebuilding trust.” @115812 
RT  https://t.co/srGYApE2r4 https://t.co/kHB7lXuccf
Customer: @115812 From my point of view, you aren't trying very hard
Customer: @116827 @115812 From my point of view they suck.  They have left me and my blind friend stranded on the streets of NYC this week because their fraud system thinks a New Yorker taking a cab is suspicious activity.  NO WAY HOME thanks to Wells Fargo.
Support: I'd like a chance to address this matter for you, Daniel. Please DM us the requested information. ^HE https://t.co/q1oBDuYAdh",
e258e50d7515de888685c54a8a79c100,ATVIAssist,"Customer: We’re honored &amp; excited to bring this year’s @115766 to fans everywhere! It’s our biggest achievement as game makers. Much more to come.
Customer: @115766 @115765 and @115766 can you fix the glitch in pointe du hoc
Customer: @115766 When is the pointe du hoc glitch
Customer: @115766 Bruh this game is a piece of shit. Fix the god forsaken shitty ass servers please. In a party of 5 every time we back out of a lobby black screen for at least 3 of us.
Customer: @115766 Get excited about fixing the glitch in point du hoc please. Getting  sick of it.
Customer: @115766 Fix error code 1 3 5 9
Customer: @115766 Fix your crap with COD WWII its so laggy and there is problem after problem with it and u guys are just sitting getting paid for not doing anything about it
Customer: @115766 Fix the fuckin glitch on pointe du hoc",
e8fb06ebdf62b03e8eccb9779bf5c337,SpotifyCares,"Support: Let the pre-spring clean commence! https://t.co/KFzm1Okw0B
Customer: apparently, you care, so how about it?
Support: Hi Max! You can help make it happen in the very near future by voting for a similar idea here: https://t.co/CdI1SY9KZE :) /UF
Customer: but it's been requested for years now, what's the point?
Support: Our Devs team will check your votes and keep you updated on any news in the link we sent. Tweet us if you need more help /EA
Customer: Any news???!
Support: Hi Max! We don't have any news on the Explicit Filter yet, but keep an eye on this post for updates: https://t.co/CdI1SY9KZE 👍 /RR
Customer: Why not?
Customer: I'd rather you just said ""we have no intention of doing this"" than the glib ""Yeh we'll look at it"" comments you have been spouting for a year or more
Customer: Well you're obviously not in this case
Support: We're unable to share any news regarding this at the moment. Rest assured, we're always looking for ways to improve the app. We'll be sure to pass your comments to our developers /CE
Support: We appreciate your feedback. As soon as we have updates to share, we'll make sure to keep everybody posted. If there's anything else we can help with, just let us know /NG
Customer: But why is it taking so long?  Royalties related I guess?
Support: We're afraid we have no more info to share about this. We appreciate your thoughts and we'll make sure this reaches the relevant folks. Give us a shout if you need a hand with anything else. We're just a tweet away /RC
Customer: Another glib reply to a basic feature request that's been out there for years.  In the mean time my kids can hear the f, c and n words blaring out on the sonos.  If apple music can do it so can you.  In fact f it, I'm leaving spotify for Apple.
Support: Sorry to hear you feel that way. We can guarantee you that your thoughts won't fall on deaf ears. If anything else comes up, let us know. We're here for you /AC
Customer: @SpotifyCares I feel the same surly they can have the radio edits?  I feel this a really bad thing especially since they have “family sharing” plan.
Customer: But it has so far
Support: Hey there! Thanks for taking the time to reach out – your feedback's been noted 📝 Where possible we have both versions available. More info here: https://t.co/yTUsAFORdK /RE
Support: Not to worry, we'll make sure to let the right team know about this. Thanks for taking the time to reach out – your feedback's been noted 📝 /AC",
be231f4f2e87d9fc7c569fc573b9724c,AskPlayStation,"Customer: will you all help me beg @362998 to release #HollowKnight on #PS4 😔👍
Support: Hey there! What is the issue you are experiencing?
Customer: I'm having trouble getting @362998 to release their upcoming instant classic #HollowKnight on #PS4
Customer: @AskPlayStation Nothing concrete to announce but we're definitely talking to Sony :)
Customer: @AskPlayStation Please guys, tell me you have any news on that :(",
d9fa4f0b6f3ce6a8ef5d8c70047e42e7,HPSupport,"Customer: [TYPE YOUR QUESTION HERE] #hppsdr #ijkhelp
Support: To better assist you, click to send us a private message - https://t.co/a2xkfCJw4B &amp; I'll look into this. Thanks! ^Asmita 2/2
Support: Hey Franco, do you still need assistance with your HP printer? Let me know. Thanks! ^Anoop
Customer: NO THANKS",
b42e94c2a4de91ce7125a8a6628228c7,AppleSupport,"Customer: I hate @115858 why won't your products cooperate
Support: We'll assist you any way we can. What's going on?
Customer: your products are garbage send me a new MacBook
Customer: @AppleSupport 😭😭😭😭😭😂😂😂😂😂 I'm dying",
d0a98b16ae77d7110f925e7e3fad8baa,hulu_support,"Support: We are currently investigating reports of users having trouble streaming content from their Watchlist on living room devices.
Customer: Can't scream on MacBook Pro. Have logged off &amp; back in, restarted computer, rebooted modem, etc.
Customer: stream, not scream
Support: We all scream for more streams! Sorry to hear about the trouble, try: https://t.co/6xNmexfdiX. Notice any improvement?",
ebf00466313fef3b2846b6f90484dccd,ChaseSupport,"Customer: Pls finally add @116016 @115821 #VISA Canada credit card to Apple Pay. Might switch card companies to get support.
Customer: @ChaseSupport @116016 @115821 Hey @116016 @115821 @115821  It’s almost 2018 ! Time to make Amazon.ca rewards VISA card available on Apple wallet.  Won’t use VISA until is available on Apple wallet
Support: Thanks for reaching out to us. We'll share your concerns. We do not have direct access to the Chase Canada accounts; we suggest calling 1-866-557-7811 for English or 1-888-514-2015 for French. ^SC
Customer: Thanks,  I’ll just won’t use my Chase VISA card.  Chase Customer Service is good in Canada.
Support: You're welcome. We've shared your concerns. ^SC",
bf4b2a02fe0129ccd1ea8168913446a6,ATT,"Customer: I've been paying for a device I don't even use. Was tricked by the clerk at the AT&amp;T store. She told me it was a free tablet. Thanks, @ATT
Customer: @ATT 🤣😂I fell for the same shit at sprint.
Customer: @ATT I’m still paying for service on that stupid thing!
Support: Hey there, Josh! We'd like to help you out with any issues that may be happening! Please let us know if there's anything we can do for you. We're eager to hear from you! ^BayleighO
Customer: @135751 “Would you be interested in paying us a fee to cancel a thing you never asked for in the first place or would you rather keep paying for the thing you never asked for in the first place? Either way we get your money under false pretenses so we can afford to pretend to care.”
Customer: @135751 If @ATT really wanted to help and actually gave a shit they would have replied to this tweet when it was made, TEN MONTHS AGO.
Customer: The clerk at the AT&amp;T store didn’t tell me it came with a contract. I’ve spoken to AT&amp;T about it multiple times and was told I have to keep the contract or pay the cancellation fee. 2-year contract is up in April.
Support: Oh no! We don't like to hear that our customers are paying for things they didn't ask for! Would you be interested in cancelling it with the cancellation fee, or would you like to keep it until April? We can't wait to hear back from you! ^BayleighO
Customer: Those’re the options I’ve always had. Last time I checked, it was cheaper to keep it. I’ll just have to keep paying for the thing even though I’ve moved and have no idea where it is. Lesson learned: Don’t trust anyone when they tell you something is free.",
0bbf7bf28c9a87220be3c1813f0b505c,Safaricom_Care,"Customer: and with kcbmpesa??
Support: Hi, contact KCB via KCB customer care team:
+254711087000 (chargeable) Facebook: KCB Bank Group Twitter: @150695 (cont)
Customer: @319837 @150695 please i have paid my debt bt you have not yet remove me from CRB
Customer: @Safaricom_Care Hi, please follow our account as there are details we need to ask from you via private message for follow up on the clearance.
^HG
Customer: @Safaricom_Care my number is 0727494526
Customer: @Safaricom_Care Delete the number from this post as it exposes you to risk of being targeted by fraudsters.
^HG
Customer: @Safaricom_Care call me pliz",
b5add6a63258e11ae4be79f11ca58dd2,TMobileHelp,"Customer: OMG. FINALLY. Only took @115725 4 years to realize customers don’t want limits. #bouttime #yourewelcome https://t.co/KARKmCmRGA
Customer: @115725 thank you Verizon! I'm leaving Trash-Mobile tomorrow and joining a better network. No more shitty 480p video streaming
Customer: @115913 @115725 you'll regret going to Verizon, they'll screw over. Been there done that. TMobile coverage is improving fast
Customer: @637710 @115913 @115725 @115911 told me 15 years ago they're improving their coverage. Still no service in my town!
Customer: @637710 @115913 @115725 @115911 email Neville Ray, his team will respond with accurate truthful info, they did for me
Customer: @637709 @637710 @115913 @115725 @115911 Hey Josh, Can you share me Neville Ray email id? Thank you sir
Support: @115913 Hey there, Vamsi. We're here for you and would love to help. Please DM us what's going on: https://t.co/cuEwtd2epS *DanKing",
20c588c8e238dc7423c697959a28e076,TMobileHelp,"Customer: Here's how they stack up. ProTip: Go for the one in magenta. #TMobileONE #FTW #Uncarrier https://t.co/oBkQRip75G
Customer: you aint showing the november tmo deal. thats what i signed up for
Support: @115913 Let's get your bill figured out &amp; fixed, DM us. https://t.co/BwGTOW5KbY *JennaLundh
Customer: @115913 Too. None of your csr was of any help.
You guys made me jump to Verizon. Same price way better coverage. LTE is actually LTE with verizon",
1eb746db94d8f4d8694ec8d5b3392aaa,,"Customer: my front camera always error.
Customer: Hello Yuthyia, we’re sorry to hear this. Looping in @MicrosoftHelps to see if they can help.",
efcf2cfbc520f68a9f3a98766c95b4bc,askvisa,"Customer: Que tal trocar a carteira por uma pulseira? C/ a Visa BBPTag, vc pode! É só aproximar o pulso para pagar. https://t.co/vnZmkTj7ip #PossoMais https://t.co/dJq3wdoYtp
Customer: Minhas duas pulseiras da bbptag quebraram como faço para comprar apenas a pulseira ?
Support: atendimento 4003-2712 (Capitais e regiões metropolitanas) e 0800-888-1221 (Demais localidades) pra mais informações (2/2) TB
Support: Lamento pelo occorido Francisco. Neste caso, sugiro entrar em contato diretamente com o Brasil Pré-Pagos no (1/2)
Customer: Obrigado, vou tentar por lá
Support: De nada. Espero que encontre uma solução. Boa sorte! TB",
96b690cc661460a8ef211b53518b0c7d,AskPayPal,"Customer: Split Payments in Seconds. Request money from friends right from your phone. Download the PayPal App https://t.co/QEAotDyFIa
Customer: Can y’all help me get a refund I was scammed
Support: Thank you for reaching out! Could you please send us a DM regarding this issue? From there, we'll be happy to help! ^JGP",
546b5e6a6dfe42925b8a87ebcac1a9cb,idea_cares,"Customer: Very Bad experience. Raised complaint twice. Got strange reply. Idea accept the issue but we cannot solve it. Just bear us.
Support: as per our recent telecon, we wish to affirm that your concern has been discussed &amp; resolution has been communicated. Rgds, Mak
Customer: Sorry No resolution. You accepted it was signal problem (GIFT city, Gandhinagar) &amp; you could not fix it. I have switched to other provider",
a45a7b0552f0473a3eeafd418843b0bb,CenturyLinkHelp,"Support: Good morning! How is it that we can help you today?
Customer: Hi, does Centurylink charge cancellation fees for terminating high speed internet service contracts?",
26833f9f6e7cc69b753b2cd909ea7723,SpotifyCares,"Customer: my amazon echo wont connect to spotify, please help
Support: Hey! Are you getting any error messages when connecting to Spotify? Also, are you rocking Premium or Free? Keep us posted /BH
Customer: my spotify works fine. thanks
Support: That's good to know! In case you need us again, you know where to find us. https://t.co/uQiQuWow27 /JN
Customer: sure thing, i love spotify 😜",
f7943c3391673d0c1365fc7f631247a4,ask_progressive,"Customer: Discover the magic of saving an average of $620. https://t.co/KGAqF6DqVt
Customer: How because I just paid $185 for the month, my insurance go up every month 😡
Customer: Hey @169074 any more agents in Houston available to look at vehicles damaged from #harvey almost 4 weeks since storm and no one has come
Support: Let's take a look at your policy together to see how you may be able to save. Give us a call anytime at 855-266-8485. ^DB
Support: I'm sorry for the delay. I'll share your concerns with our Claims team, and have someone follow up by the end of tomorrow. ^AA
Customer: Thank you
Customer: Thanks for the attention. We got our vehicle looked at today. One thing off our list.
Customer: @ask_progressive George Soros doesn't need more money quit buying Progressive
Customer: @ask_progressive It's sad that we live in a country where Trump can donate .0001% of his money for hurricane ""relief"", but you're still struggling to simply get a WORKING CAR. If Donald feels a tummy ache, they'll fly to California on YOUR TAX MONEY to buy ""the best of the best"" PEBTO BISMOL.",
6a6a5f5872ea453c46134f87a0a71d42,ask_progressive,"Customer: Save an average of $620, and watch the savings grow. https://t.co/lzQFjbXgvo
Customer: NO  GOOD        $700.00
Customer: I have progressive now and need to switch, too damn overpriced
Customer: @169074 do you sell commercial insurance for commercial vehicles it's an NYC thing. I trust you cause you funny.
Customer: I need to check it to see if I can save some money on my insurance.
Customer: Got promised a low price by an agent. I used the snap shot which gave me 8% discount. Yet, My bill went up like $60 after 6 months. Liars!!!
Customer: ""Savings"" How cute. I'll be switching within the month, my rate doubled and I can get insurance elsewhere for a third of the price.
Customer: Been using progressive for almost 5 years..  Most inexpensive one at the time, and I still stick with you all.
Customer: Wish you’d save me some $ instead of raising mine 60$ for no reason 🤷🏻‍♀️
Support: Let's make sure your info is up to date and you're saving where you can. Please call 855-266-8485 for a free policy review. ^JJ
Support: We'd hate for you to go; let's make sure you're saving all you can. For a review, please call 855-266-8485 anytime. ^JH
Support: @169074 We sure do; for a quote, give us a call at 800-895-2886 or visit https://t.co/btpTCekUmh and select ""More Choices."" ^JK
Support: @169074 Let's find out! When you have a chance, please call us anytime at 855-266-8485. ^RL
Support: @169074 Let’s check the reason for the increase together and look for additional ways you may be able to save. Please call us at 855-266-8485. ^RL
Support: Let's make sure you're getting the best rate we can offer. If you haven't already, please call 855-266-8485 for a policy review ^JH
Support: Your loyalty is appreciated, Eddie; we look forward to many more years together!
Support: You may be able to save with our Snapshot program. For more information or to sign up, log in at https://t.co/btpTCekUmh and visit the ""Discounts"" tab, or call anytime at 855-266-8485. ^JK
Customer: @613676 😂😂😂😂😂😂
Customer: @169074 I'll check it out thank you. I thought flo was gonna reply cause you know I thought we had chemistry since I've been watching her but TY 🙏🏿
Customer: @613643 😂😂😂😂
Customer: @751055 Are you George Soros?
Customer: @ask_progressive who me?  why would you ask that?",
798ac4a116b637c4ec0cf97943a7dee9,ask_progressive,"Customer: Discover astronomical savings. You could save an average of $620.
https://t.co/JbvznRhsNO
Customer: Kept billing me for two months after I cancelled my policy. @131610 #Insurancefraud
Customer: I have progressive and pay 180$ a month I'm not seeing much savings I only have 1 car
Customer: your insurance is way to expensive is not set up for people with disabilities to be able to afford no wonder people have to drive without
Customer: @169074 why yall raise my shit so high?
Customer: sorry I not saving with progressive, matter fact they went up no reason why
Support: Can we look into this for you? If so, please DM your policy number and any details you'd like to share. ^JK https://t.co/ioHhsJSLde
Support: Let's make sure you’re saving all you can. For a policy review, please call us at 855-266-8485. ^JJ https://t.co/ioHhsJSLde
Support: We know price is key and want to make sure you’re saving all you can. For a review call us anytime at 866-416-2003. ^RL
Support: Let's see what happened and make sure you have the best rate we can offer. Please call 855-266-8485 anytime. ^JK
Support: We know it's frustrating when rates go up. Let's look for new ways you can save by calling us anytime at 855-266-8485. ^MB
Customer: @591609 im on the hook for $25,000 for a totalled car because it took  5days to add collision to a policy then i had an accident on the 4th day...
Customer: Was no help thanks
Customer: Well called just a shame no discounts for disabled people
Customer: just didn't go up they skyrocketed up waiting to change car themn i am switching to another company that will about 75.00 cheaper a month
Customer: @ask_progressive Flo pulled the same crap on me. 50% increase, for no reason. But I am curious how they can save you money now. Why not tell you how before?",
244534de8d2ac34c0df6066351dfc851,ask_progressive,"Customer: Get schooled in great rates. You could save an average of $620
https://t.co/NbhheIFXhL
Customer: You mean save $911.40! B/c that’s my savings! The other company quoted me 😱$455/mth!
Customer: So can I get a reduced rate, too?
Customer: Get schooled in reality. Have an accident and watch Progressive turn on you like a pack of wolves on a hurt sheep
Support: The savings are only the beginning! We offer pet insurance for your furry family members too at https://t.co/1TormDE2L5!
Support: Let's see what we can do! Give us a call anytime at 855-266-8485. ^SS
Support: Is there something I can help with? If you have a claim and need assistance, please send a DM with your claim number. ~Tom
Customer: 😲😮😲😯🐱🐱&amp;🐥🐥?!!!
Customer: If I get a new vehicle, do I need to use the snapshot on it, too?  You guys punished me for driving late, but I work nights.
Support: No worries; while you have the option to participate in Snapshot, it's not required. ^SS
Customer: Do we need to do it for discounts on every vehicle?

The ""no worries"" comment reads extremely tone deaf, too.
Support: So we can go over this in more detail together and look for ways you may be able to save, give us a call anytime. ^SS
Support: If your new vehicle is replacing an old one, your results will transfer. If you're adding one, you can enroll it into the program.",
409e2af0053e52be9f6f26c56b4eec21,ask_progressive,"Customer: Save money for more fun. You could save an average of $620.
https://t.co/uCLEQrVkMW
Customer: Why did the snapshot thing try to blow up our transmission?
Support: We'd like to look into this. If you haven't already, please call our Snapshot team at 877-329-7283 (Mon-Sat, 8-12AM EDT). ^BB
Customer: @477112 She was probably out of transmission fluid or driving too fast in a low gear.",
a67a1f0100fb3572f80141be720e4008,AskPlayStation,"Customer: I'm having some trouble making a PSN purchase. Any chance you can help me out?
Support: Here to help! Are you receiving any error messages or codes?
Customer: E-801809A8 it does not show up when I search it in your support page",
9fd4e4abdc525dc973f5c3570e26ed6a,UPSHelp,"Customer: Learn more about @115817 ORION:The Driver Helper - download infographic here https://t.co/nsGcjO0hSa   #bigdata https://t.co/g1Prls9IXC
Customer: @5160 @115817 Is this an official twitter from SA
Support: You can try @415879. ^QJ
Customer: @415879 No body answer phone !

No body answer Twitter !

You have any idea for information here ? 
@115817 
@5160 

https://t.co/qrWEcDQ6lc
Customer: @UPSHelp @115817 @5160 يمكن التواصل مع الرقم الموحد ٩٢٠٠٠٢٥٥٥
Customer: @UPSHelp @115817 @5160 وعليكم السلام
Customer: @UPSHelp @115817 @5160 .
I told you ... I tried multi times call phone, no body answer ! 

How can I understand you my friend ! 

,,,
Support: Do you have a specific package we can assist you with? Please DM our team your tracking details. ^DS https://t.co/wKJHDXWGRQ
Customer: @UPSHelp @115817 @5160 Please share your tracking number in private &amp; will assist you
Customer: It's done ...
Support: We will need to correct the address as UPS doesn't deliver to P.O. Boxes. What is your full physical address along with your #? ^ML https://t.co/wKJHDXWGRQ
Customer: Sorry what you mean for ... 

""with your #? ^ML """,
3d71f561903c098db96897e1a97ace54,marksandspencer,"Customer: new POS rollout in Hong Kong with Eurostop continues in store no. 2 this week... #POS #internationalretailsystems https://t.co/uZAH9BlJSr
Customer: @marksandspencer Hi is there a staff name sean lee in your company?
Support: @635692 Hi, due to maintaining staff confidentiality, we aren't able to answer that question. Sincere apologies, Steve.",
75d569825090a3dbd9bea82eafc61479,GWRHelp,"Customer: .@GWRHelp One of your trains (43156) is named after our Summer School. What'll happen when the 43s are replaced? We'd love the name plates!!
Support: Hi, these would likely be sold/donated/scrapped if you speak to us closer to the time we may be able to advise further -Andy
Customer: Thanks Andy. GOod to know. I don't suppose you know what sort of timescale we're talking? We wouldn't want to miss out!
Support: The first new long distance trains will be introduced from October this year, so perhaps around that time. -Andy
Customer: Hi @GWRHelp, as suggested by Andy ^^^, we're getting in touch to find out about 43156's nameplates. Any idea what will happen to them? 🙂
Support: Hello. Thank you for getting back in-touch. I'll speak to my colleagues and will get back to you. - Jordan
Customer: Thank you! They would be a wonderful and unique part of our 70th Anniversary celebrations next year...
Support: Hello. Can you follow us so we can DM please? - Jordan https://t.co/Fg4VGS9qNo
Customer: Have done!",
45b7a3ea1da1e8f88b907e7afe276528,McDonalds,"Customer: Before last night, last time I ate mcdonalds was in august
Support: So glad you came by, Alexis. We missed you!",
60b7463147f698f8ed489f22fe297da9,TMobileHelp,"Customer: Please fix 4G LTE service @ Queensboro Plaza. https://t.co/jAWMEwJVcO  The network is unusable at this stop due to congestion.
Customer: @TMobileHelp, 8 months later and this problem still persists.  When are you going to fix 4G LTE service @ Queensboro Plaza?!?
Support: I want you to get the best out of our coverage! Can you meet me in the DMs? https://t.co/sBIVWmm6X2 *EddieGough
Customer: @291379 &lt;a target=""_blank""   href=""https://t.co/WS8T3v5pca""&gt;&lt;img  border=""0""  src=""//ws-in.amazon-adsystem.com/widgets/q?_encoding=UTF8&amp;MarketPlace
Support: I'm unable to review your link! Please DM me here: https://t.co/gAmFrAsnx1 and I'll get you squared! 💪😎🌟 *PatrickUllmann",
c4e6d2e2687a221f809763048d22f841,AskLyft,"Support: Make some extra cash when you refer your friends to Lyft! Learn how you can become an Ambassador: https://t.co/7Wzsm8txSa.
Customer: @115879 how many days does it usually take to recieve an lyft rental ?
Support: (2/2) As long as you have a rental deposit on file, you'll be able to reserve a vehicle through your ""Vehicles' tab.
Support: (1/2) We're unable to say. Vehicles are returned on a daily basis.",
91466db66c9889c7c65a7981ad4067cc,Ask_Spectrum,"Customer: Customers in SoCal, we are aware of the weather related issues affecting your services. We are working to bring services back up ASAP. ^FG
Customer: I'm trying to play overwatch!! RAHHHHHHH
Customer: @117890 Is you internet being very slow ??
Support: My apologies for the internet issues you are seeing there. If you can DM me and provide me with the full address,... https://t.co/NP1HP79xRw",
841c55a87b97d17ff81099af10ad9de8,BofA_Help,"Support: If you need help from us today, we’re only a Tweet away until 8 pm ET. We’ll be off Monday, and back here Tuesday morning at 8 am ET. ^km
Customer: Would appreciate someone reaching out to me ASAP on Tuesday morning.  Please see my previous tweets.  Simple issue NOT resolved and this should not be so difficult.
Support: Thank you for your patience. We'll call you today to see how we can help. ^mg
Customer: I'm still on the line waiting, and was never conferenced in.
Support: As advised, there is an extended hold time. We appreciate your patience. ^mg
Customer: No, you ""advised"" that you would conference me in to a person.  That didn't happen.  Also, you gave me an incorrect number for ""Move Money"", and gave me the ""claims"" line instead.
Support: Thanks for speaking with me today. I will follow up with you tomorrow per our phone conversation. ^mg
Customer: I realize you are trying your best to help.  Let's try this again tomorrow.  The call I was on while you called didn't work out at all... the agent just re-routed me to the same number all over again.  as you can imagine, very frustrating.",
ff4b46f5881a16a3c99bbe966034e804,AskPlayStation,"Customer: i just tryed to sign in for the first time in like 4 months
And it said my account was banned???? WS-3736-7 Plz Help
Support: Sorry to hear that. You will receive an email with the details of the ban/suspension: https://t.co/2CpHxuUKRB
Customer: is their any way to get me account back???
Customer: @AskPlayStation what happened to your account now?
i am same your broplem",
22ec847e86cda4400bbeab7c07d46ca6,AskPlayStation,"Customer: Hola, como puedo cambiar el papis del registro de mi cuenta.
Support: Hola Luis. Lamentablemente la región de la cuenta no puede cambiarse luego de ser creada.
Customer: Gracias. Ya cree otra cuenta
Support: Un placer.",
d2cb4613496801599bc000552e0ee9aa,Delta,"Customer: Hey @Delta I have a question
Support: Hello Autist, how may I assist? *RS
Customer: @702703 Fuck I remember this",
d89e78fc5acc63fe81248d356ad3f45d,AppleSupport,"Customer: hi, my MacBook pro always shows: usb accessories disabled, when I just open it without any operation. How to solve it? https://t.co/WAkbc7egIB
Customer: @AppleSupport did you ever fix it? im having the same issue right now :(
Support: We'd love to work this out with you. Any USB devices attached currently? Please DM us. https://t.co/GDrqU22YpT",
7ba6f30f6aad55ade5ca0e378817e7d2,GloCare,"Customer: Your data network reception in Nnewi Anambra state is next to junk since Jan'17. I can barely access Twitter let alone other apps
Customer: It's d 1st time I've been able 2 use Twitter app in 2017 which takes some 4 mins to load. I'm on 3G reception but barely gets Edge
Customer: I have planned to use the 1st opportunity ur network reception offers on Twitter to report this. That opportunity came this nite
Customer: I only hope the network reception I'll be up to enable civet me rec'v ur response.
Support: Kindly alternate the network mode, select either 2g or 3g only, not both. Restart your device afterwards. SO
Customer: Pls stop charging N20 daily from my line for Glo Images services which I don't need or ever requested. Or else, I'll report u 2 NCC
Customer: This charges have persisted for over 2 months and I'd stopped using recharging my line for calls until this ""robbery"" is stopped.
Customer: I have warned you
Support: We apologize for any inconvenience you may have experienced. Kindly provide your number. Thank you. UO.
Customer: 08059001331
Customer: I still await your response . My No is : 08059001331
Customer: I still await your response.
Support: We apologize for any inconvenience you may have experienced.The complaint has been escalated. Thank you. UO.",
812da0d5f0b4ea9bda33fa5a88c8938d,AskRobinhood,"Customer: I have a major issue with @122481 - upping prices at time of purchase. Problem.
Support: Hey! Try uninstalling/reinstalling your app—let us know if that doesn’t fix it! 📲
Customer: No that doesn’t fix the problem- you guys know that.
Support: Sorry about that! If you would like us to take a look at your orders, send us an email and we would be happy to help!",
45c7a284efa7d07f7bb5c9afb3080ffd,HPSupport,"Customer: good day all, i need help on how to download and install Laserjet Pro MFP M125nw printer on my Toshiba NB505 mini laptop.
Support: Happy to assist you, use link to download drivers for your printer https://t.co/5q5k5u5nO6. ^Susan
Customer: thanks
Support: You're welcome, please let me know if you were able to install drivers onto your computer. ^Susan
Customer: thanks @ Susan, i was able to install it and is functioning. once more thanks
Support: You're most welcome, glad to know that the issue has been resolved, please reach out if you require further assistance. ^Susan
Customer: thanks dear, I will always do that",
cc93c23ac1ab47f9a40da2c5a6fb6d96,Uber_Support,"Customer: yo @115877 are you for real with this? look how it looks on your app compared to what just came to my doorstep 😡😡😡😡 https://t.co/XuFvJWA826
Customer: I'm still pissed about this
Support: Oh no! Visit; https://t.co/ty0evE18Y8 so we can further assist you. Thanks!",
16d5e949edba55978dac00ca1473b81a,AirAsiaSupport,"Customer: Hi, kindly help allow me to edit the name without changing the guest because of mispelling. My booking number is GDQR9F.
Support: Hi Colin, name correction done. Please check your mailbox for the revised itinerary. Thank you. -Prabu
Customer: tq
Customer: Hello Mr/Ms, if i wan change my ticket to tuesday while i hv check in my ticket on monday , it works or not?",
a8152fcebac61d7b44778550be8dc46d,SpotifyCares,"Customer: How in the hell do I reorder my #Spotify playlists? Not individual songs IN a playlist, but change the order of the actual playlists?
Customer: Idk that there is a way. I been trying to figure it out on Android, Apple and the desktop client.
Customer: - OK, I thought I was crazy. I can't figure it out on any platform either, and I can't seem to find an answer anywhere. WTF?!?
Customer: yeah its extremely odd considering all the functionality that Spotify generally offers.
Customer: So - if you download the Spotify web app on your computer, you can rearrange your Spotify playlists. Thank God!
Support: You're welcome! Anything else, give us a shout /TR",
6f6b1b994f2d367d57c9bd4bb00e86ef,Uber_Support,"Customer: طالعين اليوم؟ اطلبوا أوبر، أسهل طريقة للطلعة في الرياض! https://t.co/17brlp5Otj
Customer: Hello 
I hav problem with my account 
When I inter my phone number telling me  visit web of uber !!!!!!
 I just switch my device
Support: We're here to help! Send us a note via https://t.co/Md7v03opga so our team can assist.",
628e7edfb2dcdcada8e1cf4f433a05c0,AmazonHelp,"Customer: 2nd try for a response, this morning. https://t.co/JPwx1RVVmu
Support: Sorry about the delay. Was there a failed delivery attempt according to the tracking: https://t.co/aaDyEz1VgE ^CJ
Customer: No. It's at Manchester Amazon Logistics depot. 10 mins away in car. Annoyed I can't go collect. 1st Prime experience = failure.
Support: What was the delivery date on the order? Have you received any messages about the order? ^MC
Customer: It was ""arriving tomorrow"" yesterday. This morning it's still arriving tomorrow. No messages. I can see in tracking it's local.
Support: Reach us here:  https://t.co/JzP7hlA23B so we can check with the carrier for you.^CD
Customer: It's Amazon logistics. Cust Servcs won't give me means to contact them. I want 2 escalate complaint but so far only lip service.
Support: Amazon Customer Service handle any Amazon Logistics-related issues, but depot collection's aren't possible, I'm afraid. ^CJ
Customer: @360271 Why can't we know which third party is involved? Ive seen self enployed drivers with no ID, branding, in their own cars filled with parcels.",
d0e1f439691f35de3b10d26a6351193e,airtel_care,"Customer: @10152  ur ppl are sleeping ..  i am waiting for revert
Support: cont1.. assistance. Thank you.
Customer: hav done that pls chk and confirm
Support: , we are yet to receive the direct message from you. Thank you.
Customer: nt able to DM as not getting id
Support: Hello @63387, we are yet to receive the direct message from you. Thank you.
Customer: hav already done that pls chk the DM n update on resolution
Support: Hello @478156, kindly state the exact issue for prompt assistance. Thank you. ^OFunmi",
08be3b7282113e22df9b88fb1e1ac7d8,SpotifyCares,"Customer: It genuinely upsets me that the Piglet's Big Movie soundtrack is not on Spotify. @115888 explain yourself
Support: Hey! We’ll have it available to you as soon as it’s available to us. https://t.co/YlV1IAXwsi /ML
Customer: much obliged
Support: Give us a shout if there's anything else we can help you with. https://t.co/uEkAlnxbzn 🙂 /JS
Customer: @115888 wellll... I also noticed that the Anastasia soundtrack is also missing 😬
Support: We'd love to have it on Spotify as much as you! Hopefully we'll have them in future 🙂 /AR
Customer: Thank you
Support: You're welcome! Let us know if you ever need us again. We'd be happy to help /LO",
482030fb3fdabcf3914bd00781285a3a,Safaricom_Care,"Customer: How do I stop some messages that keep on coming everytime I switch on my phone?kindly help
Support: Hi, who is the sender of this messages? ^NG
Customer: Timothy Ndirangù
Support: Kindly take your handset to a technician for it to be rectified. ^WM",
b8d5c34e4aa37dc72093337c37c9f993,ATT,"Customer: Is AT&amp;T charging more for credit cards with their new unlimited plans? https://t.co/zM67Z9imhn
Support: Hi, Robert - credit card payments are not eligible for the AutoPay and paperless bill discount.
Customer: @290992 Why the hell not? My company lets me pay my bill by CC. Why shouldn’t I get the discount price?",
4413a5e89ed0881dac24f721d1b8f87b,idea_cares,"Customer: 8 times call disconnected without consent
Have all the recordings of ops manager @24292 https://t.co/tN410PHfNm
Customer: Again cheating by idea... After several complaints regarding wrong charges...issue not resolved and harrowing me and family members for payment even after informing about wrong charges complaint...going to Lodge comment in consumer court. @118342 @24293 @idea_cares
Support: Sorry for the trouble caused. We request you to please elaborate your concern and share your Idea number and alternate contact number so that we can solve the issue.

Regards,
jyoti.
Customer: @118342 @24293 @idea_cares Adding @15316 @120781 @348 @116590 @118343 @135789 @24294 @137849
Customer: My concern is about 9926690539 and u can check my complaint history... I have not used u r no even for calling anscfrom the first wanted to change it to prepaid but always not entertained by idea...alternative number 8770017263
Customer: @118342 @24293 @idea_cares @15316 @120781 @348 @116590 @118343 @135789 @24294 @137849 Wow no reply since more than 4 days... Great idea sir jee to loot customers
Support: We have noted your contact details. Please give us some time so that we can get in touch with you and discuss your concern.

Regards, 
Pradnya
Support: Your concern is forwarded to the appropriate team and you shall hear on the same very soon.Rgds Neha
Support: Sorry for the trouble.We request you to visit the nearest My idea store for migration as it requires validation of documents.Regards,Pritam
Support: Sorry for the inconvenience caused. We request you to bear with us for sometime. We will update you shortly.

Regards, Ganesh
Customer: Wow what a reply I received from team,my concern is not only to migrate my no to prepaid, it's about wrong charges charged in all billing.I would have visited if I wished to convert to prepaid.My concern is about wrong billing which should waved off with migration @118342
Support: Sorry for the trouble. Please let us know the wrong charges in your bill to assist you better. Regards,Sneha.
Customer: Sneha it's not easy to elaborate concern on twits. U and u r team don't have time to entertain customer and you decided to Harras customers with such type of services? 
M sure this time I am going to escalate this issue to highest level to get idea on their toes. @118471
Support: Apologies for the trouble. Please elaborate on your concern and we will surely address it. Regards, Amit
Customer: @118471 @118342 @idea_cares I already told many times about concern even team can't call me on my alternate number 
What a ridiculous services.payment department calling my family members and threatening them for FIR? Is it the customer service? going to Lodge case.",
61b8ba8ff087aac5949e392ab8561b37,AskTarget,"Customer: Boy, do I love when I only get two months worth of wear out of a pair of shoes at @116062. #angrymomtweets https://t.co/brOZ6eeTWO
Support: We don’t want you to skip the walk.  Please bring them along with your receipt to your local store. https://t.co/1GRF4J2ynL .
Customer: @394560 Please start issuing #e-receipts :) .@79021
Customer: @AskTarget @79021 YES, @662317! Wouldn't that be great!? Then I could've actually gotten this taken care of, instead of ignored by @116062!",
40c42692fcaf8eb8802115e65613638d,idea_cares,"Customer: 9370691812 following tweets,Ashwini assurance three days resolution or I port back @7462 find shot https://t.co/snkXFz2bLm
Support: we deeply regret the inconvenience. Rest assured, the issue is being investigated. We will get back to u soon. Rgds, Mak
Customer: 9370691812 still what Ms Ashwini said didn't materialise, still Rs 704 showing due in my idea app, my money however logged in
Support: we deeply regret the inconvenience. Rest assured, the issue is being investigated. We will get back to u soon. Rgds, Mangesh
Customer: Totally disappointed with your service , I left 13 years RCom n ported to you but ur worse in customer neglect than them, just because I got one legible waver3 months u didn't give another retention officer approved waver 9370691812, porting 2 @118343 sur
Customer: Hi Rajendra,  We'd be delighted to have you as our customer. Just SMS PORT &lt;space&gt; Mobile Number to.. cont1 https://t.co/wRZrg3J33A
Customer: cont1.. 1900 to get a UPC Code ( Note, UPC Code validity is UPC generation day + 15 days.) SMS charges are as per tariff.. cont2
Support: Sorry about the trouble but we don't want you to go. Please let us know the exact reason for port, so we can assist you better. Regards, Mahindra
Customer: We'd love to hear from you https://t.co/nVfgqoxefY
Customer: cont3.. Store for further assistance on MNP. Refer https://t.co/dSRxeXcoXC for information on MNP. - Sashi
Customer: I will do that when (1) @idea_cares at last don't approve my legible waivers and deny Rs 175 pm Un plan equal to current plan &amp; (2) You offer post paid plan Rs 175 (or lower) unlimited local national calls free roaming &amp; 1 GB 4G pm
Customer: I know how to port but let @idea_cares decline from giving benefits of their prepaid Rs 175 plan in post paid , you too offer similar or lower in post paid , only then I port , else don't want to fall in fire 4m frying plan @157437
Customer: You search in your records , why do u want me to narrate ? I have narrated in other reply to @118343 , read there , I have kept you there
Customer: Will once ask @idea_cares once whether , without pro rata extra charge Un 175 possible with un calling , free roaming &amp; 1GB 4G /day coz de giving to prepaid now, what u say?if u commit Un175 postpaid with abv parameters send exec in Wai 9370691812, bt 1 chnc
Customer: Earlier two months ago I wanted to port to you but @idea_cares retention officer convinced me my pro rata tariff change between billing cycle extra charge will be waved but they didn't  coz strange rule arbitrary: 3,months only one waver,,my un350 pln nw,
Customer: I will not visit store , I'm busy in college univ exams, earlier ur exec was supposed to collect docs,now send again bt let once @idea_cares decline 1. earlier extra charge refund 2. Un 175, with same as current Un 350 and most imp will u give Un 175, or less
Customer: @118343 @idea_cares Yes sir, you are right here..
Support: We are sorry for the inconvenience caused to you. We have your contact details. We will get back to you shortly.

Regards,
Neha L
Customer: Better you investigate , customise Un 175, plan with same benefits as current plan , refund last month ago wrong pro rata charge , adjust in this month &amp; then generate bill else if @118343 offer properly, give incentives will immediately port to them
Customer: I don't know which ID refers to denial of waiver on AC of 3 months condition but one of these also refers to 10 GB data which was promised and denied to me , your manner of handling com ID is so much complicated , can't find out which refers to what
Customer: SR# C1-96086576189 Closed: Service Request Update - Idea
Customer: Comm Id# C1-98283395844 Closed: Service Request Update - Idea
Customer: Comm Id# C1-98355888922 Closed: Service Request Update - Idea
Customer: Comm Id# C1-98373707175 Closed: Service Request Update - Idea
Customer: Comm Id# C1-100299877277 Closed: Service Request Update - Idea
Support: As per our telecon, we have noted your concern and our team is working on it. Please give us some time to get back to you. Regards, Heetali
Customer: OK Ms Heetali ... I hope so
Customer: You called again at 6.54 , I was driving , please call now
Support: We have forwarded your concern to higher authority and our team will connect with you and update you. Rgds,Sneha.
Customer: Comm Id# C1-102739960429 Closed: Service Request Update - Idea , one does not get idea which Comm ID for which issue , while nothing is done in my case how do you send closure of requests ... tragic
Customer: Comm Id# C1-102741053182 Closed: Service Request Update - Idea, nothing has happened then how can you close ?
Customer: Please let me know why Ms Heetali called at 6.54 ?
Support: We have already forwarded your concern to higher authority and our team will connect with you and update you. Kindly bare with us. Rgds,Sneha.",
ba3e1da372854105d3f3f0201005c2d7,SpotifyCares,"Customer: hello hi i'd like to ask why the nxworries album 'yes lawd' is not on spotify anymore
Support: Hey Aryana! Can you let us know which country your account is set to? We'll have this checked for you /DD
Customer: canada
Support: Thanks! Fingers crossed we'll be able to have it soon, but there's info about Spotify content here: https://t.co/YlV1IAXwsi /MG
Customer: hello hi.... may i ask why “yes lawd!” was once again removed from spotify 😭
Support: Hey Aryana! Sometimes content gets temporarily removed because of licensing changes. Hopefully we'll have it available again soon. We have more info here: https://t.co/1dgftcX4qK /LO",
327a09b4faf43a25b188a38d5394f066,Ask_WellsFargo,"Customer: Have been loyal on-time customer for 6 years with @116827, made call in Dec re: payment, was given wrong info, now they won't admit it
Support: Good afternoon, Rachael.  I'd like to help in any way I can.  Was your payment concern resolved? ^NR
Customer: It was resolved in that WF took no responsibility for their mistake, and I am shopping for another bank.
Support: I can look into this further and try to help. Pls DM us more details w/ your name, address, &amp; phone # (no acct #). ^HE",
543d1215b29c4ecf44a817fbe79ad647,Safaricom_Care,"Customer: how many bonga points do I need to purchase Lenovo A1000 3G
Support: Hi, you can get the Lenovo A1000 (3G) with 100Mbs at Ksh 5,199/=. Visit https://t.co/qf8OywF0Mh for more information (Cont)
Customer: do you have any offers on tecno phantom 8
Support: Hi, we currently don't have that phone in stock. Check https://t.co/UXnTeddxlc for our latest stock.^TK",
f74e91f18a3ed0de664d15366bf9d2e6,AskPayPal,"Customer: people blindly trust you with their money, how you get away with scamming people's money is amazing.
Support: Hello Christina, sorry to hear about this negative experiences and our apologies for the delay. ... https://t.co/Nn5X7t6uv4
Customer: If paypal was sorry my money would be found.
Support: Hi there Christina, we're very sorry you're having this hassle, but if you could please send us ... https://t.co/Nn5X7t6uv4
Support: Just checking in! If you still need assistance please send us a DM. ^DC
Customer: Thanks but this was taken care of months ago.
Customer: Solved thanks",
1657e36705b0fd364066ff02e24d1953,Delta,"Customer: joined @Delta as chief captain
Support: Hi, Colt. We would love to have you join the team! 😉 *SL
Customer: see you at terminal
Support: 😉 *SL
Customer: @152722 @9138 no c4s?",
b6fc2e9dd8998d6b2eaa09cd5f431f7e,TMobileHelp,"Customer: T-Mobile’s new plan is just as awesome as that all-inclusive resort you stayed at, so join me, T-Mobile’s CEO!
Customer: ALSO COTUMER SERVICE IS DONE OVERSEAS WITH SLAVE LABOR SPECIALLY FROM PHILLIPINES AND INDIA😂😂😂😂
Customer: @115913 can my family get this new plan? We are on #ProjectFi but it doesn't work with #iPhones unfortunately How much is this new plan?
Customer: WHY YOU AND THE REST OF THE CELLULAR PHONE COMPANIES DONT PAY BACK THE MONEY YOU STOLE FROM CUSTOMERS MISLEADING THEM THAT THEY HAVE GOOD S.
Support: @115913 We'll get you fully taken care of right here, Reinaldo. DM me and we'll dig in https://t.co/Nr93OTtXRx *TaylorBest
Support: @115913 We'd love to have you guys on #TeamMagenta, check out this incredible plan here: https://t.co/RaKojihfeq *TaylorBest
Support: @115913 It's our priority to ensure we find a solution, DM me and we'll get started https://t.co/Nr93OTtXRx *TaylorBest
Customer: @115913 Thank you so much!!! Thanks for your instant reply! Much appreciated!
Customer: @115913 HOW ABOUT MOVING THE CAT OUT OF THE WINDOW
Support: @115913 You got it, Patrick. If you need assistance switching don't hesitate to DM, we're here 24/7 https://t.co/Nr93OTtXRx *TaylorBest
Customer: @115913 Will hit you up on DM when we get to our switch to #TeamMagenta &lt;3 #TMobile",
9ef2e1e40ed9678faf779f3d8fa1ca4f,TMobileHelp,"Customer: Learn how to get 💰 back for your unused data from me, T-Mobile’s CEO, so you can do more ✈️️ 🌴  ☀️️
Customer: How ?
Customer: If you're really CEO can you get me a free phone after 14 YEARS of loyalty? I'm tired of getting reminded how dumb I am when I call CS.
Customer: You guys ruined my credit.  I was talked into switching 5 lines over and when the phones arrived I changed my mind and sent everything back.  I evam callrd n confirmed worth a rep and then a month later you gfuys said you didn’t receive all of it and want to collect $
Support: @115913 With a sweet program called Kickback: https://t.co/6DVE0ktTxc DM us and we'll see if it's compatible with your plan. *DanKing
Support: @115913 14 years is definitely wonderful to see. I'd be happy to review device options with you. DM me. https://t.co/EdLkYIfmTn *MariahDaigle
Support: @115913 I'd love to investigate this for you. Shoot a DM my way? https://t.co/c6ROkAqiws *HollyAdams
Customer: @115913 Been there, done that. It goes nowhere.
Customer: @TMobileHelp @115913 I have been to already new 📱 🔢",
06e01ca813ba4fafff3908755f5e1f09,GloCare,"Customer: Pls  I want d music Apps removd frm my line. I  neva subscribed 4 it, it is dsgustin 4 the unnecessary deduction of my call credit
Support: if it is the caller tune service, kindly sms DEREG to 7728 to deactivate ~ OO
Customer: I'm sorry. It's Glo Gamestore App subscription. I didn't subscribe for it.
Support: kindly provide your number so we assess it ~ OO
Customer: 08079668500. Thanks
Support: Kindly text STOP to 6611. FA
Customer: I wish to why I was deactivated from using the *200# package. I never knew when I stopped from using it
Support: Kindly provide your phone number for checks Thank you for your patience. UO.
Customer: 08079668500
Support: Checks on your line shows that you are still on the 200% recharge. Thank you. MZ
Customer: The said line is 08079668500
Support: Hello,
Checks on your line shows that you got 3.2Gb. MZ
Customer: Pls, I want Glo Gamestore deactivated /removed from my line 08079668500. My account balance is been arbitrarily deducted.
Support: Hello Lateef, please text Send STOPimage or UNSUBimage to 6611 to deactivate the service. Thank you. SO
Customer: , We have not been able to access the internet cos of the poor network from your end. Thanks
Customer: ,do we really deserve this unnecessary and harsh treatment from you?  The network here in Ijebu Ode, Ogun State is not forthcoming
Support: We apologize,we are aware of the issue and it's being worked on. Kindly exercise patience, it will be resolved soon . AP",
a85004c0f8f3053862427b66f3f0ca28,Safaricom_Care,"Customer: emmm DM (1). Still waiting on this https://t.co/IZqxVkeEu8
Support: This you will need to contact the pay bill partner for assistance ^MT
Customer: hey, I am not getting some mpesa messages.
Support: Hi, DM us your number. Add your name and ID number.^TK
Customer: DM (1)
Support: On it. ^LN
Customer: DM (1)
Support: We shall respond in a moment. ^IZ",
3326b4e4c9c9d179b03935791d5953b9,askpanera,"Customer: Chicken shouldn't need a DNA test to prove it's chicken. https://t.co/9rCRF951S8
Customer: But there is None on the sandwich.  I ordered to bowls of soup; two half sandwichs, two beverages for $30 and chicken salad - 0
Customer: Mind sending us a DM with your bakery-cafe info? We're happy to help!
Customer: I sent a detailed message on the Panera Bread site and it went unanswered.  Location - Encino.
Customer: Sorry to hear that, Rhonda! Mind sending us a DM so we can chat? We're happy to look into this with the team for help.
Customer: Your salads both tuna and chicken salad were literally a teaspoon each because the moron said he was out of both so he scraped the bowl. We should have been charged for food just bread and drinks.  A teaspoon of old dried out left in bowl crap.  Waiting for refund for 9 months.
Support: Hi Rhonda - We're sorry about the wait. Let's chat more here :: https://t.co/gaHEULV2QW",
04d60446abae4568ec005935aa226438,TMobileHelp,"Customer: Follow if you agree: Our nation needs a spiritual healing.
Customer: #HR4HR #Tmobiletuesdays .@TMobileHelp .@115911 https://t.co/VLYOGceRCg
Support: Hey Peter!! I love this guy!! He is a great actor!! Thanks for reaching out!! *CamiCutsforth
Customer: #*Camicutsforth https://t.co/J0DFPTuDU4
Support: Am I super hero now?! :D:D *CamiCutsforth",
364150aeb0b4fc4eaf4b6ab2b9f665f3,AmazonHelp,"Customer: my Amazon affiliate got closed without any fault of mine..
Customer: Ya My amazon.in affiliate account got blocked i have told them they said u have violated the terms but i havent violated any terms
Support: I'm sorry about your account status, a correspondence will be sent to your registered email account with reasons, request you to check &amp; reply. ^MJ",
cb7cb5734566d0864099d44552e140cd,airtel_care,"Customer: Could you share the customer care no
Support: Hello @182117 please dial 111 to speak with a customer care representative. You can also provide your mobile number via DM to reach you.
Customer: This is my alternate contact no 7502637303
Support: Hello @182117, apologies. Please tweet @117128 for assistance as this handle represents Airtel Nigeria. Thank you. ^ANopo",
33783ea35fe4fadbecfac9d5b6a15664,HPSupport,"Customer: hello am having a problem with my laptop mini110-3730NR hangs when playing vice city and nfs underground help
Support: Hi there, thanks for reaching out. I'd like to help :) What is the operating system version? 1/2
Support: Please click to send us a private message: https://t.co/a2xkfCJw4B ^Roopa 2/2
Support: Hey Kennedy, we would like to hear back from you. Let us know if we can help. Have a great day! Thanks! ^Anoop
Customer: i removed my windows OS on my mini hp accidentally how can i recover it..?",
61b48f3c8fd3150ad83b7f113194d373,AskRBC,"Customer: This Fraud Prevention Month, learn to defeat phishing scams like a true cyber-warrior! Watch to learn more #FPM2017 https://t.co/zm860Ciz02
Customer: Just recvv'd phishing txt from ""525542619554"": ""Your RBConline has been suspended for safety. Please login to reactivate your acout. https://t.co/D6dy6ijv78 (Case#505)
Support: Thx for letting us know. If you still have the message, please forward it by email to __email__ ^S",
b4dee985358fec9165186c7dfe583c45,SpotifyCares,"Customer: Cool. Spotify killed the internal message feature.

Lazy developers. https://t.co/BozTzgUCaW
Customer: (1/2) Spotify sucks for killing the internal messaging feature. https://t.co/kvJcXqhoz1
Customer: annoyed by spotify’s tendency to kill its few great features 😂 https://t.co/yD3pYcuvLv
Customer: cont. wishing I could send songs w/in Spotify https://t.co/VdF9FgmTzE
Support: We're afraid we don't have any more info to share on this right now. Not to worry, we'll be sure to pass your feedback to the right folks /LP",
5ce0c9bdd2e58baafeac3c3a90d798f5,HotelTonightCX,"Customer: please see my previous tweet, your help would be greatly appreciated
Support: Thanks for reaching out Shad! Send a note to __email__ and we’ll look into it!
Customer: Let me guess probably no resolve huh ?
Support: We'll certainly give it our best shot! We haven't received a DM yet, did you send an email?
Customer: My conclusion is either your customer service lied or you have less pull that a direct consumer with hotels either way if you could not do anything before check in time 10 min after booking you certainly can’t do a thing 4 hours after check in see my point ?
Customer: I️ called moments later pretending to have a room and they said no problem no charge to change to next day but the booker needed to call so I️ think you guys had your chance
Customer: I’m sure but your co called the hotel 10 min after and the hotel said no it would mess up there quota",
22d02be669c7ad47bb36fcf3755620a5,Safaricom_Care,"Customer: I withdrew money from my lock saving account yesterday yet i have not receive it...wats the problem.0791003591 id 33443956
Support: ...availed into your Mshwari account after 48 hrs from the time you initiated the withdrawal.^LA
Customer: i have not used my 0703936380 for quite sometime. though i have  pin am not sure if its the realone. kindly confirm if its 1208.before i head to the nearest urgent to do the sim replacement. safaricom shop is quite far from were i am kindly respond
Support: We don't store PIN anywhere sadly, please visit our Safaricom shop or buy a replacement card and contact us. ^IG",
e5ffe02e72e695c8f32ca93e24e97f77,Safaricom_Care,"Support: Hi, you will receive 48 hours later. ^KW
Customer: hi,i withdrew cash on thursday night from lock savings but im yet to receive it. please sort me out. my phone number 0705122886
Support: Hey Josephat. We have assisted on call. ^IW",
34e29fbad80bfdb37cd4f86be6e186d3,,"Customer: A friend of mine recently received a barrage of racist attacks from Julie Casiello, an @115783 user in Daytona, FL. @AirbnbHelp (THREAD) https://t.co/4kFapdU3XZ",
1977ab8c9f9473d8594671be4ddf9e7f,Uber_Support,"Customer: Uber is your ride to anywhere. Get the app and get around easier.  https://t.co/iaXuXGUMuH
Customer: Uber double charged me in one ride triple charged in ride home. Never fixed it. Never use Uber again
Customer: they don't tell you about the surge cost though I paid £18.67 to travel 3 miles !! #ripoff
Customer: Violating people's trust ... ripped a 16yr old off and tried to double her journey. Shocking customer service.
Customer: If u want it daughter molested, this is the perfect ride home. So many drivers convicted or sexual inappropriate behaviour, and uber is silent
Customer: 2. Pick ups cancelled by driver after 5 minutes should also be punished (like you do when the customer cancels it)
Customer: Does your App still have the ability to see peoples’ screens who have your App on their phones even when the App isn’t active?
Customer: Last time I used uber the driver threatened to knife another driver whilst having an argument through the windows of their cars!
Customer: Why can't I delete my card from my account?
Customer: Fuck uber, it is more expensive than taxi, they tell us, that price will be doubbled 5 mins before arrival....FUCK UBER GOLDEN TAXI
Customer: They charged me £4 although I cancelled the order. I ll never try it again
Customer: Used uber once and never again. After getting in the car the driver just handed me the Sat nav to put my destination in so I just gave it him back and called another taxi company
Customer: Can I order from Exhibition Road please
Customer: Get lost, you are an unlicensed, unsafe scummy cab firm take your business elsewhere.
Customer: Terrible service, was 15 minutes late for my date last night. Driver pulled over to take a shit in the hedge 😑
Customer: The company who double and even triple fares at a time of tragedy. Our company took people home free after the Manchester attack !!
Customer: And get touched up by creepy drivers as well!
Customer: Will not use Uber again after being charged a cancellation fee because a lazy driver couldn't find a well known carvery. Why?
Customer: Properly check your driver's and I might think about it . Bunch of cowboys.
Customer: Can you guarantee I won't get fiddled by a driver?
Customer: Worst taxi service in the world #scum
Customer: Go away Uber. I will never use you. Stop popping up on my phone!
Customer: Dodgy drivers few checks on foreigners.Avoid to stay safe
Customer: Be interesting to know how many or what percentage of your drivers earn less than the minimum wage in London. Would you mind telling us?
Customer: How about your drivers in London don’t cancel on you after 15 minutes of being ‘on the way’ then charge you anyway. Happened several times.
Customer: Why don't Uber have cash payment option? It's ridiculous when you can't book a cab because you don't want to register other payment options
Customer: Can I get a taxi from kings cross?
Customer: Not in London because ALL your drivers are cruising around waiting for work!
Customer: Booked an @115873 the guy didn’t turn up, said ‘he couldn’t find me’ then charged me double the fair ✌🏼
Customer: True story me my mum and my bro were going home from a party and called an uber he got location wrong and too 30 min to find us at time my mum had broken leg he said why you say different location and I will not accept handicapped woman. Ever since I hate Uber
Customer: Lots of parking spaces but the non English speaking uber driver stops blocking the road hazards flashing. Cunts
Customer: As to whether you reach your destination safely is another matter
Customer: Shit service called uber to help me move my bags drivers said he can,t got in his car and drive off ..called another service and got results ..stupessss never again 😠😠😠
Customer: Never ever use this App! They cancel on you last minute, they don’t know where they are going, they earn a pittance and Uber pay very little tax. Nothing good.
Customer: Some drivers still refusing guide dogs. TELL THEM ABOUT DISABILITY DISCRIMINATION ACT.
Customer: None of your drivers are from within 30 miles of me they can only blindly follow your app route
Customer: have you cars that have wheelchair access.
Customer: Crap service
Customer: Yep, I'm going to ride in an unlicensed vehicle driven by an unlicenced driver.
I SHOULD COCO.
Customer: Oh and as all have smart phones.  Why don't you make it a policy all rides are recorded? Ummmm.  Let's think ? Hu r ur drivers ????
Customer: Rape app
Customer: Son called uber to get me to barts hospital urgently we was dropped 5 miles from hospital had to get black cab too late brother had died
Customer: Fuck your surge charges
Customer: Dirty thieving bastards, your drivers in Newcastle think they’re Hackney cabs... they’ve no idea where they’re going and are robbing people blind",
a41fbe71e44fcee690d688e9d013ad75,AirAsiaSupport,"Customer: Hello @115798  Why is the credit card processing fee $16 for a ticket purchase ?
Support: Hi Zubin, kindly Click on https://t.co/N6lX3JrFpX for the fee schedule. Thank you =) Yana
Customer: I need help .. Will flight Qz511 fly tomorrow from kl to DPS at 8:20am
Support: Hi There :) Can we have the booking number for us to check further? :) See you!- Anwar",
2097230dfb0b12e3b3831bbdb8c65028,AskPlayStation,"Customer: URGENT: Please help with the following problem: 
Tried restoring licenses and can't deactivate my PS4... https://t.co/0mUEMGdlOq
Customer: Please help. Persisting problem (NP-41772-1) 
Tried restoring licenses and can't deactivate my PS4...
Customer: @AskPlayStation Me to please help
Support: Are you getting any error codes or messages when you try to active the console as primary?
Support: Sorry to know that. Follow the steps in the next link to deactivate all other consoles via PC: https://t.co/BZwY1dGjre try again
Customer: @533373 please help I can't set my account as a primary I don't know why when I try to activate it it says NP-41772-1 error code, please help 💔
Customer: I tried but it keep saying same evrey week I am trying but same please help https://t.co/extLyRgytR
Customer: Reminder 2 ☺️
Customer: Reminder  ☺️",
dbd5777d3553ce1a8358707284fa0c5b,VMUcare,"Customer: @124441 Hi.  I paid you hours ago.  Can I please have the service that I paid you for?  Is that asking too much?
Customer: Hi there! I'm tagging @VMUcare so they're aware of your tweet. VA
Customer: @VMUcare Two years and the mobile app is STILL broken.  Its a simple thing to fix. I know, that is my profession
Customer: @VMUcare You should be ashamed that @115911 is more responsive to your customers than you are.  Watch...they will answer
Support: The app is in progress of being rebuilt currently.  How else can we help you?
Customer: In Progress?  It's been broken for TWO YEARS. Meanwhile, you charge people to call in to do what they can't do with your ""in progress"" app
Support: What can we assist you with?",
090c2360a5c101408327f662b9a437fe,AppleSupport,"Customer: my phone keeps saying storage almost full I've deleted apps photos and videos and it's still at the same space level help
Support: We're here to help. Can you tell us when you deleted your items, did you do a restart to your iPhone?
Customer: No I don’t think so
Support: Navigate to Photos &gt; Albums &gt; Recently Deleted. Do you see anything here?",
87cb0f9f5207b4d364139feeb8c74295,Safaricom_Care,"Support: Kindly create an online account here https://t.co/YIF9X1BJXQ to view your billings. ^BR
Customer: How can I replace my postpaid line? It has stayed for more than two years. Does my deposit still active?
Support: Hi, DM us the affected number we check and advise. ^CS
Customer: kama mume shindwa fungeni muhame.....bure kabisa
Customer: Safaricom again so bogus have migrated from prepaid to postpaid @ 2pm. And to now am buying credit. This is bullshit.",
90eb248404db3c0f1cea2c475dc81212,ATVIAssist,"Customer: I need help! Asap
Support: Hey there, can you please clarify the issue you are experiencing? We are more than happy to help. ^Ex
Customer: I did
Customer: @ATVIAssist Heló",
c2c41063e77f922f18d984329f85c6d5,VirginTrains,"Customer: A limit of 10 characters for a password is extremely low. You should definitely look into raising that as soon as possible. https://t.co/SvlImLhca7
Customer: Can you please look into this? You should really be taking your customer's security seriously.
Support: Thanks George, we'll get this looked into ^LC
Customer: Hi, It's been 9 months since I raised this with you and nothing has happened. You still have a 10 character password limit on your website.

If Virgin Trains can't sort it out then I guess it could be raised with @116961, @3694 and @127472.
Support: @116961 @3694 @127472 What is the issue you have raised George? ^BT
Customer: @116961 @3694 @127472 In March I raised the fact that your website only allows users to use a password with up to 10 characters which is a rather low upper bound. I was told that this would be looked into but nothing has been done and the 10 character limit is still on the website.
Support: @116961 @3694 @127472 This will have been passed onto the relevant team, however they may not have thought it would be necessary to change the password limit. ^BT
Customer: @116961 @3694 @127472 By limiting password lengths you encourage the usage of short or insecure passwords which are easier to break, couple that with a lack of timeout for incorrect password usage and you have a system that can be brute forced.
Customer: @116961 @3694 @127472 Even if the max isn't raised from 10 characters. The absolute minimum should be 8 characters. 6 and 7 character passwords can be cracked in a few hours.
Support: @116961 @3694 @127472 We will pass this information on George. ^BT",
873c8f9f7e632f1170960c7b0cf2fb6a,,"Customer: We've moved! Follow us at our new handle, @Ask_Spectrum.",
6e4dad2f090a8d0eb775d628f6ee9606,AskAmex,"Customer: hi my husband received a phishing email where can I send to
Support: Hi there. Thx for bringing this to our attention. Pls forward any suspicious email to __email__ so that we
Customer: Nh",
b4db52dd058995c52df08621aa13a24c,Uber_Support,"Customer: Never had this much difficulty resolving an account issue as I’m having with @115873 @Uber_Support need help restoring account please
Support: We just got back to you via DM, Viola.
Customer: Still waiting for an explanation as to why my account was closed!
Support: Send us a message at https://t.co/balq3Eyso6 and a member of our team will follow up soon.",
787c6f8b2300b862c31e7bad6cff6c96,TacoBellTeam,"Customer: store F428018 is filthy. Garbage &amp; food all over the floor. Tables sticky and gross. Wonder what the kitchen is like??
Support: That's not okay. We're on it.
Customer: Well we went back... just as gross. Dirty inside, slow service and bad food. At least there is a great @118625 near my work!",
5c6bbcb974da7f39a1b5754f65b05456,ChipotleTweets,"Customer: I'm really craving chipotle rn ugh
Support: What's stopping you from coming to see us?
Customer: Nothing (; @ChipotleTweets https://t.co/Hw4blJx4cX
Customer: @190201 omg
Customer: @ChipotleTweets @58163 I CANT STOP WATCHING
Support: That's what I thought.
Customer: @190201 this is just omg",
887c1391217b78fce91d688db65cf959,NortonSupport,"Support: ユーザーのみなさま。
ノートンは、ツイッターでの日本語サポートを開始いたしました。

You can now get @NortonSupport assistance on Twitter in Japanese!",
11494e49ebf261983a16573a64ae0906,AmericanAir,"Customer: Got married! Yay! Now flying home on a DIFFERENT flight than my bride. Thanks @AmericanAir for continuing to make things difficult.
Customer: you are continually wretched. Your definition of ""help"" is to create future problems. Thanks.
Support: We don't want you to feel that way, Seth. We're here to help resolve any issues you're having.
Customer: Feel free to DM me, but we've done this dance before...",
488defd7ccd929a9d8b75d05f67a017f,YahooCare,"Customer: Regarding NBA fantasy Aaron Gordon has a stat correction on march 13... has that stat correction already been applied?
Support: Yep, should have applied that day.
Customer: the Aron Gordon turnover that day doesn't seem like it has applied?? Are there late corrections yet to be applied at end of week?
Support: The Gordon correction has been applied, and it was to remove 1 TO that was awarded in error to Gordon.
Customer: Hi, there seems to be a discrepancy with giannis stats. Fantasy basketball. He had two blocks but only one blk is recorded tonight",
d12dc351d0ad5aba882c4668aabe78ed,sainsburys,"Customer: can you confirm what the maximum amount you can pay using Apple Pay in your stores?
Support: Hi Nicholas, we have a limit in place of £30. Paul
Customer: considering Apple Pay is more secure than chip and pin will you be lifting that limit  as @117250 and @marksandspencer have?
Support: Hey Nicholas, the apple pay limit in store is £10000. Hope this helps. Maclaine
Customer: @778112 Could you let your Cwmbran store know. Cashiers still refuse to take applepay over  £30
Customer: @sainsburys @778112 Just say “card please” and then use Apple Pay ... that’s what I did at my local store until they trained the staff properly :-)
Customer: @sainsburys @778112 Thank Brian. I’ll try next time",
4a9d1a28e9b3831ce1a605bb37df839f,XboxSupport,"Customer: It's been 2h, do you have at least an ETA by now? And a reason for the downtime? What is the problem? Or do you still not know?
Support: page here: https://t.co/dG2dbISiH7 for possible updates on a resolution for this issue on the service alert.  2 ^ZM
Customer: I'm afraid I don't understand. How does this help me? It says ""Xbox One : Xbox Care"" is limited currently. Is this related to the fact that my Xbox won't read a single, clean, undamaged disc?
Support: For this disc issue, please try the steps here: https://t.co/3cHWNKEExe to see if they can help.  2 ^ZM
Support: Hi there, looks like we tweeted you about that Xbox Live service alert way back in March.  1 ^ZM",
8ce8ef74005010fd6f30bc0a85c5cd5e,GWRHelp,"Customer: Hello again crooks. Hardly any advance tix PAD-SWA for the next week. How many are actually sold? How many fewer than 5 yrs ago?
Support: Hi Andrew, advance fares have been on sale for 11 weeks so they will have mostly sold out. -Andy
Customer: Hello GWR crooks! When do Advance tickets for December weekends go on sale? When everyone has been forced to buy off peak returns?? Never???
Support: Hi Andrew. Fares will be released once the timetable is confirmed, apologies for the delay in this. Phil.",
33026ca0ebc3ddba533a754316aa9a88,IHGService,"Customer: I'm at InterContinental Nairobi - @121349 in Nairobi https://t.co/XYcjI2bVSC
Customer: @121349 Hi
Support: hi there. Is there anything we can help you with? ^mj https://t.co/2rT0l9N9Cu",
febbdb14e5fc13fbcd6c694a370abf9f,Uber_Support,"Support: Happy to help! Please check your DM a team member has followed up there.
Customer: What is this DM?",
8f9aef9f06633b7e42a825787c3c22bc,AmazonHelp,"Customer: Monetizing on Google Home and Amazon Alexa — The Fine Print. https://t.co/0bZjJ3dLLa https://t.co/RGQtuL5Y1F
Customer: @115850 Seems Amazon again has delivery issue on Echo Dot. Extremely poor service. Google home is a better bet. Made approx 10 plus calls, multiple tweets and twice order cancelled by Amazon.
Support: We'd like to look into this for you. Please fill this form: https://t.co/beaaDm0muc and I’ll contact you soon. ^PJ
Customer: Done so many times. did again just now. Amazon is worst service provider on earth now.
Support: Thanks for the heads up. We will get back to you at the earliest possible. ^JS
Customer: Yesterday, i was committed, today order will be delivered. Now website says order will be delayed to 17 Nov. What kind of cruel joke is this.",
243ecab9d2580ca88bee99a88f1a9f91,Uber_Support,"Customer: Uber is your ride to anywhere. Get the app and get around easier. https://t.co/Pt2ZvHAkN6
Customer: Do you do long distance drives?
Customer: Has anyone had a bad experience with Uber? I've used them twice and never again.
Customer: There's never any ""available driver"" near me....
Support: Happy to help! For more info about schedule rides please visit: https://t.co/VYt9zqEmr3
Support: Unfortunately not, as our trips can only be max. 4 hours.
Support: We're here to help! Send us a DM with your email address and more specific details so we can follow up.
Support: We can take a look! Send us a note via https://t.co/xMxswVLBKT so our team can get in touch.
Customer: Oh, ok. Well 4 hours is more than enough. How would I schedule this?
Customer: That's ok, but I thank you for the prompt response.
Customer: @Uber_Support $300/week every week until Christmas who needs it ?
All you have to do is sign up and 
promote advertisement
NO starting fee what so ever, SERIOUS INQUIRIES ‼️inbox me now asking how
Customer: @Uber_Support No thank you. But thank you for the inquiry.",
51b96ed5dd2b1a93903ae9180053c1ab,Uber_Support,"Customer: Uber is your ride to anywhere. Get the app and get around easier. https://t.co/Yq4Rwt8Fyk
Customer: Y'all wouldn't accept my card so I went with Lyft. #sorrynotsorry
Support: Here to help! Please send us a note at https://t.co/yqIhbGRNqi and we'll be happy to look into this for you.",
03a06be65deaf01eeff16ff01f256875,Uber_Support,"Customer: Uber is your ride to anywhere. Get the app and get around easier. https://t.co/rU8W47nF8c
Customer: Be careful was in Florida Uber driver got a little touchy
Support: That is absolutely not okay. Please send us a DM with your email address so we can look into this immediately.",
9b1e412d9a626dad82b6084a88102d1a,SpotifyCares,"Customer: Update your app @115888-- experiencing a crash bug every single time I load up the app and look up @37632.
Support: Hi there! Can you let us know the device, operating system, and app version you're using? We'll see what we can suggest /PB
Customer: iPhone 6s plus 64gb
Support: Hey there! Just to check, are you experiencing the same issue? /NS",
f5b3a62a162d8ae1e7e1f2cd34defd1a,Uber_Support,Support: Don't get caught in traffic! The new https://t.co/9zsMJLgD59 can speed up your inquiries to get you back on your hustle in no time.,
66a7c5bc6a1e7eb5a2ea19191ba2fd54,AmazonHelp,"Customer: Auch am Fasten? Dann könnte Xucker für euch genau das Richtige sein &gt;&gt;&gt; https://t.co/fXFE8g1kZi https://t.co/z4GgJxLhwS
Customer: Xucker?! XUCKER?!
Support: Genau 😉😊  https://t.co/BQ32Mamwcl
Customer: Jetzt kann man sich schon Lebensmittel bei Amazon bestellen, warum dann kein Flugzeug, oder ein Auto?
Support: Wir arbeiten dran unser Angebot ständig zu erweitern. In klein geht das jetzt schon: https://t.co/aoXoNlAGFq 😃",
985eee81751c8c0690ed61141355eb2d,AmazonHelp,"Customer: Ich kotze gleich im Strahl. Das habe ich nicht bestellt?!!!!
Wooo ist meine CD 😥😥😥
@116316 https://t.co/8Fnjinnh43
Customer: liebes Amazon Team, am Fr bitte NICHT nochmal so etwas... Habe die Kelly Live DVD vorbestellt und hätte die dann bitte bis spätestens Fr ^^ gerne aber auch schon gestern... :D :P
Support: Wenn dir das Lieferdatum so bestätigt wurde, sollte es auch klappen. Wünsche schon mal viel Spaß damit. Gruß ^JS
Customer: naaajaaa :D leider wurde ich da schon paar mal enttäuscht 🙈🙈🙈",
625746ed35c5aebcda9d2c29bc235bd2,TMobileHelp,"Customer: is a bullshit company fuck y'all
Support: Woah! What's got you feeling that way, Casey? DM us here with some details and we'll gladly assist. *BlakeT
Customer: @783138 Pay him no mind. He whines like a baby when he don't get his way",
bfb390f5c5bcc4bf6e3fddcc4d139920,McDonalds,"Customer: Got my UHaul. Got my McDonald's. Got my hash brown. Now I'm ready to DJ for the world-famous… https://t.co/J6nxLSR3f6
Support: Thanks for letting us fuel your day, Jesse! We hope you enjoyed your breakfast!
Customer: As always, it was a delicious start for a beautiful day, one I hope to repeat more and more often. Thank you, @McDonalds and until next time!  :-D  https://t.co/8947RKwSpZ",
b64af703c1db749489eb7c19cdbf84c8,sprintcare,"Customer: My #opensignal TRUE Speed Test on #Sprint 4G Sprint still sucks. Sloooooowwwwwwwwwwwwww.
Support: This is not the type of comments we like to read. Please send us a Direct Message, so that we can further assist you. WE
Customer: I have tried. For years now poor service.
Support: We definitely want you to have amazing coverage! Shoot us a DM with the zip code so we can take a look into the area -Maria Q",
94da75eb690837ceced33a9b0cb57431,Tesco,"Customer: please can you enforce the one-way areas of your car park before there is a collision or if not,just scrap them and make them two way
Support: Hi Susan, sorry to be a pain but can you confirm which store you're referring to please? - Laura
Customer: Oops sorry! It's Bishops Cleeve, people going the wrong way all the time, it drives me mad! Only a matter of time before a collision.
Customer: @Tesco 👏👏👏👏 still the same. People going the wrong way and worse of all every van driver from surrounding businesses taking all the disabled spots and going to subway. No enforcements whatsoever. I’d happily enforce these issues. (Grabs cricket bat)
Customer: @Tesco I'm glad it's not just me. Why have a car park with arrows and no entry signs and then not enforce it. I nearly got hit head on so I told them in the store and asked what would have happened if I'd been hit but they didn't care.",
f43627571f99c1284e0fe8afd7ba5097,NikeSupport,"Customer: muy buenos días , me ayudarían con un entrenamiento para bajar más de peso , mchusimas gracias
Support: Hola Carolina. Recomendarte la App Nike+ Training Club. Hay un monton de planes para todo tipo de objetivos. Just Do It!
Customer: Graciassssssss
Support: Gracias a ti por confiar en nosotros. Sigue en marcha",
01981ae2ad0b169b41808507eb7f4334,Safaricom_Care,"Customer: I am the recipient an am with the sender here  the bank say the mony was reversed
Customer: hello am alice kaario. my mpesa pin has a problem please call n assist me thank u.0710152965
Customer: Lcq6h15378 amount 24600
Support: Confirm if we can call at this hour.^BD",
05926426edf97f512311143026c88cf2,Safaricom_Care,"Customer: my 0725588692
Support: ..to clear. ^EM
Customer: Yes I want to clear. What is my balance? And if I pay will I get my line back?
Customer: Safaricom mbona wizi hivi? Am suppose to receive a package of 600 min 300sms e.t.c but am being given 440 min and 220 sms
Support: Check DM please. ^LW",
686f9f94bf142df6aeb6503af69aec81,SpotifyCares,"Customer: Contact Spotify
Support: Hey there! We've just sent a DM your way. Let's carry on chatting there /RA
Customer: I require some help I have a new phone and can’t get Spotify I tried logging via face book and no play lists
Customer: Can someone help I have a new device and can’t get spotify
Support: We can help you out on this, and we'd love to share a bit more info backstage. If you could send us another DM, that'd be great /AY https://t.co/ldFdZRiNAt",
ba50f6adb9c3db460ed39a38fb03034c,VirginTrains,"Customer: what's your profit margin on a £159 Euston to Liverpool walk on?
Support: This isn't information we'd look to provide on here, Stuart. Is there anything else we can help you with ^KS
Customer: @343890 Standard.
Customer: @343890 Stuart, did you get a pm with the info?",
0b16f55a55e16c68676bd0ba9b085438,AmericanAir,"Customer: han pasado más de 22 días y no tengo una respuesta de la maleta que se me ROBARON  así tratan a sus clientes? hasta cuando
Customer: Pueden contestar que paso con mi maleta @AmericanAir SE LA ROBARON
Support: Vamos a enviar un mensaje a nuestros especialistas para que alguien se comunique contigo y te den información de tu caso.
Customer: ROBO",
9a90f3e2ffee3e5fdcb37f166dd4ff8a,AmazonHelp,"Customer: @115850 Ordered iPhone with 1 day delivery..Phn not rcvd ..got fake messages that due to unavailability,not delivered????
Support: Hey! I'm sorry for the trouble you've had. Kindly fill in your details here: https://t.co/GIJyeYqKE0 and I'll get back to you. ^MM
Customer: @115850 i have provided details .. waiting for your response
Customer: @115850 It's day 2 ,my order not delivered yet.. What's wrong with @115821
Support: We've dropped you a correspondence on the subject with more details, kindly check. ^KJ
Customer: i'hv shared my feedback on that ..pl chk ..i believe @115850 top management is not aware what is happening at grnd level ..
Customer: @115850 Thanks Amazon team ..
Support: You're welcome. ^KJ
Customer: Guys what's wrong..again my order delayed @115850 https://t.co/ukMEmqhY05
Support: Hi! I'm sorry about that, please contact us here: https://t.co/rS49hgaADF so that we can assist you accordingly. ^SP
Customer: Already done that .. Pl look into process/services ,why orders r getting delayed ..I m sure i m nt the only prson ,facing issues @115850
Support: Hi, I'd like to help. Please tell me more about your concern, here: https://t.co/GIJyeYqKE0. I will contact you soon. ^SO
Customer: needful done.. and believe me Amazon services has been Degraded as compare to @118702 @115850
Support: Hi, apologies for the bad experience. We've received your details, we're looking into the issue and shall get back to you soon.^SH
Customer: update pls.. https://t.co/DEM4TR4Poa
Customer: @AmazonHelp @115850 O really!! .. does that resolved my issue .. and pl don't send predefined scripted mails ..Pathetic
Customer: @115850 @115821 @AmazonHelp @115850 You guys seriously want to deliver this ?? whole day ur Cc team was telling to delvr this today only !!! https://t.co/MwzaY4WoM2
Support: your order by the usual timeline. Kindly wait until the new extended date while we get the delivery arranged for you. 2/2 ^AB
Customer: this is not the first time when its delayed ..  now pls share by when l""ll get my order ..
Customer: @115850 @AmazonHelp Once again order is delayed .. even after charging extra gor same day delivey !!
Support: That's odd. Let me check this out for you. Please reach us via: https://t.co/r8OjOjMdND and we'll look into this for you. ^VM
Customer: Very Odd VM .. stop gvng fake comittmnt
Support: Kindly report this using the link shared and we'll reach out to you. ^HK",
56afc6fbb14f5b79f9def83c4a70ff4f,VirginAmerica,Support: We're rolling out a new airline experience combining the best of both worlds from us and Alaska. Check it out: https://t.co/qdytCFh2Ca. https://t.co/zNOLr9rAKs,
44a748f5cc473615ab176e615391841a,TMobileHelp,"Customer: help I just called customer service and they told me the down payment for the S8 plus is $130. And she told me the same for JOD??
Support: Send us a DM so we can get you specifics BJ. *KaeW
Customer: I need help
Support: Help is here! We've got a DM coming your way. 📩📨 #MagentaHereToHelp https://t.co/sSNDOSJlnR *AshleyHamilton",
c1a9b2581715e1d9ce17091eb9561889,AmericanAir,"Customer: . @AmericanAir need help asap
Support: We're right here! What's going on?
Customer: . @AmericanAir i think my planes on fire. https://t.co/Rn2VZ0mRyX
Customer: @AmericanAir nah that's just a normal landing",
f1bfbe0f42e876d252564e8f13dda95b,TMobileHelp,"Customer: @115911 Any updates on B12 deployment in NC ZIPs 28697/28659? I was hoping for Q1 2017. 👍 https://t.co/WHiME34dNC https://t.co/JbCbzQutaP
Customer: @115911 You should see better coverage by end of summer
Customer: @115911 Any progress/updates on B12/700MHz for ZIP 28697? End of summer has passed but no noticeable improvements around here yet. 🙂
Support: @117543 Hi Simon! We're here for you and we'd love to check it out on our maps here. DM us https://t.co/3sF8qpf2nx *AlissaFast",
0defcec49a458e5cdbcc561f98121a26,TMobileHelp,"Customer: #LIVE: @115911 #CEO Happy Thursday!! Our Customer CARE is crushing it! Time to thank Springfield heroes!! https://t.co/Lu2VCwy9i4
Customer: @115911 so what's your big offer that might get me to switch my carrier ?  Got to be good#deal
Support: @115913 How about a Gear VR, Occulus content, memory card and AKG headphones when you order a Galaxy S8? :D *MelJividan
Customer: @115913 Maybe",
09125e997c3c7f804eb94b4c279dfc1d,HPSupport,"Customer: my hp printer c4795 says it's paused how do I get it to unpause tried restarting cvomputer and printer to no avial  #hpsa #hpprnt
Support: Follow steps from document https://t.co/4LymabwKxO -Windows, https://t.co/4LymabwKxO -MAC let me know the results 2/2 ^Susan
Support: Hey there, we reached out but never heard back. Do you still need assistance? Let me know :) Thanks! ^Asmita
Customer: nope
Support: Allen, I request you to please reply in direct message https://t.co/39tixhtuXP. ^Susan",
de4e9dfc5036a2af2d545d27cf690966,TacoBellTeam,"Customer: I'm a fan. Really, I am. But this is too much for my little heart.  Inedible potatoes, no cheese,?? and nachos instead of Fritos? https://t.co/ORceLb8GSA
Support: Oh no. When and where did this happen?
Customer: I just saw this... I believe it was the location on sw 104 st and hammocks boulevard, in Miami... Still traumatized.
Support: We see it. We're going to follow up with the location about this.",
aa935fb1a12a73dd9c70893e5593a283,Postmates_Help,"Customer: you keep cancelling my order after 10 minutes. You guys are consistently the worst.
Customer: Once again, you claim to have delivered and called us, neither of which happened. YOU ARE THE WORST DELIVERY COMPANY OF ALL TIME. Thank God for @345 except when restaurants don't use them
Support: Feel free to DM us your account email if you'd like us to look into this.
Customer: 20 minutes later. No response on tweet or dm. Way to go guys
Customer: Check your DMs
Customer: No response. Trying to feed hungry in laws visiting from out of town. Thanks for nothing again. Permanently deleted your shitty app",
e3529dd70933e19c7f87d1d71ecc37af,TacoBellTeam,"Customer: umm what is this... https://t.co/PaujzN66yZ
Support: That's not cool. Where did you get this?
Customer: Taco Bell in Tennessee want the store address or store number?
Support: Can you confirm the city and street for us?
Customer: Hamilton Hills Shopping Center, 1921 Hwy 45 Bypass, Jackson, TN 38305
Support: Thanks for the heads up. We're on it.
Customer: Y’all ever gonna get back to me about this?
Support: DM us. Let's talk. https://t.co/FUsmRWStIs",
63ec379e706c9cb78d851ec33537da39,McDonalds,"Customer: .@McDonalds 
you wanna get in on this?
Call me.
Support: .@117874 McNugga Lubba Dub Dub. 👀
Customer: @117874 You guys should team up for a season 3 promotion and bring back the sauce this summer
Customer: @117874 McDonald's ruined my fiance's birthday. We drove 40 miles for NOTHING! I hope McDonald's goes out of business for their lies!
Customer: @McDonalds @117874 With Rick and Morty toys.
Customer: @McDonalds @117874  https://t.co/lAxu15Stdt
Customer: @198548 @McDonalds @117874 This is one of those things where I wonder if they can even comprehend how fantastically well that would work for them.
Customer: @198549 @198548 @McDonalds @117874 Lol but it didn't. @16893
Customer: @198549 @198548 @McDonalds @117874 Because they clearly didn't A.) judge how goddamn popular it would be and B.) do anything else right, for that matter. I mean, seriously,
Customer: @198549 @198548 @McDonalds @117874 if they want to make a sudden shitload of money, make the sauce, send it everywhere, and then take it back once it runs its course.
Customer: @198551 @198549 @198548 @McDonalds @117874 They only sent like 10 of them to about 100 locations. They knew what they were doing from the start. Tricking people into coming in today.",
571c60bdfc824682d6d8387c12178568,AskAmex,"Customer: How come my Uber credit for linking my Platinum card does not show up for April? In March it showed up immediately with no problem
Customer: @AskAmex This is happening to my acct as well. Never received October credit. Had no problems before this, was always automatic.
Support: Hi there and sorry for the issues. Have we looked into why credit was not issued automatically? ^RK",
f7305a22a9d92ec4971d498590f92161,AmazonHelp,"Customer: 100s of ppl have been scammed from my Seller Acct that was hacked..called 2x about it 3wks ago. When will you actually do something?
Support: We're sorry to hear about your account issue, Courtney! Have you received any correspondence since you last contacted? ^CC
Customer: That was 3 weeks ago &amp; I receive 100 emails a day still from customers. CustService hasn't done anything.",
466a127f86870040677c27fb8f3e8fa8,airtel_care,"Customer: Hi, does ur network still support BlackBerry curve 9370 Phone? As in apps like whatsapp, bbm , fb etc
Support: Hello @454114, yes please. Kindly be informed that the applications will work on your Blackberry curve once you have an active (1/3)
Customer: pls how much is the 7gb data and whats d code for the plan?
Customer: please check ur inbox
Support: Hello @454115, please provide your mobile number via DM for checks and assistance. Thank you.
Customer: check ur inbox
Support: Hello,  Please dial *140# to view your balance. Thank you for choosing Airtel.",
e0b5082d419600b2941262cb53c4da03,Postmates_Help,"Customer: My deliverer completely messed up our lunch order. Is there a way to contact them or get a refund?
Support: Oh no! So sorry to hear that. Can you DM the email address on your account so we can help? https://t.co/fNvbyb7WWY
Customer: Yn",
578efeb14c566bff6d43267b92e1e8e4,AmazonHelp,"Customer: Amazon ist viel mehr als nur Shopping. Folgen Sie uns und lernen Sie das Unternehmen besser kennen!
Customer: Merch by Amazon coming to GER soon?
Customer: Gibt es für die AWS Dienste die Möglichkeit diese ohne Kreditkarte zu testen?
Support: Great question! We haven't announced any plans for Merch by Amazon in Germany, yet. ^KM
Support: Leider nein. Weitere Informationen findest du hier: https://t.co/O9XRykKWe4 und hier: https://t.co/eQZLIpy5Wf Gruß ^MI
Customer: Ok, everyone knows that there are no announcements, yet ;) question was of it comes, despite the lack of announcements ;)",
e928e9619fc92815d0afa73e4b528087,idea_cares,"Support: as per our recent telecon, we wish to affirm that your concern has been discussed &amp; addressed. Rgds, Riya
Customer: Please answer me why services of my prepaid mobile no 7773894079 has been barred
Support: Sorry for the trouble.As checked ur number is inactive.We request u to visit nearest my idea store regarding ur concern.
Customer: Hello
I hv made paymnt of my postpaid no(9826780909)
But still my services of prepaid no(7773894079) hs nt been resumed
Support: Sorry for the trouble caused.We request you to visit nearest my idea store to assist you better. To know about our store locations, please click the following url https://t.co/1w35Kbf73r
Regards,
Shweta
Customer: I hv already visited but no result
Support: Sorry we understand your concern.We request you to visit nearest my idea store to help you out.
Regards,
Shweta
Customer: U check out my paymnt status frm ur end n start my prepaid no.(7773894079)
Customer: Store persons dont help
Customer: Still my prob hs nt been resolved i made paymnt so start my prepaid no
Very bad service of idea i feel
Support: Sorry we understand your concern.We request you to visit nearest my idea store to help you out.Regards,Pritam
Customer: After visiting idea outlet and talked to idea manager but my hs nt been resolved.wat shud i expect
Support: Sorry for the trouble caused.As checked, your number is inactive, so to reactive your number we request you visit nearest my idea store to assist you better. To know about our store locations, please click the url https://t.co/H1UoUAS0l4
Regards,
Shweta",
5afff5739ac510087e8987c13245d3ae,Uber_Support,"Customer: can you add a PRINT view when I am reviewing my past individual trip details on the Web? It is difficult to cut each screen and print.
Support: We hear ya! Thanks for the feedback. We're always working to provide you with new features, so stay tuned.
Customer: Can you advise on this? Each time I go to drip details, I'm taking a scrnshot to print. Can you add a print friendly PRINT button?
Support: We always appreciate feedback! Please reach out directly so we can further connect; https://t.co/LlerXNH4PG.",
fee4b08da19cfa3ff9e6b9e0aa20116e,AskRobinhood,"Support: to make it up North someday! 🇨🇦 ❤️
Customer: SOON PLEASE",
436c30c818636209979c6720c3f00498,AskeBay,"Customer: When you traying to paly debt to @115937 @AskeBay 
""Sorry, we only support USD,EUR currency for one time PayPal payment."" #LMAO
Support: Sorry for any confusion! If it's in a different currency, you should be able to pay using a credit card: https://t.co/1qOzOK9x33 ^B
Customer: I have none. So there is no way unless i do it with @115993
Support: If you have a bank account you can use direct debit to complete this payment instead, since your currency isn't supported.  ^BL
Customer: will my account be ""unblocked"" if i pay the debt?
Support: We'd be happy to take a look. Please DM us your email address, full name and registered postal code so we can review. Thanks ^CM
Customer: It's sorted after credit card payment.
Support: Thanks for letting us know Ivan. If you need further help, here we are ^GS",
3427816f7063918fd4da30fb2da0b7a2,UPSHelp,"Customer: @UPSHelp keep getting emails for a package across the country, not me. I email that's it's not me but no response. 1ZAE8187A857580515
Support: The receiver may have accidentally entered your email for notifications. Please contact 1-877-289-6418 for help. ^EL
Customer: Thanks but I'm not calling UPS for doing nothing. I don't have the time to correct someone else's actions on my side any longer.
Customer: Guess who’s getting emails again? Same dude ordering the same wine. If I get another notification I’m re-routing it to my house.
Customer: Ive pleaded with ups to stop emailing me. Y’all try telling me to call you to fix someone else’s mess up. 1ZAE8187A855659088
Customer: Just got another email.  I'm now re-routing the package to a different residence.  Tom will have to re-order his wine!!!!
Support: My apologies. What UPS email are these being sent from and is there an unsubscribe option at the bottom, of the page? ^EL https://t.co/wKJHDXWGRQ
Customer: No unsubscribe link, nor do I want to unsubscribe, i just don’t want notifications for packages that aren’t mine.
Customer: PMd you screenshot of email showing my address and the tracking.
Customer: It was too late to re route the package. Next time I will not provide a 1 notification buffer.",
c605419311a1befaa6c105ca4f85736c,MOO,"Customer: Where do I find my Refer a Friend code? It just links me to the products page?? https://t.co/r2eJYME5qz
Support: Your unique referral code can be found in your account overview by clicking the 'Refer more friends' button.
Customer: I can see it's this page: https://t.co/SwYqf5C37Q, but that automatically redirects to https://t.co/r2eJYME5qz
Support: Could you please DM us so we can send you further instructions on how to get the referral link.
Customer: @129164 I'm too having this issue, any help?
Support: @129164 We'd be happy to assist, Daniel! Can you please provide us with the email address that you use to sign into MOO?",
e7df0bd89229b2449e631415c4ee2469,CoxHelp,"Support: Good Morning everyone. We are here to help.
Customer: Needing help getting my normal cable service/lineup back. Channels were removed with no notice and paying same amount-unacceptable!
Support: Please DM full address and primary name on the account.  = JJ https://t.co/ovAKPb0TYC",
6bed08480c115ae5d75521199d630510,sainsburys,"Customer: Is there a completion date on the new Smithfield Square N8 store?
Support: Hi Andy, I'll have a look into this for you and I'll be back ASAP. Sas
Customer: Thank you! I'm just excited about not having to use Tesco Express anymore ;)
Support: Hi Andy, the store should be open in Autumn of this year. Danny
Customer: Excellent news! Thank you Danny
Support: You're most welcome! Have a fab afternoon. Sas
Customer: Hello! Is there an update on this? 😊
Support: I'd be happy to have a look into this Andy. We'll get back in touch as soon as we have an update. Marc
Customer: Thanks Mark! I'm just excited not to have to use Tesco anymore. How sad is that?! 😂
Support: Sorry for delay Andy, we will be on site in the coming weeks and our Hornsey store will open on the 4th December. Aisha
Customer: Yay! This was my house mate's response to the news: https://t.co/adLb35MEjt
Support: I'm glad you're happy about it. Have a good day! Aisha
Customer: Are we still on for our date tomorrow @sainsburys? You don't look ready but I bet you scrub up well 😜
Support: I'm ready and I certainly do scrub up well thanks Andy! Gabby",
61e129c4965e6f38836315fb2ed90814,hulu_support,"Customer: That angry feeling when @115940 cut out parts from @132338 #mondaynightraw #hulu
Support: We post the RAW eps as we receive them from the content owner, so no editing is done on our end. We'll share the feedback!
Customer: @777681 We need the full episode of raw
Support: We're only permitted to stream the 90-minute cut provided to us, but we'll definitely pass along your request.",
6ac771bbb7347aebecfc9bccfc612425,OPPOCareIN,"Customer: Any update on latest android ver for OPPO F1 Plus?
@14484 @131023 @166145 @184185 @184183 https://t.co/o0B5VhWTxn
Support: @14484 @131023 @166145 @184185 Marshmallow android update will be launched in first week of May. Please stay tuned with our official website for further information.
Customer: @184183 @14484 @131023 @166145 No update yet ?
Customer: @OPPOCareIN @14484 @131023 @166145 Oppo team - what about the update for the Android New version for OPPO F1 Plus?
Support: In fact, it has more features such as lock screen magazine, gestures and security centre. 
Regards
Rishi
OPPO Care (3/3)
Customer: Agreed! we r luking into the marshmallow update in OPPO F1Plus. Guide us how we should get that.
Support: When Android update is available for OPPO F1 Plus, your device will receive a notification. Stay tuned for further updates.

Divya
OPPO Care
Customer: And when that will be? 
Date?
Support: Hi! Keep an eye on our social media pages. We will announce it when Android Marshmallow is released for OPPO F1 Plus.

Divya
OPPO Care
Customer: @184183 When, all my friends got notifications for there Oreo update also",
5a5d12ed02ef11c0172517a86b8e3dd7,AppleSupport,"Customer: why does your new update require 3 passwords including an iCloud security code that I cannot change even though I know it
Support: Happy to help. We've answered your DM. Look for our communication there.
Customer: @718517 I am having the same ridiculous problem",
aed2582b1cf5aeb8b7337f16c5183aff,British_Airways,"Support: Our CEO Alex Cruz will share investment plans to boost customer experience. Tweet your Qs using #FlyBA https://t.co/AM4dKQtDuB
Customer: #FlyBA Hi, 1. when is wireless onboard coming? 
2. if  service equals that of budget airlines, cost should match too. Thanks
Support: Thanks for your question to Alex. 90 percent of our fleet will have Wi-Fi by 2019, with our short-haul aircraft receiving 1/3
Customer: Hi @British_Airways, are there any updates on onboard wireless for short haul?. You advised later this year. Thanks
Support: Hi Maite, we have no update at the moment. We're currently installing WiFi across all our fleet and this should be completed by 2019. ^Nat
Customer: Hello @British_Airways, just checking up on progress on WiFi across your fleet, any further news? Thanks
Support: Hi, we're sorry we don't have any further information on WiFi on our fleet at the moment. ^Lynn
Customer: @British_Airways It's on a few 747's at the moment. 777's to be fitted in a few months. BA are getting new Airbuses for short haul soon but that's a different wifi system than long haul and I don't know if the new planes will have wifi factory fitted.
Customer: @British_Airways Thank you!",
6178efdc835296bccdefaccdf4dfa617,AmericanAir,"Customer: New #MCO #AdmiralsClub nice inside. WiFi is super slow and bar TV only gets handful of channels. Not acceptable this day &amp; age.
Customer: @19396 Back at MCO club 6 months later and nothing has changed. WiFi completely inoperable. What is your excuse this time American?
Support: There are no excuses and we'd love to share your feedback with our team. Please DM your record locator.",
5bd1444e570a82d3501f209ff37ec02e,JetBlue,"Customer: it's 2017. Outlets at seats on all flights would really help with whole packed-plane-4hr-flight thing
Support: We're working on it. When we're done with our A320 cabin refresh, we'll have outlets for everyone.
Customer: Any word on that cabin refresh? Could really use a power outlet on today's flight.
Support: That's still the plan! We appreciate your patience.",
b3df764f243ec09886dc9987bb1ecdac,ATVIAssist,"Customer: fix you shitty arse game beacause you can't join anyone
Support: Hey Jamie, what console are you gaming on? Are you using a wired or wireless connection? ^LB
Customer: I’m playing on ps4 and I use I wireless connection",
0651da999482f5e24294fa79597f87da,Morrisons,"Customer: Big up @Morrisons #Chester for their Halal meat section 👌🏽 https://t.co/6nV0CWrDup
Support: Hey Imran, glad you like the Halal Meat section in our Chester store. I'll pass your comments on to the Store Manager :) Mark
Customer: @510500 Disgrace Morrisons",
54b3fe3a55f2056155f0336eda59ef7b,AskPayPal,"Customer: are the biggest bullies in the business world. @117473  will be receiving an ombudsman claim &amp; small claims court claim soon.
Support: Hello there, we're just checking in to see if you had any further questions or concerns. We'd be happy to help! ^AH
Customer: Don't worry about it. We will let the small claims court handle it. PayPal have cost me enough money, time they're held accountable for it.
Customer: @AskPayPal How did it got in small claims court against PayPal?",
44fc34c474ebc022128e822a15204d6c,SpotifyCares,"Customer: (3) their playlists bc ur algorithm cant do it. https://t.co/lsl6neTqHv

Take care of ur customers. Fix ur shuffle, it isn't hard.
Support: Hey Will! We’ve made some improvements to our shuffle algorithm. You can give your feedback here: https://t.co/T3vZnSL3od /DR
Customer: Improvements haven't been noticed on the consumers end. A quick Google search shows ppl are upset about this, and have been for years.
Support: We're sorry you feel that way. We appreciate your feedback, and we'll make sure to pass it on to our developers /LM
Customer: Fix your shit. Google ""Spotify shuffle problem"" and you will see that people aren't satisfied.
Customer: Spotify's shuffle feature STILL plays the same 10-15 songs. I have a 250 song playlist, have listened to 5 repeats in 2 hrs of listening
Support: We hear you loud and clear, Will! We can’t make any promises but we’ll pass your feedback onto the right folks /HC",
87e4144cfc8007d8f52091ddb1e8e87b,Delta,"Customer: . @158121 wtf is going on this morning? Hundreds of people in line to check in/bag drop, but only 2 @Delta agents working the desk?!
Customer: @Delta @Delta I still got charged a bag check fee from this utter fiasco when I was unable to check a bag due to #DeltaMeltdown. Please refund.
Support: Hello Nick! Please follow/DM the details and your ticket number for review.  *HKS https://t.co/6iDGBJAc2m",
8653886373e08c6636e0544e116f9db8,AskPayPal,"Customer: Zum Start ins #Wochenende nehmen wir mal den #Käuferschutz von @121693 unter die Lupe 😉 https://t.co/jQi7q389Fm https://t.co/DtI6BbOtG5
Customer: @121693 Der #käuferschutz ist NICHS wert...man wird beschissen von vorne bis hinten und kann nichts tun, sondern muss brav zahlen, für etwas, was man nicht bekommen hat.
Support: Hallo, sorry zu hören, dass du Probleme mit einer Bestellung hast. Wenn du uns per DM deine im Konto hinterlegte ... https://t.co/aVRQm74U3h",
ea8d63fcc3717fec2c02007f4a32adba,TMobileHelp,"Customer: Yep – today is the day!! Go grab your @158861 G6 in @115911 stores NOW!!! What color will you get?!? https://t.co/x7752Kl3xt
Customer: @158861 @115911 No half price like Sprint?
Support: @115913 We're always working on exciting offers for our customers, you never know what's next - stay tuned! *MattLegleiter
Customer: @115913 Currently, Verizon has an offer where you get a 200 gift card if you buy the LG v30. No need for extra line or buying a second phone. Will you be matching the offer?
Support: @115913 Hey Javier! Keep an eye on our newsroom where we announce all of our exciting promotions: https://t.co/Rs7ud2PYPg *TaylorBest
Customer: @115913 Well, Verizon is beating you on offers. How you don't take long. Do you know when are stores getting the V30? None of them have it
Support: @115913 The V30 is an incredibly popular phone, however, we anticipate stores to have inventory shortly! *TaylorBest
Customer: @115913 Since no store has the LG V30 available. Can you offer free shipping if ordered online or by phone?
Support: @115913 Hey! We'd love to check out your options! DM us. https://t.co/3sF8qpf2nx *AlissaFast",
d09dc5c7a41afc7e00c03d6bd6b215c9,Ask_WellsFargo,"Customer: Fuck @116827 worst customer service experience besides @115821 and theyre criminals... embarrassing
Support: Sean, we certainly think we can do better. Let me know more about what happened recently. ^TL
Customer: 1. WF dealer services is a pain, Im a life member and ya'll didn't connect my loan to my account? Have them stop asking redundant questions.
Customer: @Ask_WellsFargo They Paid our entire loan off!
Wells Fargo Dealer Services Office of
the President, STOP committing FRAUD on my account!",
875b3b1474211499c32977b3b6c34de7,SpotifyCares,"Customer: Spotify premium app on my smart TV won't bring up the option to pull up my playlists! It's there on all my other devices.
Support: Hey Catrina! Can you let us know the exact model of your Smart TV? We'll see what we can suggest /BD
Customer: Its a Sharp Roku TV. The model # is 5303X I believe.
Support: 2: In case you missed it, we have more info on this at https://t.co/titMn0j3Im. Hope this helps /LP
Support: 1: Hi again! We've taken a look, and it appears we've sent a reply to your DM previously. Could you check it out for us?",
a90144500601c36ffda4fc04f68c763e,HPSupport,"Customer: HP3830 printer wont stay connected to my HP laptop, keeps stating gateway isnt accessible?? #hppsdr #ijkhelp
Customer: i have tried your HP doctor app thing and it wont work
Support: follow steps from document https://t.co/KmsfkP5IAB and let me know the results. 2/2 ^Susan
Customer: it did not work. i called into HP support and did the remote log in. i guess bcuz i have AT&amp;T internet/cable thru the same router,
Customer: @HPSupport Resolve technical queries related to  HP Network  Router just tab the https://t.co/AxFTaQEuho",
f388a0e6ea7d5974c0d540bcb1429835,AskCiti,"Customer: Pearl Jam shredding 'Alive' at #RockHall2017 https://t.co/PD98XbY5Rg
Customer: @117176 a useless bank which changes its toll number when it's not printed on the card
Support: Hi! I'd like to have my team in India try 2 help! Pls complete the contact request at https://t.co/W7g6iN7ahv. Thank you! ^MG
Customer: Someone called me at 8.30 pm IST, from citibank, was bent on knowing date of birth, looked fraud, as they have all the data from citi
Support: Hi Vikas. Please click here to send us your account type &amp; country opened in (no accts/PINs). Thanks! ^MC https://t.co/gvC4jAOA9c
Support: I saw ur tweet. I'd like to have my team in India try to help! Please complete contact request https://t.co/W7g6iN7ahv. ^YC",
81411e261d9d036716da5ab90e5277ce,ArgosHelpers,"Customer: #argos fantastic service from the delivery guy yesterday to GL52, on time, polite, helpful, fast and above all happy.thankyou
Support: Thank you for the lovely feedback Ashish :) Enjoy your day. -Hollie
Customer: Hi I am yet to receive this order https://t.co/QQ7C0x8Ga8
Support: Hello could you please DM me the order number so i can have a look in to this for you  --Sam
Customer: This is all I received https://t.co/UFvGZzuzlS
Support: it might be me but i can not see a order number on that would you be able to type the order number to me please in a DM --Sam",
13ed311c2c7954e2adc7b56bcbe31326,AskeBay,"Customer: Fantastic fusion of synergies!Tencent @115937 @115890 &amp; @118702! Giant leap for Indian ecommerce https://t.co/tNjd6phftC 
#FlipkartBigWin
Customer: @115937 @115890 @118702 Till date not solve this issue from your side about 1.5 month ago complaint to your customer care number my order num OD11__credit_card__
Support: Unfortunately, we can’t assist with eBay.in concerns here. Please contact @2598 or see: https://t.co/gkleDVASz6 ^V",
c0ca470b2606ed19564d89f5681bd9e8,SouthwestAir,"Customer: when will you have a route to HNL?!?
Support: Hey, there. While every destination is on our wish list, we are not anticipating flying to Hawaii at this time. ^SL
Customer: @306760 I hope you do consider. I miss using your services. (Meanwhile, that other horrible airline flies over there).
Customer: @SouthwestAir Agreed!!! Can’t wait until they’re officially at HNL",
9c621704e326e551b8817a1dcf3a6563,SpotifyCares,"Customer: in the new web app style I cannot find the option for ordering albums by ""most recent added"" (=added into my library)
Support: Hi! We appreciate your feedback. We're still testing and improving the new web player, so we'll pass this onto the team /TC
Customer: OK, thanks! But maybe you shoud give the option to choose between the two, till the newest is not stable!
Customer: Can't this be done using advanced filtering in the search field, within the web player? @48825 what do you think?
Support: Hi again! We're afraid this isn't possible right now, but we'll make sure to pass your thoughts on to the right team /AU
Customer: Okay :) If you need a developer knock here lol
Support: No worries! If you need anything else, we'll be here for you... https://t.co/ivXragbn16 /HC",
0b592c43e1a8eb5093a2eb2182df5f4e,Safaricom_Care,"Customer: we have been experiencing network problem for the last 2 years at Membley estate along ruiru bypass
Support: Sorry about that.Kindly provide the location,a landmark nearby(school,church,highway),duration of issue...
Customer: Its membley estate along eastern bypass near Jackridge school
Customer: @119309 we are yet to be sorted. We have not heard you concerning the request.",
764e0e66ad6945d594700e591dfb1838,asksalesforce,"Customer: Have you see the new certified pro templates?  Check out the files in the Community for details! https://t.co/dU1j02tGnJ via @28168 https://t.co/rma9CTzPco
Customer: @28168 @272151 @168589 @168583 @328099 @328100 @308726 @38675 @328101 @328102 @328103 I requested access long back but till now no response from the success group @28168
Support: @28168 is now under @120083. Is there something we can do to assist you? ^RG",
c16fc6e9d86c5d97b0f625590cb27e21,HPSupport,"Customer: what type of cable do i need to charge my hp pavilion 15 through a powerbank source? @HPSupport @121548
Support: Hi David! To charge any laptops with a PowerBank, the laptop should have either a micro USB or a type C connector port.  ^Kart
Customer: @573075 Still searching for powerbank/USB-C cable for HP Pavilion x2 10-n107na Detachable Laptop https://t.co/PrmAU8mxtF 5V 3 Amp still won't work??",
da0b78504dcb2865fcb94b3f1df307d3,AskPlayStation,"Customer: through your site for the I cant remember my password link, it tells me  An error occurred while performing this operation.
Support: For further assistance please follow us and send us a Direct Message, we look forward to your reply.
Customer: @678579 hi PlayStation September 8 big day for destiny 2 PlayStation your savers will lag a lot better be ready
Customer: @678579 September 6
Customer: @AskPlayStation @678579 You youtuber that dose bo 3
Customer: @AskPlayStation @678579 i do WW2 now
Customer: @AskPlayStation @678579 Make the video at 6 am then makw it live so i can watch
Customer: @AskPlayStation @678579 Could you pit a little codpoints on my accoumt
Customer: @AskPlayStation @678579 Could you put a little bit of cpd points on my account thenn opentje,
Customer: @AskPlayStation @678579 Sorry ment could you put a little bit of cod points on my account then open them
Customer: @AskPlayStation @678579 money is not free",
5e3ed85a365ae2c2fbb67a363b0e02ad,sprintcare,"Customer: Worried about your privacy online? The Secure WiFi app automatically encrypts your activity on any WiFi hotspot. https://t.co/IINBDtDxW2
Customer: Yo, I'm guessing this is basically a cheap VPN?
Support: Thank you for contacting us. Please send us a Direct Message, so that we can further assist you. - MF
Customer: @348308 You can't answer a simple question?
Customer: @348308 @sprintcare  https://t.co/5yy41kLvU4",
555b96279aeb2c4d1c2fea9127efd382,ArgosHelpers,"Customer: I can't play modded terraria until I get a gaming laptop, my current laptop can't handle it and my desktop's screen is too far away
Support: Get a PS4 lol ~Matt
Customer: What does a PS4 have to do with not being able to play modded terraria?
Customer: I still don't understand https://t.co/OfL4QHBXvt",
c3d298654a9e8edcd53ed7d6e306839d,airtel_care,"Customer: hello I need your assistance with regard to my airtel line
Support: Hello @689567, please state how we may be of assistance. Thank you.
Customer: what to know d status of my tariff plan 08025405857.  And pls do assist me for d code to migrate to a tarriff 2mak call @17411 p s
Support: https://t.co/lPUO2k26eo to view more of our tariff plans that best suits your profile and needs. Thank you. (5/5)
Customer: what's is d code for smart talk @ 11 kobo per second to all networks.
Support: a migration penalty of N100. Thank you (4/4)
Customer: what code do I dial to check my smart talk tarriff plan
Support: Hello @689567, please dial *121# &gt; My Profile to check your tariff plan. Thank you.
Customer: what's d difference between smart talk and smart talk 2.0. Are dey d same
Support: ello @689567, the SmartTalk 2.0 use to be SmartTalk. The SmartTalk plan is no longer applicable. Thank you.
Customer: hello sir want to know abt VALUE PLAN tariff
Support: Hello @689567, Value plan offers customers amazingly low call tariff of 11k/sec to all networks from the first second, local SMS (1/4)
Customer: what's *243# meant for
Support: migrations within 30days attract a migration penalty of N100. Thank you for choosing Airtel. ^Ojo (4/4)
Customer: what's the code for migration, pls
Support: migrations within 30days attract a migration penalty of N100. Thank you. ^Ojo (5/5)
Customer: pls oblige me code for migration to 11 kobo per second to all networks without daily access charge
Support: Hello @689567, the tariff plan is known as SmartTrybe 2.0. The SmartTrybe 2.0 offers calls to all local network at 11k/s after (1/5)
Customer: what's the meaning of smart number
Support: monthly basic plan cost N150 while the monthly plus package is billed at the rate of N250. Thank you for choosing AIRTEL. (5/5)
Support: subscribe by dialing the IVR 618 or via web by visiting https://t.co/Sndg0AcmhX. Please note that charges apply on the service. The (4/5)
Support: separate work and business life. To subscribe for the Smart number service, kindly send SMS or text sub to 619. You can also (3/5)
Support: (primary and virtual) on a single SIM card; with accompanying benefits for both personal and business use. This enables customers to (2/5)
Support: Hello @689567, Please be informed that the Smart Number Service allows Airtel customers to enjoy the benefit of having 2 numbers (1/5)",
80a9a3c1224d571f49648836c17e2666,ATVIAssist,"Customer: will you be reviving Bo2 League play so we can actually play it as it's just pre season ATM
Support: Hey there! Seasons will not be returning to League Play on BO2. Sorry for the inconvenience. ^MA
Customer: @324471 Can you please bring back league play.",
11dca7ee7aa90babe39707ba3473bbeb,ChaseSupport,"Customer: More times than not, when I load the Ultimate Rewards site on Chrome / Mac, it’s just blank. Known issue?
Customer: @ChaseSupport I have this, too. Clearing cache and cookies works, but the problem comes back.",
94df773bc832c36390cceda28d43daef,airtel_care,"Customer: pls help unbarred me from using 2u service my number is 08083895186.
Support: @309818 Hello , thank you for your tweet. ^RO",
c3179c5cf62061611bd05215db2266e8,sprintcare,"Customer: Why did you lock my #unlocked #iphone7, tell me u didn't lock it &amp; then tell me it will be unlocked in 36-72 hrs? #freemyphone
Customer: @115714 They won’t unlock  dead mans phone literally. They’ll release him from collections but phones should have gone in the casket as well
Support: Can you please send us a DM with the details so we can get down to the bottom of this? -ES",
27ef12466d84c76c0fa1ab53005bdf21,AmericanAir,"Customer: FA comes to row 13, says first person this row to raise their hand gets the last upgrade to 1st. Then takes a woman in row 12 😡
Support: Please reach out to a crewmember for help, Tracie.
Customer: A crew member was the problem - not sure how this is a solution
Support: We count on our team to upgrade customers based on our airport priority list. Please follow and DM your record locator.",
d0ce703784e9c40ccecdf98d4c43aea8,OPPOCareIN,"Customer: Make the best memories with family &amp; friends with an 8MP Front 120° Wide Angle Camera.
All happiness in one frame!
#OPPOF3Plus #SelfieExpert https://t.co/gYwJqGmGQ9
Customer: I need the contact no of that distributor of oppo.
Support: @131023 We would request you to write us on ""__email__"". Our concern team will assist you further for the same.
Customer: @131023 Ok. Sure.",
074d4c1a4b621c5acfe4ba986b073da5,TMobileHelp,"Customer: hit me
Support: Hi Derrick. I want you treated fairly in our stores! DM me with more information about this! We have your back! *ChaseTC
Customer: I was just joking.
Support: #HitUsUp if you need anything else Derrick! #HaveAMagentaWeekend *ChristopherR
Customer: DM me! Puhlease",
0a9d3d263df9024f1d3da3c96104dc06,AskAmex,"Customer: Hi. I bought a kindle from Amazon on Mar.28th. But I did not receive the 10% refund  of my paid. Thanks.
Support: Hi Jin. I'll be happy to look into. Which Card product do you have? Pls do not release any
Customer: Blue Cash Everyday (no annual fee)
Support: Thx.Was this included in the acquisition offer you applied through? ^B
Customer: Yes. 10% refund of Amazon at first 6 month.
Support: The 10% back will appear as a statement credit w/in 8 weeks after your purchase.Has this time frame passed? ^B
Customer: Not so long. It usually returns in 3-5 days according to my before purchase experience at Amazon.
Support: Do you have time to Live Chat? ^B
Customer: Sorry. No.",
d1ce1bd3342c8e788b4ff5a07f273229,ChaseSupport,"Customer: Any news/update on Windows 10 App or Microsoft Wallet support?
Support: There are no plans for this at this time, but we will forward your feedback to our developers for review. ^CR
Customer: @670286 Is this saying there will be no support for Chase Microsoft Wallet??
Support: We'll be supporting Microsoft Wallet later this year. We don't have an exact date at this time. Stay tuned for updates! ^AN
Customer: Still plans to support Microsoft Wallet?
Support: We are, but we have no details on the availability date of the service at this time. ^JD",
bd77ec4f7fd989adfc325e5b831d04aa,marksandspencer,"Customer: You promised me your 'Rustique' baguette would be back but I see no sign of it. When and where can I get one?
Support: we're still baking our Baguette Rustique, John. Let us know what stores you can get to and we'll check if they stock it :)
Customer: One store in the centre of Canterbury but better still the foodstore on the Vauxhall estate outside Canterbury. My postcode is CT6 8UG.
Support: Our 'Rustique' baguette isn't back in stores just yet. We'll let our Food team know you're keen to see this return.
Customer: Still not back!
Support: Hi John, both Canterbury stores no longer appear to stock the Rustique baguette. However, they do stock one called the Parisienne - we've had a some glowing reports for this one - maybe give it a try? Kind regards Steve :)
Customer: Thanks Steve. Tried the Parisienne and didn’t think it a patch on the Rustique - nothing like a real French baguette. Do you produce the Rustique for any of your stores? If so, where?
Support: I won't be here but one of my colleagues will pick up our conversation and they'll be able to check to see if the system is back up. So sorry for the inconvenience! Steve. 2/2
Support: Hi John, back already. Unfortunately, there is a technical fault with the our food stock program. Could I please respectfully ask to try again in an hour or two? 1/2
Support: I haven't actually tried the Rustique - it must be some baguette, because I really enjoyed the Parisienne! I'll have look now and see what I can find. Thanks for your patience John!
Customer: Just to remind you, I’m interested to learn whether you stock the Rustique baguette in any of your stores or whether you have, inexplicably, discontinued it. It was the best you have ever offered. Bring it back to Canterbury!
Support: Hi John, there's a full list of all our instore bakery products here https://t.co/mS6vKZ7JI0. We're not selling the Rustique baguette at the moment but we'll let our Food team know you'd love to see it brought back!
Customer: Thanks - I look forward to it. If you can find out from your Food team how the Rustique differed from your other baguettes and why it was discontinued, I would be very interested to hear as it was the closest thing to a 'real' French baguette.
Support: Hi John, we can give you an ingredients list if that helps. We won't be able to give any specific information as to why it was discontinued, but we'd generally only stop selling a product due to disappointing sales.
Customer: Ingredients would be interesting but baking method would also shed light on what made it so genuine. Was it produced by your own bakers or by an independent bakery?
Support: We don't give out that type of product information, John as it's confidential to the business. They will have been made a supplier for us and then baked instore.
Customer: Maybe you changed your supplier? If so, you need to change back!",
2434e1fb1c6248df3bfa9aad656aa641,AmazonHelp,"Customer: AMAZON NOUS LIVRE UNE TROTTINETTE ROSE https://t.co/0A3m8K551h via @126972 #trottinette Merci! @120533 https://t.co/CSKipnYx5p
Customer: @120533 @126972 J'ai commandé le produit le 28 octobre, la poste ne livrera pas car elle est endommagée et renvoyée, toujours en attente de remplacement.
Support: Bonjour, je suis navrée que le colis soit endommagé, avez-vous signalé cet incident au service client ? ^ASZ
Customer: Je n'ai pas reçu les articles. quand je regarde suivre votre paquet, il dit qu'il ne peut pas être livré comme son endommagé
Customer: ils doivent savoir parce que sur ""suivez votre commande"", il est dit ne peut pas livrer parce qu'il est endommagé et retourné
Support: Je vous invite à le signaler à notre SAV afin de vous proposer les solutions adéquates via le lien suivant : https://t.co/hgIrz98cdI ^MA
Support: Notre SAV ne peut pas le savoir, c'est pour cela que je vous invite à leur signaler cet incident afin d'y remédier le plus tôt possible. ^FA",
0ca10e78b87a524ad22f0a56be353d96,AmazonHelp,"Customer: Just 3 days to go. Can't wait for the S03 of Bosch. Bring it on. 😀🙌💪😍

@119625  @15654
Customer: .@119625 @15654 Why is the 3rd Season of Bosch  not yet available in India ? 😠👿😭

@119625 @116618 @15654 @AmazonHelp
Customer: @15654 @116618 @AmazonHelp Great, now it's been more than 3 months still Bosch S03 is not available in India. 😡
Customer: @15654 @116618 @AmazonHelp 6 months have gone by, still Bosch S03 is not available. 
Haha, this is why people turn towards piracy 👿
Support: We will continue to add new content. I'll be sure to pass on your comments to the concerned team. ^NS",
1725202407f95a710b4caa954cba9e63,,"Customer: [ my laptop screen blinks sometimes while in use. why does this happen? is it normal? also the screen vibrating for fan #HPcpIN
Customer: @HPSupport le pochaa? 😂😂😂",
77a493c89581d31bd70b7ee707815909,AskAmex,"Support: Just following up with you. Do you still need assistance? ^B
Customer: Do you have Ray-Ban offer? Thanks.
Support: Hi Jin.We do have an offer that was sent to solicited Card members. Which Card product do you have? Pls do not release any personally identifiable information. ^B
Customer: Sorry about the late response. I have a Blue Cash Everyday card. Thanks.
Support: If we can assist you in any way in the future,pls let us know.Enjoy your day. ^B
Support: Thx.If you were solicited,the offer would be reflected online under 'Amex Offers &amp; Benefits' which is located on your Account Home page after you login to your account online or the iPhone/Android app.",
0402de15489b01b7c16bc8afaf026d52,Ask_WellsFargo,"Customer: really kills me.....
Support: What's going on? ^RG
Customer: I'm just befuddled how I can make a payment to your dealer services and they claim they never received the payment....
Customer: @Ask_WellsFargo They Paid our entire loan off!
Wells Fargo Dealer Services Office of
the President, STOP committing FRAUD on my account!",
929523b25b6942e07797ca6e2620d35b,AmericanAir,"Customer: The @321756 should enforce every airline to offer The Godfather I &amp; II on the menu on every flight longer than three hours. cc @AmericanAir
Customer: @AmericanAir And @AmericanAir should be awarded 'Airline of the year' immediately. https://t.co/FyEvdLeCBm
Support: We're glad you're loving our movie selection! Have a fantastic trip.",
2f87f20e1de7579f6d0e7fb09cf0ae61,Uber_Support,"Customer: outstanding payment, can't use to pay with the same card twice? help!!
Support: We're happy to take a look. Please DM us the email linked to your account and we'll follow up.
Customer: __email__
This is my account email......
Support: Hey Jimmy-- we recommend deleting this tweet containing personal information and instead send us a Direct Message containing that info.",
8ed918a0b867f50a28c58ec55bec405a,AWSSupport,"Customer: NO COST Preview of Amazon Aurora with PostgreSQL compatibility.
 https://t.co/5raY0fMAr6
Customer: Since January the changes on Amazon website really affected my accounts. My accounts have fake reports. I don't know why?
Support: I'd like to help, but need more info. For AWS help: https://t.co/U23gfID3Ql Or, reach out here: https://t.co/xpAFUzogiM ^TI
Customer: Thanks, do you have two executive customer relations emails? __email__ if you have are the server the same?",
ad642563c2478f4fb2f4bf7d0425cede,AmazonHelp,"Customer: Hi @115850 , long time no chit chat !! You angry brooo? 🤔
Support: Hey! We could never be angry with you 😀 . So what would you like to talk to us about? #CuriousToKnow 😉 ^RS
Customer: @662281 World Hunger",
128857185552937c4585c066474718d4,comcastcares,"Customer: Like staying up to speed with our sports content? We're making the jump to @115900 on 4/21. Follow us there for the same great coverage!
Customer: @115900 XFINITY has provided poor svc or completely failed to provide svc almost every day since they installed their new system. Won't issue credit
Support: I can help you with any XFINITY concern. Please send a DM anytime. -JB",
4a57ac87edc544834312dcd0ea9b0309,TacoBellTeam,"Customer: .@118625 what the fuck https://t.co/RbfepZ75Nv
Support: That's not cool. Where did you get this?
Customer: @173016 I'll tell you what's not cool... the f word. Think before you type max",
fb3d4a8140489d1230fd5f81ddb3e6b3,ArgosHelpers,"Customer: Our Airstream Topper is amazingly comfy &amp; cooler than memory foam. Available with fab #discounts at @116245 https://t.co/4NLXF9hMK8 https://t.co/54k4ORntEy
Customer: @116245 where can u get these and the cost please just unpacking my 15 tog winter warm duvet
Support: @309388 Hi, I am sorry can you explain further please so I can assist you?  Parm
Customer: @116245 Hi Dave, they cost £67.99 and you can order from Argos here: https://t.co/E6fiP7mEEx hope that helps! Thanks, Beth
Customer: @116245 THATS A DOUBLE !!!! I CLEARLY SAID I NEED A SINGLE  ONE
Support: @309388 Hi Dave, You can find a single mattress topper via the following link for £34.99. 

https://t.co/XcbOGkID85 Ally
Customer: @309388 Sorry, we couldn't find any products with the term: 698/004.
Please use different words or broaden your search.
Customer: @309388 Oops, that didn’t go to plan
We can't seem to find that page right now...
Support: @309388 Sorry Dave, the link is https://t.co/lpwkr3WkEn 

The dash from my signature got caught up in the link - Ally
Customer: @309388 thanks
Support: @309388 You're welcome. Is there anything else that I can help you with today? - Ally
Customer: @309388 no thanks im good",
78d24308e86a1afdd0e57e5bd09c9309,HPSupport,"Customer: [TYPE YOUR QUESTION HERE] #hppsdr #ijkhelp   printer no scan. twain test keeps failing. HP 2130 run  scan doctor a few times
Support: Hey! I just wanted to check if you were able to get this issue sorted out. Let me know if you need further assistance! ^Kart
Customer: No. In the end I gave up. It prints, makes copies but doesn't scan.
Support: Hi, Rob! I'd like to help. What's the printer model? Which OS on PC, is it Windows or Mac? Any error while scanning? Could you please... 1/2
Customer: Windows 7 it won't scan at all.",
39d232b63ca2c380accfc2ea4f27b2d7,XboxSupport,"Customer: hi, I downloaded bo2 on my Xbox one using my Xbox 360 disk but I don't have any of my dlc? Pls help ... Thankssss
Customer: @XboxSupport Can u share doc on 360 please I need them
Support: Hi there, could you DM us your Gamertag and a detailed summary of the issue you're running into? ^JS",
077b979962de7dcf9c6e6cf543f8c1e6,McDonalds,"Support: Did you know we’ve invested over $6 million in teaching our farmers more sustainable practices? Learn how: https://t.co/ljsQginE9x
Customer: Did you know that you should invest $6 million in bringing back the #szechuansauce ?
Support: We appreciate your enthusiasm, but it’s company policy not to consider unsolicited ideas from outside the McD’s system.
Customer: Hahahahaha looks like you changed your mind? #szechuan10/7",
6ebee48fe169aa4fe224f04209e87278,AppleSupport,"Customer: how do I make a genius bar appointment?  the webpage is 403 forbidden.  I called the store number, but I am on hold.
Support: What is the reservation regarding? We're happy to help. You can also try using the following link: https://t.co/PruGCHO1ib
Customer: my iphone 7 started flashing the apple logo, will not start.  will not update, will not restore.  I get a 4013 error.
Customer: @AppleSupport did you fix this? Currently happening to me
Support: We can work together to get this figured out. DM us and we'll work there. https://t.co/GDrqU22YpT",
2e3c219de2422031e6d70275b83ce65a,,"Customer: Seriously, @delta??!? https://t.co/j9pZlcDyAU",
0ceed3b289e76c7f6ac4cdd6083a0966,airtel_care,"Customer: from last 2 days there is network issue at my location, plz look into the matter, earlier the network was grt.
Customer: We regret the unpleasant experience. Request you to DM us your concern in detail, Jio number and the(1/3)
Customer: complete address where you faced the issue with house number, house or building name, street name, landmark and PIN to(2/3)
Customer: @120603 @116329 hi jio - can u help my network transfer from airtel to jio ?  This should irritate airtel and shows
Customer: @120603 @116329 how important r customers.
Customer: Thank you for your interest. We would love to have you aboard. You can avail the benefits of Jio Dhan Dhana Dhan(1/3)
Customer: Offer by following the MNP steps provided in the link(2/3)
Customer: @117128 @116329 @4299 @118425 @118422 @airtel_care @4298 @10152  hello jio - ur king
Customer: @117128 @116329 @4299 @118425 @118422 @airtel_care @4298 @10152  money .don't know value of
Customer: @120602 @117128 @116329 @4299 @118425 @airtel_care @4298 @10152 Apologies for the experience.^Jamo
Customer: @120602 @117128 @116329 @4299 @118425 @airtel_care @4298 @10152 vital - Ur leading this
Support: Hello @117128, please assist @120396 with the stated complaint. Thank you.
Customer: @117128 @10152 @44152 - Vittal - Why no response for longer time , why you r cheating customers
Customer: @117128 @10152 @44152 @118342 India - Airtel is cheating customers .Without providing service asking money
Customer: @117128 @10152 @44152 @118342 worst thing that they are baring the service and asking money .For this their
Support: @120601 @117128 Hello @117128, please assist with the stated issue. Thank you. ^Martha
Customer: @120601 @117128 I am seeing no reply from you and i thought Gopal vittal gone
Customer: @120601 @117128 Mr.Vittal ? What happpen ? You resigned your job ?
Customer: @120601 @117128 Even after lot of escalations and tweets their CEO not worry about their company ...Very interesting .CEO or he is security of the company
Customer: @120601 @117128 No one responded from airtel even after escalation in socia media , not even worry about the failure
Support: @117128 Hello @117128, kindly assist with stated issue. Thank you. ^Osebi.
Support: @120601 @117128 Hello @117128, kindly assist with stated issue. Thank you. ^Osebi.
Customer: @airtel_care @117128 Connectivity issue continues, enters in to 18 months. Tower planned bt no land. Airtel is making money but helpless r millions of customers
Customer: @airtel_care @117128 No Gopal is very much here. He is sucking blood of Airtel’s Customers along with Executives. 3 days passed, 2 reminders frm me, no response
Support: @117128 Hello @117128, kindly assist with stated issue. Thank you. ^Osebi.
Support: @120601 @117128 Hello @117128, kindly assist with stated issue. Thank you. ^Osebi.
Support: @117128 Hello @117128, kindly assist with stated issue. Thank you. ^Osebi.
Customer: @airtel_care @117128 Jio is death warrant of Airtel. Wait for SC’s decision to be hanged or death without pain.
Support: @120601 @117128 Hello @117128, kindly assist with stated issue. Thank you. ^Osebi.
Support: @117128 Hello @117128, kindly assist with stated issue. Thank you. ^Osebi.
Customer: @120601 @117128 Worst customer service from airtel...Airtel cheating many customers like that
Support: @120601 @117128 Hello @117128, kindly assist with stated issue. Thank you. ^Osebi.
Customer: @120396 @120601 @117128 ...you mean my complaint have been resolved?
Support: @117128 Hello @117128, kindly assist with stated issue. Thank you. ^Osebi.
Support: @117128 Hello @117128, kindly assist with stated issue. Thank you. ^Osebi.
Customer: @120396 @120601 @117128 @116327 help port my sim in @airtel_care toh @116327
Customer: @120396 @120601 @117128 airtel coustmer care behviour very rudly
Customer: @120396 @120601 @117128 airtel is fake advertising
Support: @117128 Hello @117128, kindly assist with stated issue. Thank you. ^Osebi.
Customer: @120601 @117128 Who will assit ????????????????No one called me so far ? You are cheating customers ?
Customer: @120396 @120601 @117128 sim replacement please.. 08027207920
Customer: @117128 @61455.@10152 - You are set up auto email for this content or what ? Every time i am getting this statement and after 000
Support: @117128 Hello @117128, kindly assist with stated issue. Thank you. ^Osebi.
Support: @120601 @117128 Hello @117128, kindly assist with stated issue. Thank you. ^Osebi.
Customer: @airtel_care @117128 Not many bt millions of customers. 4 Crore more of TATA customers joining us. सर पकड़ कर रोएँगे.
Customer: @120396 @120601 @117128 net issue in my sim airtel customer care not giving satisfied ans airtel net speee is very https://t.co/ZsGOf1sMCp advertising fake
Support: Hello, please note that your swap can only be carried out at any of our showrooms. Please visit https://t.co/nefb7ORSoW to view our (1/2)
Support: showroom locations. Apologies for the late response. Thank you. ^JC (2/2)
Support: @120601 @117128 Hello @117128, kindly assist with stated issue. Thank you. ^Osebi.
Support: @117128 Hello @117128, kindly assist with stated issue. Thank you. ^Osebi.
Customer: @airtel_care @120396 @117128 I am also sufferer
Support: @120601 @117128 Hello @117128, kindly assist with stated issue. Thank you. ^Osebi.
Support: @117128 Hello @117128, kindly assist with stated issue. Thank you. ^Osebi.
Support: @117128 Hello @117128, kindly assist with stated issue. Thank you. ^Osebi.
Support: @120601 @117128 Hello @117128, kindly assist with stated issue. Thank you. ^Osebi.
Customer: @airtel_care @120396 @117128 Airtel must invest this money on infrastructure. At least ppl will stop abusing Airtel
Support: @117128 Hello @117128, kindly assist with the stated complaint. Thank you.
Support: @120601 @117128 Hello @117128, kindly assist with the stated complaint. Thank you.
Customer: @airtel_care @117128 AIRTEL, now is known for cheating. Fallof app 77% in earnings bcoz of Jio. Lesson for Airtel
Support: Hello, please note that your swap can only be carried out at any of our showrooms. Please visit https://t.co/nefb7ORSoW to view our (1/2)
Support: showroom locations. Apologies for the late response. Thank you. ^JC (2/2)
Support: @117128 Hello @117128, kindly assist with stated issue. Thank you. ^Osebi.
Support: @117128 Hello @117128, kindly assist with stated issue. Thank you. ^Osebi.
Support: @120601 @117128 Hello @117128, kindly assist  with stated issue. Thank you. ^Osebi.
Support: @117128 Hello @117128, kindly assist with stated issue. Thank you. ^Osebi.
Support: @117128 Hello @117128, kindly assist with stated issue. Thank you. ^Osebi.
Customer: @airtel_care  I've tweeted my complaints about my #Airtel SIM @airtel_care yet I'm yet to receive a reply.
Support: @117128 Hello @117128, kindly assist with stated issue. Thank you. ^Osebi.
Customer: @120396 @120601 @117128 Please I can't remember my pin for transferring data
Customer: @120396 @120601 @117128 Please what’s going one with you guys data service these days. It’s gotten really bad, please do something about it
Support: @117128 Hello @117128, kindly assist with the stated complaint. Thank you.
Support: Hello @360284, kindly provide the affected mobile number via DM for checks and assistance. All inconveniences regretted. Thank you.
Support: Hello @120604, please provide the affected number, last recharge, swap history and the last data purchased (if any) on the (1/2)
Support: @120601 @117128 Hello @117128, kindly assist with the stated complaint. Thank you.
Support: Hello @120605, apologies on your experience. Kindly provide your mobile number along with your phone type for checks and (1/2)
Customer: Number:09073332155
Last recharge :#100 
Last data :1.5gb
Customer: @120605 @120601 @117128 Worst customer care service, lodge a complain since oct 22 nd no response.  Stupid network
Customer: And you don’t even follow back
Customer: Please let’s go DM
Support: Hello @120604, please be informed that the pin has been reset to 1234 as requested. Thank you. ^Ojo",
43ff37c21c3115cbb3e99bd757d801d3,AskPlayStation,"Customer: still can't connect to psn.....
Support: That's no good! Are you getting any error codes or messages?
Customer: E it immensely! This is why I'll never own an xbox
Customer: Sorry for the late response I rarely use Twitter except to try to contact companies and such lol. thank you for the reply though I appreciat",
6a011737145e0f4f8c90f58ddcbaeafd,AskeBay,"Customer: save search emails are not being sent. My guess: tell developers a cron job stopped. Bug has been here for a few days missing emails.
Support: Oh no! That's not what we like to hear. I'd be happy to pass along your information to our tech team. Send us a DM ^P
Customer: This bug is happening again. Save searches are not being sent by @115937
Support: Are you referring to the notifications sent? Have you checked your settings? &gt;https://t.co/8E9ewSGPZU Let us know! ^GR
Customer: Nothing to do w/ notifications. I’ve had saved searches emailed to me for years. Nothing’s changed on my end. The saved email job didn’t run
Support: will escalate your account to our tech team. Let us know when you can. ^SG 2/2
Support: Thanks for getting back to us. When was the last email you received? Can you DM us your full name, email &amp; postcode &amp; I 1/2
Customer: A batch of emails came through late yesterday afternoon. Some developer must have fixed the chron job. timing is still off. Should be 1:30am
Support: Thanks for the update and letting us know. Please keep us posted if there are still issues in the future. ^S",
489edf2c3be2f41b806758ce88cf9a87,AmazonHelp,"Customer: hey when will Bosch S3 come to @119625 ? Isn't it a amazon original?
Support: It isn't releasing in India today but we're working towards getting this for you as soon as possible. Stay tuned for updates.^RW
Customer: No ETA? will it take days or weeks?
Support: Hi, we don't have any info in this regard. Please stay tuned. ^SR
Customer: @421774 what about now ? it has been more than 6 month now.
Support: We're working towards getting this for you as soon as possible. Stay tuned for updates​. ^MJ",
6e4458658528ed4582de4ceddec9ee63,,"Customer: The joy of flying @AmericanAir A321 first class. No TV, outlets and less legroom than an exit row. Truly @JetBlue economy is better https://t.co/GRcvXLGXFB",
f716ed9c477dad6e90d03971f535ddb2,AskPayPal,"Customer: Have questions about your PayPal account? Visit PayPal Community Forum for helpful insights or to post a question https://t.co/AGrEBoDbRZ
Customer: I've suffererd huge fraud by one of your account holders. Although they've refunded me PayPal need to take action &amp; eliminate this scam
Customer: Why do I get charged fees when I move money to friends/relations accounts £1:12 here 87p there..always happens but my partner and friends never have this problem!? It’s only small amounts but over time it adds up. Thanks! #paypalfees
Customer: I have been trying to speak to someone today instead of your automated service about a seller supplying me with counterfeit- fake goods !!!
Customer: PayPal holding my $20,000 ransom for 180 days. I have kids to feed. 15 yrs working you suddenly close my account. Where did trust go
Customer: I haven’t received the money for an item that has been refunded by seller, contacted you twice and no reply 🤔
Customer: I’ve locked myself out of my account can you help? Thanks
Support: Hi! I see how this is concerning. Could you DM us with your PayPal email and some details about the situation? Thank you! ^ES
Support: Hello Nick, sorry you're having trouble with our fees. We'll be happy to help explain that. For assistance, please send us a DM with an example in a screenshot, as well as your PayPal email address. ^AL
Support: Hello! I'm sorry to hear that you had a bad experience! Please DM me some more information so I can assess this further! ^GH
Support: Hi there! I'm sorry to hear that! Can you send us a DM with details of the issue? ^AAR
Support: Hey there. Sorry for the delayed response. Please send us a DM with your PayPal email address and a screenshot of... https://t.co/KA3biSWm9z
Support: Hey there! Please send us a DM with the email address linked to your PayPal account and the country your PayPal account is registered in. We would be more than happy to help. ^CRG
Customer: @759830 Please DM me! I DM you guys 10 hours ago.
Customer: They saying because I sold Bitcoin. Well its not clear anywhere and its linked through eBay.
Customer: Thanks
Support: Hey there. We have seen your DM and have replied. Looking forward to helping you out. ^BV
Support: Hello. I definitely see how that's concerning. Could you DM us with your PayPal email? I'm here to help. Thanks you! ^ES
Customer: __email__ I have kids to feed they withholding all my money I have.
Customer: Its __email__ you need to make it clear to everyone. PayPal does not like Bitcoin.
Support: Hi! Please delete the tweets with your email address. We want to make sure that information remains private, so please send us a DM. ^ALF",
bb9e411529e7e56da9b06bffa14ef2e7,Tesco,"Customer: Tights hanging with the detergent. Do you think this says something about @Tesco's attitude towards women? https://t.co/MaUG5zyBvF
Customer: Apparently someone at Askham Bar @Tesco still feels there's a meaningful association between wearers of tights and users of laundry detergent... https://t.co/bdM91yi2KC
Support: Hi Richard. I'm sorry you feel this way. I've spoken with the store's Duty Manager who is going to move the tights to a different aisle. Thank you for getting in touch and if I can help with anything else, please let me know. TY -Alisha",
671469b1e6e717ab0550d5720ae3c36a,airtel_care,"Customer: Hi @airtel_care why is it that when d voice bundle of ur 20X bonus gets to half, it can only call airtel numbers?
Support: @265119 Hello @265119, thank you for this tweet. ^Kash
Customer: Please how can I send u a dm...bin tryn to contact customer service to no avail
Support: Hello @265120, we are now following you. Thank you.^CO",
20a0c1ab051a9afa0a80d678292572fd,AlaskaAir,"Customer: determined to get MVP on @AlaskaAir this year 😈
Customer: mission accomplished ✔️
where to next? 🤔 https://t.co/jzCdKCr5Xj
Support: Congrats! Thank YOU for your loyalty. Now, get to booking that next flight! 😆 ~Angel",
0bfda5372bb75e40dbcb12ca7718a817,Safaricom_Care,"Customer: I blocked my Mpesa account while trying to activate after SIM replacement.  I really need your help. My number is 0701931670
Support: Apologies for delayed response, DM your names, id number and M-PESA balance we check.^KS
Customer: Hae..i received money from Airtel Money to my sim card i accidentally lost the code that u was sent by safaricom
Please help
Support: Contact Airtel customer care for assistance in recovering the code. ^MM
Customer: I did not delete the Airtel Money message it has a pin
is that the pin?
Because i was talking of the text that Safaricom sent me
Support: You should visit an airtel agent for assistance in withdrawing the cash the code may also be needed so don't delete it. ^CK
Customer: Thank you Guys
i appreciate
Customer: Hello
I have a problem with storo bonus
it's not reflecting the actual ammount I have used",
3d44304ed51cc63550c73560a7d8ddda,AppleSupport,"Customer: Ever since the last update, my battery has been running down pretty fast! Sometimes within minutes, it's out. Please advise.
Support: That's not expected. We're happy to help. Which iPhone model do you have? Also, what's the ambient temperature when this occurs?
Customer: iPhone 6 Plus. Temperature doesn't really rise beyond what's normal. Battery just silently runs out. A friend also complained about same.
Support: Got it, thanks. Since completing the update, have you attempted any of the steps here: https://t.co/TpjqFp3jxD
Customer: Not yet. I'll do that now and hope it resolves it. I'll be in touch again if challenge persists. Thanks!
Support: Sounds like a plan. We’re available every day from 5am-8pm Pacific. When you've tested, let us know the results.
Customer: My iPhone 6 Plus dropped in pool, worked for few days &amp; went off. Hasn't come on ever since. Any chance it could work again?
Support: Thanks for reaching out. We can help check your options. Let us know your country via DM and we'll continue. https://t.co/GDrqU22YpT",
96f0c9f749879b7e2491eb24a4c7912b,British_Airways,"Customer: Hi @British_Airways I'm filing a lawsuit against you guys in the US. Where should I have my lawyer send the paperwork?
Support: Hi Paul, you can send it to: British Airways,
Customer Relations (S506) ,
PO Box 1126,
Uxbridge,
UB8 9XS,
United Kingdom.  ^L
Customer: I'm filing the suit in the United States. I'm sure you have a registered agent in the United States.
Support: Hi Paul, here is our US address: 
Customer Relations USA, 
PO Box 300686, 
Jamaica 
NY 11430-0686, 
USA. 

^L
Customer: Do you have a local address in Virginia?
Support: We're sorry for the late reply, Paul. We don't have an office in Virginia. Click here https://t.co/eZHtMInQRK to find contact details 1/2
Support: for your nearest office. ^Julie 2/2",
5b1fe15718f361cb10e8069af844c914,,"Customer: Why are @117070 Live Agent JavaScript libraries not gzipped for site performance? https://t.co/71K0vmi6YP @60639 #askforce
Customer: @60639 Any thoughts on gzipping the Live Agent JavaScript libraries? @313685 @616886 @79701 @asksalesforce #askforce
Customer: @117070 @60639 @313685 @79701 @asksalesforce Thoughts the wk before Dreamforce? Heresy! I don’t know why they’re not. I don’t suggest serving your own. Prevents hot fixes from going out
Customer: @117070 @60639 @313685 @79701 @asksalesforce Haha, good point about the timing, Kevin.  ☺️ Any idea who I can/should contact to address this? It's negatively impacting our SEO.",
956f68852bdfac779dfda71aef27710b,Uber_Support,"Customer: The new Uber app is here! We'll ask only one question. Where to? https://t.co/XED6yXa5Pa
Customer: I once tried to get an uber.  I waited for over an hour and a half. Then I decided to walk,  cause they probably weren't coming.
Customer: Rides were x14 on NYE in Chicago. Will never use your service again
Customer: Why is this still being promoted from April. The app isn’t ‘new’ anymore. 🤔 #whatgives
Customer: Uber sucks.  Driver in florida stole my wallet.  Uber hides behind no contact with execs.
Customer: Please @115873 - fix your receipts. 3 pages for a $9 ride is more than 2 week hotel bill! Tighten it up and save some paper, ok?
Customer: Asking just where to may be good for the rider but  nightmare for the driver that ends up going to wrong addresses, since your”pin point” pickup location is never accurate!!!
Customer: We should be able to charge the driver for blowing us off.
Customer: Your new ap sucks. Pay google and your drivers
Customer: Awful company. Check your fares.
Customer: Uber service so bad. Contacting burner even worse
Customer: So,  I left,  and walked. Three hours after I left,  they came.  And still charged me even though I didn't even get a ride. Stupid. Use lyft
Support: Hi there! Please reach out to https://t.co/zUe0dj6yoX and our team will be in touch.
Support: Here to help. Send us a note at https://t.co/QDn91HzZV0 so our team can connect.
Support: We take this very seriously. Please send us a DM with your email address so we can connect.
Support: We hear ya! Thanks for the feedback. We're always working to provide you with new features, so stay tuned.
Support: Here to help! Find out more about your pick up location  here  https://t.co/HULHsCQlaL so our team can connect.
Support: Here to help! Please send us a note via  https://t.co/fS660s7JFo  so our team can connect.
Support: Here to help! Please send us a note via  https://t.co/u3MyknJaaN   so our team can connect.
Support: We're always here to help if you need a second look at something, Tony. You can send us a note by heading to this page https://t.co/xISM58CMow where we can take a look at a fare.
Support: We can definitely take a closer look! Please send us a DM with your email address and more details so we can assist further.
Support: Sorry to hear about that! Can you please contact us via https://t.co/wW2bTlNcsR so our team can connect?
Customer: Why would I give you any personal information? You gave it all away
Customer: @635275 This account is a bot his answer is irrelevant
Customer: Uber needs to have the riders confirm if the pickup location is correct first, before the driver is contacted to pick the rider up!
Customer: I had a fare on 8/31/17. I was charged 39 and change. My neighbor was changed 29 and change. In September, Uber said it would credit 25% of the fare back to me. I am still waiting
Customer: @266727 Team? Would that be the same team that does background checks?
Support: We can take a look! Send us a note via https://t.co/ZKt0NHVs3P so we can assist.
Support: We apologize for the trouble! Send us a DM with your email address and we'll connect.
Customer: What is a DM?
Support: Happy to help! Please confirm your email address or phone number through direct message so we can further assist.",
b892cefa746893e6d264769a6241dfc5,AzureSupport,"Customer: #azhelp: I can login but don't have permissions to see invoices. Subscription ID: 212dd3a2-0561-45c9-a674-b3a6ceb9f6db
Support: We wanted to check in, was the documentation we sent helpful? ^RC
Customer: I'm still unable to get in. Can you reach out to Jerome Downey?
Support: Are you still seeing this issue? Let us know. We're here to help. ^MS
Customer: Yes. I can't access the invoices I'm paying for. I don't control the account my CTO does and he says I should have access but I don't.
Support: Hello again. from reviewing your earlier tweet this looks like something that our billing team may be  1 ^FC
Support: Hi! Can you DM us with some more context on the issue? What you mean by ""should have acces but I don't""? Is there an error? ^NA
Support: able to address. We advise raising a support request through https://t.co/heO4tfFVts and our team will assist you.  2 ^FC",
7dace7b64e7b4fdcd219a5c1928d1654,British_Airways,"Customer: The @British_Airways T5 Arrivals Lounge is great. Apart from the scrambled eggs which always taste and have consistency of wallpaper paste.
Support: Thanks for your feedback, James. We'll see what we can do to improve the taste and consistency of the scrambled eggs. ^Gareth
Customer: Eggs a bit better today, thx. But LHR arrivals pales in comp w/ wonderful food freshly cooked to order at LGW South @British_Airways lounge.
Support: Feedback duly noted, James. Whereabouts are we taking you today, anywhere Egg-citing! ^Lisa
Customer: Landed on 188 from EWR. A little disapppinted the aircraft was swapped from 787 to aged 777 but smooth flight.
Support: Glad to hear it, James. I do hope you weren't too disappointed. ^Lisa",
798e3b0ecfee9cbf2c8e8cf8bb75edca,BofA_Help,"Customer: Follow us to learn how we’re partnering with Special Olympics to advocate for people with intellectual disabilities.
Customer: More like Bank of Arabia you thieving bastards
Customer: Can you tell me how y'all are partnering with me to resolve someone stealing my money? Y'all are a joke
Customer: Are you going to bring back your Special Olympics debit card design? I had it a few years ago and loved it!
Support: Hi, do you need any help with your account? ^am
Support: Hi, what happened? Anything I can do to help? ^am
Support: Thank you for the feedback, please visit  https://t.co/snNS95Fsry to see the current designs being offered. ^nw
Customer: Someone scammed me out of money, when I contested, they provided a signature of another person, from a different state. Y'all ok'd it!!
Support: Please click below &amp; send your name/ZIP/phone/type of account if you'd like us to call you. ^am https://t.co/CoOXedUuUC",
24ae629798230875e231302d66669cdb,Safaricom_Care,"Customer: bought tunukiwa bundles at 18:34 hrs but cannot browse please assist .
Support: Apologies for the late response. Kindly DM the affected number plus the error you are getting we check and advise. ^Sh
Customer: 0718386859 , network not available.",
617c170ddc79514421eeec25fb6907f1,Uber_Support,"Customer: I am trying to ride with Uber and it is saying there is a payment issue.  What do I do?

  Delete this message
Support: Hey there, Candice. We'll follow up with your DM.
Customer: hey how can I get the ride pass for ride share?
Support: Check out https://t.co/vMKzBXlRcL for information on ride passes. If you have any questions, please let us know at https://t.co/zUe0dj6yoX.",
9cc2c1fd6e323e3ebcdb633d8b208532,VerizonSupport,"Customer: Shoutout to @115725 @115722 for incentivizing #FiOSGigabit for loyal customers. Just ordered my upgrade! Thanks y'all!
Customer: @115725 @115722 you'll never want anything else bro!
Support: Thanks!
^TXA",
310a698903910a2b1d2255bc915d1c50,AmazonHelp,"Customer: @AmazonHelp @115821  placed order under prime fr delivery 11am Apr 28 #404-8214654-9940334 delivery not come web shows on the way
Support: Hey, sorry about that. Kindly drop in your details here : https://t.co/beaaDm0muc and I'll work on it. [1/2]
Customer: Hope you got all details as asked by you
Support: Hi! We have received the details. We will get back to you with an update at the earliest. ^HR
Customer: Now Amazon asking to revise payment but that option is not showing customer care says will get you call but no call till now
Support: Hi, we're working on the issue and will reach out to you soon. ^CA
Customer: After 4hrs of reporting problem to you still waiting for reply
Support: I'm sorry, I wasn't able to comprehend your issue. Could you please elaborate? ^NR",
4ddcc8a7bfeec73bce38ea86c47f7fbf,,"Customer: Dear Guests, for Customer Care enquiries, kindly tweet our Customer Care team at @115798 for assistance. Thank you.",
0f9ef8cb70bb4135133a24a464ad55e1,marksandspencer,"Customer: Dear @marksandspencer this is the laugh of the town .. get a consultant (one who speaks Arabic for a change) and find out why?? https://t.co/iDU0pLdoUI
Support: Which store have you seen this in, Mureed? Thanks.
Customer: Doha festival city
Support: We've mentioned this to our International Team so they can look into this. Thanks for bringing this to our attention.
Customer: It’s been a while, but I commend your speedy action https://t.co/LyJNl2Pe2E
Support: Thanks, Mureed - we appreciate your feedback :)",
9b25ee36fd21d27ef1cb80c72c2e20c9,AskRBC,"Customer: Tried to use my RBC Virtual Visa Debit Card today on 2 different websites, not supported:( what's the point of it? #disappointed
Support: Only select Canadian merchants accept Visa Debits, but all US and international merchants accept it :) Hope that helps! ^JA
Customer: Thanks for clarifying.  Finding more merchants accepting it. Great customer service. Thank you @AskRBC.
Support: Not a problem Mike, that's what we are here for :) ^T",
fb3c39a671e0c86454f417578667e459,HPSupport,"Customer: Hello, My printer keeps beeping at each print #hppsdr #ljhelp
Customer: Model HP LaserJet 200 colorMFP M276nw
Support: Hi, kindly try out the steps on this link: https://t.co/bSLUHYv7Wu. and reply back in here: https://t.co/a2xkfCJw4B. ^Rashmi
Customer: Hello issue fixed, the printer was connected to an UPS so it felt it had not enough power. So plugged the printer into a wall outlet directly.",
d52ab9f8f295abb552631f9e2c9c5a36,airtel_care,"Customer: please reply with your data values and prices Thank you
Support: Hello @142665, please dial *141# or go to https://t.co/ZLg0l35ewE to select your preferred data bundle. Thank you. ^EDayo
Customer: I need a job.
Support: Hello @353306, please visit https://t.co/n6Powb5Bad to view available job vacancy. Thank you. ^EDayo.
Customer: How can I get it done
Support: Hello, Please elaborate on your query. Thank you.
Customer: Please send me the requirements and the link..... I have plenty work experience with lot of research and adventure.
Support: Do have a great day.
Support: Hello, Please elaborate on your query. Thank you.",
bca95f2103cf4b9532cddd6af2d0a457,AirAsiaSupport,"Customer: why I'm cannot check in with my phone
Support: Hi Kelly may we have the booking number please to check? Thanks. -Raj
Customer: MQW5TH",
c9e4f51b873f156633b87ce7f781f9bc,idea_cares,"Customer: The worst broadband service ever used.
Fake promiss, Please don't​ go with .@idea_cares @116331
Support: Sorry for the trouble, you may call our toll free no.18008331111 or email at __email__. Rgds, Chetan
Support: We're awaiting for your response to resolve ur issue. Pls provide the same within next 24 hrs. Rgds, Idea Care
Customer: My issue has been resolved.
Customer: I am tired of your service. Now just simply let me know  how to cut off the connection.
9730896728.
Support: We are sorry to see you go. Please elaborate on your concern so we can assist you better. Rgds, Yogita
Customer: It's happening often, in every month I am facing no internet connection issue.
At least for 2 -3 days Internet do not work. Id 012373043367
Customer: I know u will say ur issue will be fixed in 24 hrs &amp; i knw it will be fixed.but this will again occur.
Customer: Hopeless, hopeless, hopeless
Support: Sorry for the trouble. We request you to DM us your Idea contact number to assist you better.

Regards,
Lakshmi.",
b073f45c5fb59b47d338e0aa25dc2a1f,AmericanAir,"Customer: please stop trying to sell me miles. They're worthless compared to SW
Support: We don't want you to feel that way, we love having you with us and would like to continue doing so.
Customer: Lower mileage requirements so these can be used effectively (like SW)
Support: We think our AAdvantage program is top notch; however we do value your feedback. We hope to see you in the air soon.
Customer: Had to laugh when you ""gave"" my husband 5,000 miles for inconvenience because your equipment failed. Like giving him 10 cents.
Customer: That is absurd. Look at other airlines programs. Yours is horrible. And what's the deal with new planes without seatback entertainment?",
37857d1c503f3233e17c00c37880e303,,"Customer: There's widespread consensus on #netneutrality protections, and we support them. Read more: https://t.co/f7yQ0H2ypP https://t.co/3EqecFP0DU",
4e24e20207fccd8ef01c534baa46f698,SouthwestAir,"Support: Last minute change of plans? We get it. Why not make it easy? https://t.co/octBfvAe6f
Customer: Where can I see your new commercial online? The team not making the championship game and going home
Support: Here you go! Check out our YouTube channel for other videos: https://t.co/2448qqbikG. ^BL",
3f8d9f22fee1f70fe55d32135672ca53,Uber_Support,"Customer: So over ""talking"" with @Uber_Support via email!! They dont know how to help at all!! We as partners NEED A PHONE number to talk to a person!
Support: We'll be sure to follow up with your DM.
Customer: Still waiting 😂",
df0cd179b70742cd4e1386974576bbcb,,Customer: It's actually amazing how much racism I've experienced on @AmericanAir this morning for sitting with a friend. Like genuinely amazing.,
48306c174fee45211003c64188003c76,Ask_Spectrum,"Customer: Can your technology empower you to create the business of your dreams? Take our #quiz to find out! https://t.co/KNpu90gWId
Customer: 👽A reliable usable stable signal is needed for the inmates at
https://t.co/zsXuVKyNBC‼️
Support: Good afternoon, could you private message the service address so I can take a look? ^CC
Customer: 👽WHY DOES SPECTRUM PROMOTES PARTICULAR MOVIES ON SPECTRUM TWITTER ACCOUNTS❓WHAT IS THE BASIS FOR SELECTION❓
Customer: 👽IS SPECTRUM OWNED BY THE HOLLYWOOD MEGACORP THAT OWNS 99% OF ALL MEDIA❓
Customer: 👽THE FOLLOWING FOUR QUESTIONS ARE FROM (FFI), AN INDEPENDENT MOVIE PRODUCTION COMPANY‼️
Customer: 👽IRMA SIGNAL SSID: CableWiFi - no internet, open NEEDS TO BE CONNECTED TO THE INTERNET‼️
Customer: 👽IRMA SIGNAL SSID: Bright Hoiuse Networks - no internet, open NEEDS TO BE CONNECTED TO THE INTERNET‼️
Customer: 👽SPECTRUM @123765 ACCOUNTS MENTION THE IRMA SIGNALS WHICH WERE NOTICED BUT WERE NOT CONNECTED TO THE INTERNET‼️
Customer: 👽THE SPECTRUM BUNDLE IS ~$30/MONTH‼️ WHAT IS THE DEAL JUST TO GET ONE WORKING HOT SPOT ON A SINGLE LAPTOP COMPUTER❓
Customer: 👽WHAT DOES SPECTRUM DO TO FACILITATE THE BROADCASTING OF INDEPENDENT FEATURE MOVIES IN ANY FORMAT IN ANY KIND OF WAY❓
Customer: 👽ALL THE INFORMATION WAS PROVIDED BUT IT APPEARS YOUR @123765 BOTS CANNOT READ THE TEXT IN THE GRAPHIC ON THE SITE‼️THE INFORMATION IS PUBLIC‼️
Customer: 👽WHAT PERCENT OF MOVIES PROMOTED BY SPECTRUM ARE INDEPENDENT PRODUCTIONS  NOT OWNED IN ANY WAY BY ANY PART OF THE HOLLYWOOD MEGACORP MONOPOLY❓
Customer: @Ask_Spectrum @123765 Call your Public Service Commission make a formal complaint

#BOYCOTTSPECTRUM
#SpectrumLies
#SpectrumBad
Check out
https://t.co/9bIC7mHKAr
Customer: @Ask_Spectrum @123765 👽WE ARE NOT ON ANY MONEY SUCKING PHONE GRIDS‼️
THE INTERNET WE ARE USING IS FREE‼️
WE HAVE MUCH BIGGER DEMONS TO SLAY‼️",
da36a038c30ac2ab1890745202b7ee84,idea_cares,"Customer: @idea_cares @116331 @116590 idea wrongly add charges to bill and not solving my problem #9604504708
Customer: @idea_cares @116331 @116590  https://t.co/QtbOwLAUCm
Customer: @idea_cares @116331 @116590 Idea worst service and it genrates fake bill and do forgery with customers #notoidea
Support: Apologies for the trouble. Please DM us your contact nos. and elaborate on your concern and we will surely address it.
Customer: I think you havenot read previous tweets.
8770166232
#notoidea
Support: Please let us know convenient time to reach you as we were unable to get through on given contact number. Regards, Heetali.
Customer: At any time you can call.
I have not received single call till date.
#notoidea
Support: Apologies for the trouble. We'll get in touch with you as soon as possible.
Regards,
Darshan.
Customer: Still not received a single call for support
Customer: Such a worst network #notoidea
Support: As per our recent telecon,your complaint is registered under C1-96316895383 ref no.Regards,Hitesh
Customer: I hope it will get solve also
Support: We understand your https://t.co/gqCymSGFCf will get a positive resolution soon,so please bear with us for some time.
Customer: After 72 hours also no results no respons #notoidea
Support: We understand your https://t.co/gqCymSGFCf will get a positive resolution soon.Regards,Pritam
Customer: Today is 10/08/17
6 days over but no results #notoidea @119351 @1015
Support: As checked all the charges are correct and your request for waiver is cancelled.
Rgds,
Saransh
Customer: And i am not asking for me waiver. You have done mistake and i am asking you to correct that not requesting.
Support: As checked # SR S1-96563217196 is under progress and expected completion is 14/Aug/2017. Regards, Mahindra
Customer: Please provide conclusion till date not received #notoidea
Support: Apologies for the trouble. As checked, your complaint number C1-97406746218, is in progress. Kindly bear us for sometime.
Customer: As per your executive the given complaint no. Is not for my number.  Are you people just doing timepass here. #notoidea
Support: Your concern has been initiated under ref no.C1-97749254975 and expected completion date is 31/08/2017. Regards,Sneha.
Customer: I am fedup of this complaint numbers.
Please provide conclusion on previous tweeted complaints numbers. #notoidea
Support: Sorry for the trouble We request for your kind patience As your concern is in progress, will be resolve by 31/8/17 Rgds,Sneha
Customer: I think for idea 31/08/17 not yet came #notoidea
Support: stating that you have already received the waiver.(2/2)
Rgds,
Darshan.
Customer: Waiver my foot. That all are your forgery which i have caught. So you are correcting your own mistakes. #notoidea
Support: We Understand ur concern.We r working on this to get it resolved at the earliest.Please bear with us for some time.Rgds,Shweta
Customer: After one month still you are not able to resolve #notoidea #shameonidea
Support: Your request C1-97714041990 for waiver has been passed. Please clarify from your end. Regards, Vicky
Customer: From my end???? Will you clarify??
So from now onwards i sm not liable to pay any amount to idea.
Support: We request you to visit the following link https://t.co/Q0kIKRryvQ to make pending payments. Regards, Vicky 2/2
Customer: You take six months to solve the problem and you want me to pay for all six months without using it....such a worst company idea. #notoidea
Support: As informed earlier we have already given waiver to you, we request you to clear remaining outstanding amount. Rgds,Komal https://t.co/LBfZgLCSfr
Customer: Komal please read previous msgs and email to have full information donot say anything blindly.
#notoidea #worstidea
Support: Apologies for the trouble, we have noted your concern and will get in touch with you soon to discuss the same.Rgds,Komal. https://t.co/LBfZgLCSfr
Customer: Apologies will work only one time. Please clear the matter so i should not get in touch with such unethical company #notoidea
Support: As per recent telecon, we wish to affirm that your concern has been discussed &amp; resolution has been communicated. Rgds, Richy
Customer: Richy who are you?? And you have not called and communicated anthing.
#notoidea #worstcompanyidea
Support: As per our telecon, your concern has been already discussed &amp; resolution has been communicated. Rgds, Richard
Customer: What is the conclusion? Pleas give me in writing.
Support: As checked our executive called you and discussed your concern &amp; resolution has been communicated. Rgds, Mahindra
Customer: #notoidea
Customer: As cleared in previous tweet i want In writing. As you people changes your words at every moment.
Support: Sorry for the inconvenience. As already informed we have addressed your concern and appropriate resolution has been provided.
Customer: No solution provided yet #notoidea
Support: The best resolution has been communicated to you.
Regards,
Amruta
Customer: Will you provide me in writing. As you people are not trustworthy #notoidea
Support: As checked your request(C1-98075631174) for waiver is completed and suitable waiver is adjusted in october's bill.
Rgds,Mohit
Customer: And what is the meaning of suitable waiver?? I am asking to correct your mistakes not begging for money.
Customer: My no. Is not yet activated then what is the meaning of bill. And payment is pending due to your mistakes.
Support: Apologies for the trouble. We have noted your contact detail and concern. We'll get in touch with you as soon as possible.
Support: As checked,you have already been provided with the eligible amount of waiver.We request you to pay outstanding amount.Rgds,Jit https://t.co/LBfZgLCSfr
Customer: Will you tell me if sim was not activated by you then why should i pay the bill @119351 @10686 @58929 #notoidea
Support: As your number is in active due to non-payment please clear the same to activate your services. Rgds, Yogita
Customer: It is not non payment it is the wrong calculation done by you. And then only you have corrected and waive off.
Customer: #notoidea number is inactive due to non payment as you have sent wrongly calculated bill not because of my mistakes. You should give refund
Support: amount of waiver.We request you to pay outstanding amount. (2/2)
Rgds,
Darshan.
Support: Sorry for the trouble caused. As checked,you have already been provided with the eligible(1/2)
Rgds,
Darshan.
Customer: Sorry but I cannot pay as that is forgery. #notoidea
Customer: You only do mistakes and make number inactive and you torture the customer and then also you want customer to pay the money. Shame #notoidea
Support: As informed earlier, this is a best resolution we can provide to you.
Regards,
Neha L
Customer: Ok i am not going to pay single penny. This is the best resolution from my side.
Thank you #notoidea",
dcef014edddadadad9c660fd652709a6,AskPayPal,"Customer: I changed my primary phone number last week, but the security text is still trying to go to my old phone number?!?! Can you help!
Support: Hi - just checking in! If you need further assistance, please let us know! :) ^IVS
Customer: Hey, I got this working, thank you very much!",
fe82ed8f73afbe8f2b0567819d660ab9,ChaseSupport,"Customer: Are you all ever going to fix your e-deposit app software? A lot of people cannot use it. I loved having that option.
Support: Hello, our Chase QuickDeposit service is still available in our Chase app. Did you have an issue with a certain feature? ^JO
Customer: The app is still buggy. Still can't take pics or deposit checks.
Support: We are not experiencing any issues with making deposits on our mobile app. We recommend deleting and reinstalling the app. ^RR https://t.co/znUu1VJn9r",
b6cf17d2e8fd4feb769b19eded9cb00e,AppleSupport,"Customer: My pod is broken can u fix it
Support: We're glad to work with you. What's your iPod model and what issue are you having?
Customer: @191567 i have been to apple about this and it is brock",
181c756856bd4afd04834579403f2449,AirAsiaSupport,"Customer: Can your check my recent booking,  Booking No KIW7GJ, payment already made but I didn't received any confirmation from Air Asia
Customer: new booking.Thank you =) Yana
Customer: The bank already approved the payment of RM 1181.70, the authorization code is 105598.
Customer: Hi Teh, may we have the screenshot of the transaction history via DM for us to send to the relevant team to check for you? -Raj
Customer: After cancelled the transaction, I can make a fresh booking.
Customer: Hi Teh, if the transaction cancelled than you can make a fresh booking again. Thanks. -Raj
Customer: But I already make another booking few days ago, and also confirmed by Air Asia. Can I cancel one any one of the booking.
Customer: If you want to proceed with Credits hell please verify your member email ID. We will proceed accordingly =) Yana
Customer: Very disappointed about service of Air Asia, more than one month already, I still cannot get any reply about of my refund request .
Customer: Hi Teh, sorry for the delay, may we have the booking number and case number for a check the refund status? -Prabu
Customer: Booking No.WL8U8T and CRM:0017160 of which already provided in the early reply. Hopefully can get the reply soon.
Customer: As we checked your case has already been reply. Kindly refer to your email and reply via eform accordingly. Thank you - Ed
Customer: The email dated 19 May 2017 mentioned AirAsia will proceed the refund, but until today I have not receive any refund payment.
Customer: &gt;&gt;and state the previous case number and mention which one you would like to have refund. Thanks. -Raj
Customer: I already replied via email dated 19 May 2017 to agss __email__ attention to Nurul Nisa to refund.
Customer: We forwarded this to the relevant team for immediate action and you will be updated accordingly via email.Thanks - Ed
Customer: I referred to the email from your Refund Support Team Cik Nurul Nisa dated 3 July 2017, the refund for my
Customer: Sorry for the delay, we've asked the team to provide the Refund Proof and you'll be updated once available. Thanks. -Floi
Customer: Another one months passed, where is my refund?? Very disappointed.
Customer: Hi Teh, sorry for the delay, you may dm us for the ARN number. -Prabu
Customer: Can I know how to claim back the Big Points?
Support: Can you explain further Teh? What happened to your Big points? We would like to understand you better -Yana
Customer: Hi pls kindly check my message is kinda urgent
Customer: Early this month, I went to KL from JB &amp; KL to Nha Trang by Air Asia, how come there is no Big Points credit to my Big Point A/C
Support: Hi Sofia , we had reply to your DM accordingly. Thanks - Nod
Support: For big points claims please have it requested with @142624 directly.Thanks-Emir",
2ce56d3b999cde0070432947a813a112,AskPlayStation,"Customer: I can't verify my Online ID in live chat even though it is the same as in the email
Support: That's odd! We have sent you a Direct Message via Twitter with further instructions.
Customer: ill actually fight you like what u looking at",
601d4c4e58333107d146b1df075d3604,SpotifyCares,"Customer: I wish @115888 streamed audiobooks
Support: Hey there! You can find our audiobooks in the Word section under the Browse tab. If you need anything else, just shout /JB
Customer: Hood niggas fuck all that red carpet shit/ Hood nigga I’ll fuck a red carpet bitch.",
9486f0fb0f18dbf27eaba06b8fe17d10,SpotifyCares,"Customer: I love @115888 but the new web player is a fucking trainwreck. Seriously considering cancelling my sub and switching to Google music. 😠
Customer: .@115888 Still isn't even an option for queue. Listen to your customers, @115888 . Shouldn't have tried to fix what wasn't broken.
Customer: Dear @115888 , it's been 7 months and you still haven't fixed the lack of queue on the web player.  Please fucking get it together. XOXO, Rae
Support: Hey there! Thanks for the feedback. The web player is still undergoing some tests at this time to further improve it. We'll be sure to let the relevant folks know about your comments /AR",
628d16b3d66f07af4625f835615cf7ae,hulu_support,"Customer: Dear @115940,
Your slick new interface makes browsing, continuing what I was watching and discovery more difficult. Can't turn off autoplay.
Support: Sorry for any frustration! Autoplay is enabled by default, but we'll share the feedback. Show progress will be in My Stuff.
Customer: App interface remains a big hindrance to finding content I want (and want to discover). Too many clicks. Still no auto-play control.
Support: Oh no! We'll be sure to share your feedback. Try disabling Autoplay during playback: https://t.co/mNqKYrrdJP
Customer: Disabled Autoplay successfully! Thanks!
Here now are my big Hulu notes:
1: Bravo on the growing selection of titles
2: Navigation inhibits finding/discovering content (too many clicks; can't see enough options on one screen)
3: The #Firefly transcodes' quality is awful
Support: Happy to help and we'll share the feedback here, Gabriel! Is there an issue on Firefire, regardless of the device used?",
ea8823962c340d4f878aae8e4ec6e339,Uber_Support,"Customer: Uber pool is the most unreliable thing I've ever experienced in my life @115873
Customer: .@115873 There's no reason for me to be waiting 20 min for an uber pool that said it's ""5 min"" away
Support: Hi, Ashley! Go ahead and check your DM for further details.",
8fc7b2c66f32a946c46aa2729c33f2cd,Delta,"Customer: do you still have a direct flight from lax to mga ? When is it? Thanks
Support: I appreciate your patience, Brandon! Unfortunately, we're currently not offering non-stop services from LAX-MGA. *FN
Customer: Any update on bringing this back this winter?
Customer: @Delta No
Support: Hi. I've reviewed our New/Discontinued/Seasonal Service. At this moment there are no foreseeable dates for nonstop service LAX-MGA. *ADB",
2028df603f89a886123ae952a2600673,ChipotleTweets,"Customer: what's you favorite call of duty
Support: MW2 -Whit
Customer: What’s your favorite kind of console",
f44a10c53bf1bf233dceb35ebb65a7e1,airtel_care,"Customer: And u used to deduct air time from my line with out doing anything why? 07010226596. pls make it clear
Customer: Again u are automatically renewed wattap bundle but it's not working why?
Support: Hello @364930 please be informed that the deduction observed on your mobile number is due to mobile newspaper service activation. ^Eol
Support: Hello, Please state the affected number for assistance. Thank you for choosing Airtel.
Customer: I wanted to output and deactivate
Support: Hello the request to deactivate the service is already in progress and you will be getting a confirmation message shortly. Thank you. ^Eol
Customer: till now nothing... maybe I will broken the line. I will change to glo
Support: Hello please be informed that service has been deactivated. Thank you. ^Eol
Customer: ok
Support: 👍🏻👍🏻👍🏻
Customer: you again ... my wattap bundle is not working.
Support: Hello, Please state the affected number for assistance. Thank you for choosing Airtel.",
d3f70ac227aae2ee53db0299b54d16c7,marksandspencer,"Customer: hiya! Have you changed the recipe of Percy piglets? I bought some today and they taste different!
Support: We haven't changed the recipe for Percy Piglets. We're sure this is a one off and they'll be delicious again in the future :)
Customer: They taste different ... are you sure ? :(
Support: We've triple checked and the recipe hasn't changed. We'll tell our Food team about your feedback and they'll keep a close eye on them.
Customer: @503716 Still finding that they taste different! Has anything changed?
Customer: @marksandspencer @503716 Had a packet for the first time in ages today and they've definitely changed something. I'm devastated.",
e772a98bd4ace53942b1a3f3e3b38bdb,Ask_WellsFargo,"Customer: Lord ,,, give me the strength to keep fighting these rotten perjuring mother fuckers aka wells fargo n their bottomfeeding attorneys !
Support: Came across your tweet, Beth. Can you share more details about what's going on (no acct nos.)? I may be able to assist. ^FX
Customer: Hells fargo HAS DESTROYED MY FAMILY
https://t.co/HNGuc8ahqb",
a14ca90cfb00c1396b4aa56c1094a02c,ATT,"Customer: Hello @ATT  Talking about the unfixed tower and lousy service in central #como on my radio show this morning. Do you have a plan for fixing?
Support: @139511 It's important you have reliable cell service.  We’ll be happy to help you out!  Please send us a Direct Message with your account information so we can get started.  I look forward to speaking with you!  ^AmethystR https://t.co/7m6RT3Hk4n",
a8ea2570209547b5ad6166f96a12f878,GoDaddyHelp,"Customer: hi i have forgot my password and i have a new phone number so it sends verfification to old number. Cant log in to change
Support: You'll need to cancel 2 step verification: https://t.co/fa3Vr0D72U then once you can log in you can add your new number. ^L
Customer: Can u guts please help me i cannot remember password and my id wont have name on file as once again i am crossdresser. Can someone change the phone number on my account as the 2 step one is old.
Support: Sorry, this is not something we can do via Twitter. You'll need to follow the instructions I previously provided to you on how to cancel two step. ^KayJay",
21e40ac026a664143da1c25c17ae2f70,AirAsiaSupport,"Customer: hi. May i know what is the update for the case number as attached. https://t.co/mOf1CPZX4g
Support: Hi Salamah, case has been reply on 19/04/17. Please check your mailbox. Do check your Spam or Junk folders. Thank you.-Prabu
Customer: Hi there, anything yet??? The respond was it has been submitted to process but still not credited? https://t.co/Rihyfwj4Ae
Support: Hi There, the requests are still on process. You will be notified via email once refund request has been validated. -Prabu
Customer: Hi Prabu, from a normal logical process, u been processing the refund submission since april till november, and it is yet to be finalise? Whoa!
Support: Hi There, sorry, we advice you may E-mail us back at  https://t.co/yUyvTZDtHT for further assistance on your refund status.",
3f7ee1e2fd42634b2c1b46d4a8520148,GloCare,"Customer: please i have challenge checking the remaining data i have left on my subscription and the expiration. kindly help
Support: Good evening, may we know the code dialed, error message?

Please provide the number.

SG
Customer: please kindly resolve the issue I complained about over 48 hours ago. Let my money be refunded. I didn't apply for any service
Support: Kindly provide your phone number for checks Thank you for your patience. UO.
Customer: @117627 pls kindly help refund #150 deducted from my line at night for no reason. 
Please kindly put a stop to this. 08054636709",
86b9e354a900f4375d1794ddaba4cb47,AskPayPal,"Customer: Tap into an easier way to send money with the PayPal app. PayPal account required. 
https://t.co/diWnR23IZt
Customer: I love PayPal cuz it’s sage &amp; easy. Have used since initial days.
Customer: Agreed.  PayPal does suck. Seller on ebay screwed me for approximately $125. PayPal was no help in recovering money.
Support: We love you too! :) ^EHMB
Support: We are sorry to hear this is happening. In order for us to help get this resolved, please send us a DM with your PayPal email address, the country you are located in, and any more information about the issue. We would be happy to help. ^HW
Customer: No comment on limited time period to file a complaint?  Has it changed?  As it has been  such a long time I do not have email address since I have switched to gmail. But I did give you my country and seller’s country &amp; I gave the circumstances.
Customer: It happened about 10 yrs ago.  Filed claim with both PayPal and eBay.  I lived in West Palm Beach Florida and seller was in England.  Seller said pkg on way.  Never got it.  Waiting for pkg put over 30 day limit for claim.  Stopped with both PayPal and eBay as unreliable.",
0c28423a88b5dbffd0d1ee2aec41efd0,AskeBay,"Support: We're introducing eBay Guaranteed Delivery! Our new feature will be available this summer. https://t.co/pySRffFcma
Customer: Guaranteed Delivery? USPS delivered an underinsured package to the wrong address. I'm out of the product, and the total cost.
Customer: Really do not like this - EBay is composed of individuals who are trying to sale items; we are not a corporation so this should not be valid
Support: Oh no! Does tracking show delivered to the ship to address? Are you the buyer or the seller in this situation? ^V
Support: Hi Jamen! What exactly are you referring to? Let us know if there’s anything in particular you’d like us to clarify! ^GR",
70d89215a4342a54f014f59d2672abe3,VerizonSupport,"Customer: What channel are you on with verizon nyc
Support: What channel are you looking for on Fios?  ^DFM
Customer: #moreformbc",
78219b54ac57a6ee4a0c454d7aaf1cc0,AskTarget,"Customer: Dang @116062... Make the investment... Time for a new plunger don't ya think? #Yikes #Gross https://t.co/21DihdgAaM
Support: Oh goodness! Can you please provide us the store location so we can reach out to the store about this? https://t.co/bEVlRVM6db
Customer: Store #1339, 1600 W Arbrook Blvd, Arlington, TX 76015
Support: Thanks for providing us with this info. Once again, we do apologize for this. We'll be sure to reach out to this location.
Customer: Stopped by tonight same gross plunger @116062 #HideItAtLeast https://t.co/4oHbdY5tYH
Support: We would like to share your feedback with the proper Store Leadership team, and ask that you provide the store location you've visited.
Customer: Store #1339, 1600 W Arbrook Blvd, Arlington, TX 76015
Support: Thanks for getting back to us with that information. We have shared this with our Arlington South Store Leadership team to look into.",
e5791cc6f7fbfbb5edd1e9f3b023d7aa,sprintcare,"Customer: my sprint account was hacked then locked for 30 days for security. In Dec 2016. Been trying to regain access ever since 🤦🏽‍♀️
Customer: @sprintcare when can I expect a reply?
Support: Thanks for reaching out. We're here to help! Pls DM your contact # and let us know what's going on. Team @116447 https://t.co/3Yy40Qr6Sm
Customer: @116447 I private messaged my info and a screenshot last night
Customer: @116447 I'm pretty sure I need an engineer &amp; not customer service. They just keep running me in circles for months now 😩#verizon I'm coming
Support: @34424 We do apologize for the inconvenience; unfortunately For further assistance with this you w... https://t.co/OiKjDx5vkh
Customer: https://t.co/tIQAVzpq4i
Support: We will be happy to review this further.  We will DM you more information  Team @116447
Customer: @116447 @43569 am being helped by your team but PLEASE LOOK INTO SECURITY. THIS IS NOT OKAY.
Customer: @116447 @116447 After rebuilding my account from scratch. I have been hacked again with 2 devices added to my account.",
18d6fc86d3df1d7475a0c36b4aacbaab,airtel_care,"Customer: u charges 450+tax extra to my post paid no. without any reason....
@120219 @116329 @airtel_care
Customer: @120219 @116329 @airtel_care Thank u Airtel for resolve this issue.......
Support: Hello @351181 thank you for this tweet.^POmere
Customer: Hello @117128 .....
You cheats with ur customers.....
You promised for refund of 450+tax in may 2017 but till date I got only 299 refund....
Last month ur CC told for next bill bt at that time u again lie......
Support: Hello @ Airtel_Presence, kindly assist with the stated issue. Thank you.
Customer: Hi! I understand your query Deepak. Please allow me to look into this and will be back with an update. Thank you, Iffat
Customer: No one response......Sach a irresponsible Customer Care.....
@117128
Customer: How much time u required.....
7 months have been passed.....
I think u required 7 years to resolve this problem.....
Hello @116327 I wants to port in you my porting id is AD959784 please help....
Support: @117128 Hello @117128, please assist on the issue herein. Thank you.
Customer: We will be glad to have you as a member of Jio family. You can port in your existing mobile number to Jio.(1/3)
Customer: Request you to DM us the applicant’s name, contact number, e-mail address, state and the area PIIN code to assist you(2/3)
Customer: further - Yasmeen(3/3)
Customer: Hello @120602 I have 200 CUG connections in my company, I wants to port them all to Jio from @116329 
@117128 @airtel_care
Support: @117128 Hello @351181, please be informed that this handle is for Airtel_Nigeria. Kindly tweet @117128 for prompt assistance. Thank you.",
f22177c90e50cc50683d4d8db9bb2e6b,Tesco,"Customer: when are you bringing back the 5% fat British beef burgers? 😩 seems a daft time to stop them before summer?
Support: Can you follow my link &amp; advise which ones your used to buy &amp; I will look into it for you https://t.co/owurr2lVVu - Mike 2/2
Customer: I think it's the half fat tesco burgers. It said British beef burgers reduced fat on the label
Support: Are these them? https://t.co/8hiFgCn031 What store do you use? - Allyn
Customer: Meal for me with my weight training
Support: If East Didsbury Superstore isn't too far, I can see that our system currently shows 22 there. TY - Paige 3/3
Customer: Ah it's only up the road so that's great ☺️ why are they no longer in the Stockport store if being provided in others?
Support: Hi there Shane, sometimes products arepopular in one store but not the other. This could be the reason for it :) TY - Jess
Customer: Ah ok then ☺️ at least I know I can still get them 🙌🏻 thanks a mill 👍🏻
Support: You're welcome Shane, if you have any other questions please don't hesitate to get in touch. Thanks, Kai
Customer: They’ve disappeared again. Are these gone completely now?
Support: Can you DM us your full name and address so I can do so? Kind regards - Rhys 2/2
Support: Hi Shane, it looks like they're no longer sold in this store :( I'd like to make a log of your interest in this product. 1/2",
36db1835ffbdd329d16042e4c2226bc3,AskSeagate,"Customer: My backup plus slim show perfect working status but can't read. What solutions do you have? My 1st purchase and is this bad. 🙄
Customer: My laptop is Windows 8.1
Ran the disk check, everything is working fine as stated. However, laptop isn't reading. It's a sudden issue.
Support: speak with you by phone if your drive is under warranty. Choose phone option after creating case https://t.co/pQLcGk4UCn
Customer: Thanks -I returned it so issue resolved now",
110f6f3f92c03461388859ecb4db8fa1,AskPapaJohns,"Customer: Says it's been delivered but it's not even close too being here 🤣 https://t.co/142VvSs5YX
Support: We're sorry that your order wasn’t delivered in the quoted time. Please let us know more at https://t.co/lDnjS9aQbs Thanks!
Customer: company of anti American scumbags. I will not tolerate you disrespecting America. I cannot support business with you #BoycottNFLSponsors",
21d58309d158bcb0e3e70a3827221e7c,GloCare,"Customer: @117626 @117627 @GloCare Pls attention of GLO &amp; ncc was called on illegal deduction of my account till now no soln
Customer: @117626 @117627 @GloCare I believed GLO is not bigger than regulator. Very unfortunate loaded #500 again after insertion frm welcome back I met #424.09k no call/mesg
Support: @117625 @117626 @117627 Kindly provide your mobile number for checks and assistance.  TT
Customer: @117625 @117626 @117627 08054117690
Customer: @117625 @117626 @117627 Recall this is the 13th times given out this number to you people especially TT
Support: @117625 @117626 @117627 Record shows the VAS has been deactivated since yesterday.  Stay Unlimited!  TT
Customer: @117625 @117626 @117627 @48760 @117628 @53205 Glo couldn't give me a reply from first complaint from Jan 11 till May 2017. Glo is really fraudulent
Customer: @GloCare @117625 @117626 @117627 @48760 @53205 CPC expects more from businesses like @GloCare. Even now, this consumer deserves an apology &amp; explanation. Consumer is king for real
Customer: @117625 @117626 @117627 @48760 @117628 @53205 @7476 @18490 @7475 @90626 @103803 @23957 @117629 @117630 @24819 Now @117627 is giving the same excuse gave on Nov 1, 2017 for system upgrading. Do we really have a regulating authorities monitoring Glo network? Pls glo return my money
Customer: @GloCare @117625 @117626 @117627 @48760 @53205 @7476  Hw @117627 is now robbing Peter 2pay Paul wht an unfortunate company is GLO network? I reported illegal deduction still ongoing.
Customer: @117625 @117626 @117627 @48760 @117628 @53205 @7476 @18490 @7475 @90626 @103803 @23957 @117629 @117630 @24819 If govt of the day wants people to have confidence in them the security of citizen must be guaranteed from all the network providers. GLO started deducting my money illegitimately since last year December till now still continues. Reported this case to NCC but nothing was done.
Support: Hello Sumbo, no negative deduction noticed on the line. Please confirm the date and amount? SO
Customer: @GloCare @117625 @117626 @117627 @48760 @53205 @7476 I've been on this issue for almost a year &amp; very sad d regulatory authorities allowed this illegitimate deduction continues wt no checkmate
Customer: @GloCare @117625 @117626 @117627 @48760 @53205 @7476 After initial illegitimate deduction of #500, which I reported alas no solution, I loaded 1k,  glo deducted #50, complaint no response.
Customer: @GloCare @117625 @117626 @117627 @48760 @53205 @7476 Thereafter I loaded #200 again with total balance stood at #1150. On early hour on Monday 29/10/2017 i inserted d sim to load #200.
Customer: @GloCare @117625 @117626 @117627 @48760 @53205 @7476 On checking my acct bal I met #1107 again before loaded #200. Meanwhile, this line has not been active neither inserted into any handset.
Support: @117628 @117625 @117626 @117627 @48760 @53205 @7476 Thank you for the info. We'll check and revert back to you. SO
Customer: @GloCare @117625 @117626 @117627 @48760 @53205 @7476 I'm calling d FedGovt of Nig under d leadership of President M. Buhari 2call all authorities incharge 2rescue Nigerians frm glo exploitation
Customer: @117628 @117625 @117626 @117627 @48760 @53205 @7476 This is over 10 times u people have been asking 4my number with conflicting responses frm SO &amp; d likes. 08054117690. U must refund my money.
Customer: @117628 @117625 @117626 @117627 @48760 @53205 @7476 You people I mean @117627 shld just embark on wasting time of checking to buy time with already calculated results of nothing at last.
Customer: @GloCare @117625 @117626 @117627 @48760 @53205 @7476 It won't be fair if president M. Buhari is fighting against corruption but allows glo to be exploiting Nigeria masses to enrich herself.
Support: @117628 @117625 @117626 @117627 @48760 @53205 @7476 We sincerely apologize.We are unable to assist to access the line that we are currently carrying out an upgrade. Please check back later. SO
Customer: @117628 @117625 @117626 @117627 @48760 @53205 @7476 Hope authorities can see the mode of operation of GLO network. I am not surprised at all but I believed the regulating authorities is noting
Customer: @117628 @117625 @117626 @117627 @48760 @53205 @7476 I've been on dis issue wt @117627 4almost a yr bt disregarded @117625 &amp; @117628 instruction wt lies unfounded.U must return my money
Customer: @117628 @117625 @117626 @117627 @48760 @53205 @7476 Up till this moment you are still escalating. You @117627 is robbing Peter to pay Paul. What an exploitative network. Over two to three weeks now no feedback nor response from you people. Ole of highest order barawo kwai
Support: We apologize for any inconvenience you may have experienced.The complaint has been escalated. Thank you. UO.
Customer: @117628 @117625 @117626 @117627 @48760 @53205 @7476 Some of the network providers behave like an emperor &amp; cheat on the average Nigerians knowing to enrich themselves at the expense of masses
Customer: @117628 @117625 @117626 @117627 @48760 @53205 @7476 Telling me 2check back when? This is a great disappointment 4us in Nig wt such a feedback 2customer. Rather 2update telling me 2 check back
Customer: Ok oooooooo
Customer: You @117627 is robbing Peter to pay Paul. What an exploitative network. Over two to three weeks now no feedback nor response from you people. Ole of highest order barawo kwai
Support: @117627 Due to system upgrade,  we apologize we are not be able to run a check at this time. Kindly exercise some patience. UO",
